Ticker,Day,Open,High,Low,Close,Adj Close,Volume
M01,0,53945.6535,54036.5299,53570.317,53763.6493,53763.6493,588611
M01,1,54355.0295,54463.6562,54079.6903,54150.4709,54150.4709,623852
M01,2,53876.3923,54100.7594,53732.5583,54058.5606,54058.5606,787721
M01,3,54483.0667,54647.7927,54409.881,54610.2958,54610.2958,738885
M01,4,55145.0663,55350.7208,55128.664,55311.1487,55311.1487,622202
M01,5,55060.5087,55133.1847,54845.8549,55018.6144,55018.6144,719190
M01,6,55106.6544,55124.5035,54799.6189,55003.9657,55003.9657,639757
M01,7,55039.8036,55182.3559,54911.9962,55113.0226,55113.0226,579416
M01,8,55084.5346,55125.0161,54643.911,55077.8322,55077.8322,617138
M01,9,55517.8997,55850.1752,55493.5544,55637.2893,55637.2893,683633
M01,10,55531.2329,55535.617,55151.1839,55216.2052,55216.2052,765169
M01,11,55298.2949,55817.8238,55113.8362,55743.1614,55743.1614,989976
M01,12,56123.2166,56195.992,55653.5188,55832.1052,55832.1052,1145278
M01,13,56144.6234,56547.2013,55961.6095,56484.212,56484.212,805832
M01,14,56156.8451,56631.0421,56147.5582,56585.1215,56585.1215,863871
M01,15,56468.3621,56958.726,56453.7252,56911.4857,56911.4857,1020653
M01,16,56983.8174,57193.594,56864.3903,57069.5318,57069.5318,1105514
M01,17,57552.9161,57552.9161,57104.762,57418.3174,57418.3174,1350059
M01,18,57137.6594,57613.1479,57120.1281,57400.9349,57400.9349,945492
M01,19,57491.2457,57492.5381,57041.7459,57123.1684,57123.1684,894041
M01,20,56926.8666,57131.9713,56722.7962,56972.849,56972.849,997081
M01,21,56703.6958,57077.4564,55852.7206,56561.7412,56561.7412,1219052
M01,22,56359.4543,56445.7592,55318.124,55444.3611,55444.3611,1076858
M01,23,55173.4435,55685.6731,55082.3922,55497.3259,55497.3259,867516
M01,24,53173.6103,54717.9208,53076.2485,54222.6032,54222.6032,953891
M01,25,54799.4849,54834.6144,53968.7523,54125.2888,54125.2888,887808
M01,26,54193.639,54808.298,53992.959,54494.2691,54494.2691,946272
M01,27,53637.084,53965.0917,53542.8539,53835.0734,53835.0734,729893
M01,28,54112.9263,54304.8224,53944.1813,54223.7935,54223.7935,838046
M01,29,54497.4476,54522.1579,53832.8184,54060.6258,54060.6258,873542
M01,30,54728.6249,55145.1399,54589.1763,54768.0935,54768.0935,778481
M01,31,54478.7024,54564.5638,53645.0316,53738.8611,53738.8611,724513
M01,32,53947.9384,53950.2489,52990.5044,53379.5998,53379.5998,695770
M01,33,53316.1218,53512.8933,53093.6953,53159.1155,53159.1155,767765
M01,34,53646.6764,53647.189,53253.5605,53499.7742,53499.7742,867485
M01,35,53759.7647,53984.0601,53688.6384,53906.9609,53906.9609,1200670
M01,36,53366.3309,53832.9229,53307.6263,53791.6484,53791.6484,787794
M01,37,54514.8343,54858.7082,54481.9509,54805.1047,54805.1047,642957
M01,38,54386.0834,54470.3646,53986.7122,54074.0654,54074.0654,714342
M01,39,53773.2972,54011.9423,53632.8247,53793.2882,53793.2882,1125149
M01,40,54190.8645,54426.3984,54021.2597,54079.1698,54079.1698,667791
M01,41,53895.234,53897.3033,53355.68,53536.3036,53536.3036,715416
M01,42,53963.3751,54071.3464,52903.84,53076.5436,53076.5436,877579
M01,43,52782.9332,52836.5748,52311.4777,52376.7301,52376.7301,885220
M01,44,52738.166,53017.4381,52377.5894,52874.4496,52874.4496,920830
M01,45,52802.6741,52933.2523,52497.3137,52574.1646,52574.1646,715610
M01,46,53154.2585,53835.615,53122.5287,53772.4073,53772.4073,838173
M01,47,53424.9311,53883.0995,53365.0225,53616.9905,53616.9905,961721
M01,48,53339.4733,53479.5821,53048.2195,53431.0865,53431.0865,583090
M01,49,53823.2479,53898.5082,53516.7712,53588.93,53588.93,631573
M01,50,53149.5319,53155.4371,52302.335,52378.8877,52378.8877,1189537
M01,51,52556.8188,52604.1528,51836.2784,51933.775,51933.775,748430
M01,52,52217.8271,52758.6299,52205.0983,52596.0223,52596.0223,788177
M01,53,52535.378,52769.3665,52282.5548,52397.6142,52397.6142,807974
M01,54,52468.852,52677.074,52148.3902,52196.6383,52196.6383,899191
M01,55,51572.2017,51876.9147,51484.7749,51723.5225,51723.5225,1086951
M01,56,51749.9794,52549.6058,51591.4494,52483.0369,52483.0369,1000732
M01,57,52648.6905,52751.5301,52398.8335,52628.7968,52628.7968,876879
M01,58,52378.7457,52454.9107,52137.6039,52224.3534,52224.3534,1323142
M01,59,52185.888,52537.7602,52063.0249,52495.0939,52495.0939,836300
M01,60,52459.4592,52812.2153,52378.0946,52758.9177,52758.9177,789923
M01,61,52974.882,53001.9505,52132.9234,52221.0924,52221.0924,866626
M01,62,52680.4887,53212.7793,52675.3383,53178.5323,53178.5323,931424
M01,63,53294.3126,53437.3232,53129.6172,53340.0014,53340.0014,745633
M01,64,53220.4492,53550.0609,53193.6672,53455.552,53455.552,829733
M01,65,53566.8145,53628.2846,53405.2823,53512.026,53512.026,947541
M01,66,53684.4367,53684.4367,53310.9431,53627.8084,53627.8084,929311
M01,67,53654.2376,53959.5992,53574.8673,53901.6192,53901.6192,956565
M01,68,54295.7218,54422.9889,54068.873,54219.6727,54219.6727,809968
M01,69,54063.7784,54801.3008,54053.6388,54739.9451,54739.9451,743365
M01,70,54396.9226,54413.1552,54079.2715,54352.6128,54352.6128,710299
M01,71,54625.0103,54704.0121,54267.6895,54352.8885,54352.8885,818478
M01,72,54518.4097,54562.5348,54428.3502,54526.9222,54526.9222,978367
M01,73,54738.7426,54852.7779,54568.2111,54757.9223,54757.9223,855884
M01,74,54892.0051,55128.0446,54488.5875,54850.0328,54850.0328,742970
M01,75,54437.3015,54739.3861,54390.4729,54623.8523,54623.8523,757197
M01,76,54967.0593,54968.0911,54573.6743,54750.2937,54750.2937,753537
M01,77,54335.4974,54550.5522,54197.691,54496.1445,54496.1445,1308780
M01,78,54669.0694,55018.8429,54648.0233,54877.7005,54877.7005,1
M01,79,55059.1534,55333.0155,55053.237,55231.9545,55231.9545,707476
M01,80,55460.336,55464.4543,54976.6466,55121.9337,55121.9337,921884
M01,81,55001.7329,55004.0377,54628.731,54793.9401,54793.9401,719559
M01,82,54990.0128,54990.0128,54482.016,54567.583,54567.583,728511
M01,83,55006.7621,55381.1106,54916.4022,55328.6998,55328.6998,609049
M01,84,55476.83,55480.179,55123.5861,55270.0375,55270.0375,992591
M01,85,55406.2967,55784.0213,55388.1619,55656.8194,55656.8194,830113
M01,86,55222.0578,55252.2793,54839.6383,54898.8057,54898.8057,729936
M01,87,55346.3785,55707.5569,55256.2123,55678.9623,55678.9623,753967
M01,88,55430.3822,55531.3457,55223.32,55386.5573,55386.5573,711390
M01,89,55489.2448,56087.6281,55329.1333,55434.0768,55434.0768,946025
M01,90,55341.7149,55539.8795,55072.7772,55285.8654,55285.8654,830887
M01,91,55869.3373,55877.8943,55293.308,55387.6724,55387.6724,798395
M01,92,54700.1511,54716.0436,54276.0037,54313.4249,54313.4249,899400
M01,93,54859.3914,54885.2277,54286.3387,54342.664,54342.664,1
M01,94,54095.6479,54302.1335,53952.1581,54189.5063,54189.5063,948883
M01,95,54243.5271,54307.7165,53710.9453,53775.6482,53775.6482,1148709
M01,96,53873.6841,54235.5969,53641.765,54125.9391,54125.9391,1189667
M01,97,54407.7223,54898.4381,54360.9762,54780.1528,54780.1528,913624
M01,98,54897.3245,55214.1295,54857.1127,55105.0942,55105.0942,862790
M01,99,54730.4897,54873.0817,54355.1845,54443.2508,54443.2508,853780
M01,100,54382.0608,54740.3594,54276.4232,54563.7779,54563.7779,931305
M01,101,54852.8456,55334.5395,54597.3518,55192.3994,55192.3994,1994222
M01,102,55245.3736,55380.6764,54952.3858,55028.0129,55028.0129,889441
M01,103,55270.3551,55292.6852,54512.6016,54564.7117,54564.7117,786744
M01,104,55005.6145,55018.2923,54592.7125,54811.3234,54811.3234,630730
M01,105,54783.2293,55273.5316,54700.8218,55202.754,55202.754,658966
M01,106,55330.5576,55822.8409,55330.5576,55566.6359,55566.6359,805096
M01,107,55267.7386,55489.346,55126.9461,55428.6041,55428.6041,776066
M01,108,55413.6214,55766.708,55388.9526,55439.836,55439.836,780833
M01,109,55451.2808,55658.397,55314.1413,55588.16,55588.16,797448
M01,110,55938.6101,55968.1529,55708.1784,55780.3646,55780.3646,839434
M01,111,55725.023,55729.1373,55419.7204,55597.1903,55597.1903,690838
M01,112,55551.0109,55681.2951,55277.3327,55597.5223,55597.5223,1246867
M01,113,56161.1152,56161.1152,55938.9091,56003.7291,56003.7291,789076
M01,114,55582.8145,55582.8145,55128.1867,55175.8389,55175.8389,874770
M01,115,55649.8444,55894.2732,55594.8896,55843.7279,55843.7279,725717
M01,116,55719.8652,55725.7907,55294.3033,55372.6586,55372.6586,820816
M01,117,55193.1204,55677.6075,55027.4285,55599.7689,55599.7689,849236
M01,118,55684.0183,55725.9472,55324.6358,55373.001,55373.001,938445
M01,119,55384.5463,55707.025,55332.2154,55520.9116,55520.9116,813419
M01,120,55379.4033,55379.4033,54695.9879,54793.5456,54793.5456,907087
M01,121,55162.4733,55231.8113,54629.0022,54791.473,54791.473,1305657
M01,122,54713.9727,55282.1038,54711.395,55236.9937,55236.9937,897568
M01,123,55154.6406,55174.1732,54498.3813,54768.952,54768.952,1174012
M01,124,55060.5437,55291.241,54862.6218,55222.0868,55222.0868,761937
M01,125,54995.4954,55314.4867,54804.3071,55277.2755,55277.2755,651660
M01,126,55400.7956,55400.7956,55093.6436,55214.3475,55214.3475,898523
M01,127,55189.7662,55560.6339,55143.019,55336.1629,55336.1629,1
M01,128,55768.758,55882.2158,55608.4778,55843.8857,55843.8857,722453
M01,129,55969.3334,56247.3148,55835.3509,56197.7745,56197.7745,751257
M01,130,56383.2441,56487.4535,56211.3607,56341.5573,56341.5573,776346
M01,131,56466.0647,56832.0908,56428.6164,56549.4278,56549.4278,938241
M01,132,56936.1871,57010.5917,56641.898,56740.5107,56740.5107,1
M01,133,56530.1193,56532.9399,56054.5428,56108.9216,56108.9216,761463
M01,134,56137.2347,56541.8544,56065.1325,56488.2289,56488.2289,738676
M01,135,57084.6911,57167.2714,56548.433,56673.0797,56673.0797,873934
M01,136,56651.7762,56687.8289,56321.8943,56433.3974,56433.3974,840819
M01,137,56327.3074,56670.2497,56238.426,56567.2396,56567.2396,729953
M01,138,56640.2255,57018.2645,56594.484,56973.8029,56973.8029,788885
M01,139,57046.9912,57223.6443,56962.2604,57176.9109,57176.9109,770420
M01,140,56973.3851,57018.1016,56793.7507,56889.5717,56889.5717,744602
M01,141,57351.8562,57624.3698,57314.5076,57528.8097,57528.8097,1317026
M01,142,57473.3727,57732.53,57358.2495,57706.6872,57706.6872,1219662
M01,143,58165.2341,58327.1627,57983.9921,58283.1407,58283.1407,1080940
M01,144,58254.5807,58537.5872,58031.5765,58488.66,58488.66,963007
M01,145,58473.6928,58631.976,58235.6245,58403.6898,58403.6898,973451
M01,146,57997.0548,57997.0548,57516.0871,57566.0012,57566.0012,811325
M01,147,58030.2435,58390.8212,58013.5501,58353.838,58353.838,912598
M01,148,58209.8007,58343.3103,58052.0403,58136.2802,58136.2802,720366
M01,149,58624.2313,58653.9963,58298.6015,58451.2801,58451.2801,824219
M01,150,59107.0182,59352.7697,58935.0695,59301.2362,59301.2362,715999
M01,151,59067.5385,59077.5612,58866.332,58951.6477,58951.6477,1178325
M01,152,58954.2445,58973.7666,58670.1336,58720.7375,58720.7375,1
M01,153,58128.4505,58316.0847,57978.6517,58057.6427,58057.6427,916269
M01,154,58327.332,58689.9016,58271.4712,58600.9857,58600.9857,888046
M01,155,58660.6204,58931.861,58501.5775,58598.3393,58598.3393,1129143
M01,156,58525.9257,58778.2016,58498.5459,58697.8609,58697.8609,890117
M01,157,58941.1486,59265.0105,58928.5979,59195.5761,59195.5761,1011168
M01,158,59071.7988,59100.1188,58885.031,59044.7546,59044.7546,816554
M01,159,59780.9802,59780.9802,59400.2981,59585.751,59585.751,1003726
M01,160,59555.1405,59750.7982,59376.9909,59506.226,59506.226,787997
M01,161,59773.3241,60263.1183,59720.5338,60216.7659,60216.7659,748029
M01,162,60291.6457,60436.8252,60181.411,60325.3057,60325.3057,932722
M01,163,60205.0935,60247.3833,59866.2592,59933.158,59933.158,1089790
M01,164,59874.945,59895.6793,59593.1003,59783.0434,59783.0434,1197883
M01,165,59889.8315,60155.5373,59706.4563,59913.6852,59913.6852,1405346
M01,166,60478.8301,60478.8301,59529.8469,59606.7807,59606.7807,951745
M01,167,59629.9846,59649.5197,59106.1076,59226.6667,59226.6667,946467
M01,168,59135.1911,59277.9636,58513.7884,58940.5564,58940.5564,923043
M01,169,59300.928,59548.6537,58898.6892,59418.0965,59418.0965,910010
M01,170,59187.1187,59416.273,58808.9519,59345.0923,59345.0923,1161410
M01,171,59460.7759,59474.9084,58726.1392,58781.6406,58781.6406,1046028
M01,172,58879.7663,58892.8526,57839.0854,57908.3446,57908.3446,1
M01,173,58381.5514,58590.8294,57918.7277,58534.973,58534.973,1029460
M01,174,58828.6925,59238.671,58762.1182,59197.2886,59197.2886,1049446
M01,175,58935.1248,58935.1248,58431.1036,58486.8756,58486.8756,710956
M01,176,58610.3444,58764.3193,58030.5023,58081.7418,58081.7418,917994
M01,177,58228.4681,58256.2256,57633.4162,57753.9648,57753.9648,937317
M01,178,57636.9954,58023.0727,55566.7537,56981.43,56981.43,2677751
M01,179,57104.9315,57134.3423,55975.5548,56097.2937,56097.2937,1
M01,180,56200.0382,56766.9051,55753.8141,56699.5395,56699.5395,1550410
M01,181,57534.1169,57534.1169,56746.9012,57060.497,57060.497,1267299
M01,182,56993.2298,57042.8704,56342.7844,56467.2675,56467.2675,1526842
M01,183,56229.4932,56362.3015,55423.4501,55832.8591,55832.8591,1711372
M01,184,56153.5914,56691.707,55591.8418,56551.2032,56551.2032,1472254
M01,185,56142.5664,56175.025,55432.2656,55506.3883,55506.3883,1373261
M01,186,54894.1043,54894.1043,53835.2377,54100.6559,54100.6559,1759613
M01,187,53866.6257,54002.6526,52574.5397,52854.0133,52854.0133,2240181
M01,188,52937.0944,53389.9501,52363.3181,53131.6876,53131.6876,1773375
M01,189,53531.8048,53569.4141,52960.1789,53071.9804,53071.9804,1611212
M01,190,53111.1084,53884.757,53041.1993,53770.3804,53770.3804,1
M01,191,51628.2844,52471.768,51469.8927,51957.5067,51957.5067,1837624
M01,192,52834.8061,53657.6392,52786.7382,53555.6153,53555.6153,1351216
M01,193,53812.2128,53822.9485,53229.0547,53752.3875,53752.3875,1041931
M01,194,54036.1592,54316.5798,53908.8785,54213.3728,54213.3728,972989
M01,195,54578.7948,54688.3241,53290.7522,53375.5133,53375.5133,1058614
M01,196,53033.8863,53241.101,52571.7468,52848.4655,52848.4655,1339382
M01,197,53733.1288,53747.0719,52794.1042,52903.8338,52903.8338,1194049
M01,198,52014.5342,52370.6017,51757.0898,51984.8202,51984.8202,1128459
M01,199,52454.6292,52518.4231,51681.7018,52182.0998,52182.0998,1261169
M01,200,52175.9582,52338.3788,51888.9532,52123.7083,52123.7083,1
M01,201,51795.4834,51828.7436,51192.7086,51322.9358,51322.9358,1406123
M01,202,51807.4003,52821.1261,51510.5311,52695.4376,52695.4376,1356819
M01,203,52407.3446,52641.2426,52079.5196,52197.4982,52197.4982,981263
M01,204,51988.8461,52938.2837,51456.9671,52890.4152,52890.4152,1442836
M01,205,53627.8092,53628.8374,53115.2447,53313.2337,53313.2337,1294262
M01,206,53804.8213,54548.7197,53781.1667,54271.2682,54271.2682,1670205
M01,207,54245.6519,54245.9078,53825.6607,54067.1235,54067.1235,1101429
M01,208,54111.5547,54358.9848,53801.0502,53998.7369,53998.7369,1
M01,209,54180.3988,54190.6076,54016.2903,54098.4741,54098.4741,115672
M01,210,54439.932,54464.8043,54081.6872,54288.6344,54288.6344,1110257
M01,211,54452.4899,54646.0144,53714.5852,53807.7557,53807.7557,991367
M01,212,53811.4681,54554.6502,53753.0298,54483.8585,54483.8585,953151
M01,213,54770.8601,54856.8628,54244.5183,54469.0609,54469.0609,1430267
M01,214,54475.1994,54814.4937,54356.2689,54661.0666,54661.0666,1
M01,215,54371.5346,54632.8203,54305.8964,54566.6683,54566.6683,1296561
M01,216,55498.3576,55723.0672,55278.8197,55664.6284,55664.6284,1050098
M01,217,55176.2087,55180.0617,54666.3215,54745.1837,54745.1837,1132309
M01,218,54833.0458,54834.8423,54274.9979,54468.7217,54468.7217,1143040
M01,219,54856.6577,55030.3336,54336.3971,54412.6396,54412.6396,843977
M01,220,54252.4223,54609.2009,53849.1864,54561.9716,54561.9716,1
M01,221,54384.1745,54761.5358,54255.6539,54712.6337,54712.6337,1
M01,222,55133.9346,55386.4672,55088.111,55237.4173,55237.4173,1602710
M01,223,55854.4124,56238.6172,55718.2447,56112.7895,56112.7895,2798324
M01,224,56061.8034,56218.0184,55768.4236,55982.7988,55982.7988,1606152
M01,225,56405.3119,56459.4946,55964.8802,56163.0364,56163.0364,1732571
M01,226,56265.9947,56337.6422,56039.681,56226.6828,56226.6828,1342260
M01,227,55174.9903,55178.0478,54805.3027,54983.5186,54983.5186,1174772
M01,228,54999.6206,55022.7121,54333.0436,54399.2413,54399.2413,1269774
M01,229,54555.8769,54862.1029,54322.9392,54806.4973,54806.4973,1204460
M01,230,54020.5076,54278.3032,53847.014,53916.4114,53916.4114,1427763
M01,231,53269.6735,54387.0476,53186.2943,54294.4051,54294.4051,1618045
M01,232,54471.8739,55300.9625,54316.5476,55225.8684,55225.8684,1291677
M01,233,55765.4739,55909.1316,55449.5259,55666.4329,55666.4329,1496720
M01,234,55613.5335,55774.6836,55446.4511,55721.5695,55721.5695,1315256
M01,235,56006.9668,56250.2772,55963.8744,56188.3522,56188.3522,1143287
M01,236,55936.4458,56268.9436,55772.5126,56234.4041,56234.4041,1060002
M01,237,56206.6996,56487.4649,56193.5881,56395.6742,56395.6742,1254692
M01,238,55973.1841,56370.9264,55946.7001,56315.1362,56315.1362,1280049
M01,239,56554.3704,56654.6218,55491.9352,55571.2542,55571.2542,1407884
M01,240,55269.929,55277.1033,54595.0032,54668.058,54668.058,888907
M01,241,54388.6302,54961.6417,53872.6357,54871.3794,54871.3794,1002491
M01,242,55932.6501,56016.9263,55656.2923,55735.6556,55735.6556,1761760
M01,243,55550.5103,55923.4639,55531.0036,55750.4654,55750.4654,927613
M01,244,56179.6433,56232.9217,55870.7716,55918.9021,55918.9021,703979
M01,245,55828.5911,55964.7102,55141.3192,55436.4161,55436.4161,1148275
M01,246,55542.1501,55630.8895,54844.839,54901.4265,54901.4265,1090275
M01,247,54678.7018,54890.0108,54315.6158,54819.9986,54819.9986,1081715
M01,248,55746.1194,55906.5785,55463.9064,55575.6035,55575.6035,995571
M01,249,55336.1718,55501.3669,55064.2685,55417.7448,55417.7448,1046857
M01,250,56359.19,56400.6977,55772.8934,56321.5736,56321.5736,1186439
M01,251,55473.6593,55473.6593,55179.6732,55280.8181,55280.8181,977034
M01,252,55869.7363,55949.1489,55378.063,55664.5074,55664.5074,1030752
M01,253,55548.9582,55554.0983,54959.6448,55192.2339,55192.2339,1172747
M01,254,55450.9957,56065.3163,55450.9957,56013.092,56013.092,1174997
M01,255,56306.3056,56453.5332,56188.7817,56258.0015,56258.0015,1045570
M01,256,56052.0941,56102.3973,55660.9958,55971.7723,55971.7723,990907
M01,257,56670.4285,56739.7454,56345.1497,56629.4143,56629.4143,1184907
M01,258,56238.4614,56589.2032,56065.4117,56457.3513,56457.3513,1152018
M01,259,56418.0458,56418.0458,55976.7435,56278.6737,56278.6737,1268573
M01,260,56596.6288,56667.8208,55979.9784,56081.1995,56081.1995,1102165
M01,261,55807.5987,55923.6486,55573.9561,55837.1904,55837.1904,1409373
M01,262,56060.9048,56432.3308,55527.6439,55652.0525,55652.0525,1645884
M01,263,55286.3457,55347.818,54459.0318,54615.784,54615.784,1489261
M01,264,54797.2716,54985.7777,54436.9706,54789.5563,54789.5563,1233030
M01,265,55237.6119,55278.6453,54776.1889,54977.2228,54977.2228,1490287
M01,266,55018.8654,55777.9734,54957.1074,55741.4353,55741.4353,2356688
M01,267,55543.1378,56219.3008,55349.1479,55759.6563,55759.6563,1670526
M01,268,55907.4836,56170.4013,55585.716,56089.9569,56089.9569,1339926
M01,269,56252.193,56499.9695,56139.0033,56384.7151,56384.7151,1048599
M01,270,56346.2572,56898.6664,56333.9273,56846.5117,56846.5117,1189019
M01,271,56986.296,57231.5763,56848.0798,56980.892,56980.892,1018753
M01,272,56918.4863,57009.8791,56412.2182,56505.9304,56505.9304,1397832
M01,273,56480.0885,56480.0885,56098.759,56262.5543,56262.5543,1102619
M01,274,56114.1037,56275.0246,55825.7869,55864.9884,55864.9884,1043156
M01,275,55394.3772,55428.276,55048.4886,55188.6927,55188.6927,2490154
M01,276,55335.7411,55363.9729,54515.2224,55049.0613,55049.0613,1914003
M01,277,55294.6997,55404.1187,54727.0082,54791.6288,54791.6288,1318678
M01,278,54794.815,55238.6125,54531.8326,54628.1614,54628.1614,1050064
M01,279,55051.0758,55553.5151,55004.3202,55464.3935,55464.3935,1078209
M01,280,55317.8658,55651.2424,55201.5078,55553.4176,55553.4176,1139778
M01,281,55534.8694,55631.9518,55409.7165,55580.9662,55580.9662,1451972
M01,282,55788.582,56169.5928,55658.5672,56133.4779,56133.4779,1567019
M01,283,55774.1238,56361.3543,55536.0228,56084.6903,56084.6903,1609667
M01,284,56253.506,56555.9387,55581.4335,55868.0993,55868.0993,1362103
M01,285,56101.2238,56101.2238,55683.7802,55723.2803,55723.2803,2556229
M01,286,55832.9556,56014.4713,55732.2811,55940.3182,55940.3182,1161670
M01,287,56137.9814,56809.9455,55890.7456,56771.4508,56771.4508,1311617
M01,288,56894.514,57087.7784,56760.3391,57039.7861,57039.7861,1390535
M01,289,57085.2053,57142.4021,56823.1698,56983.4326,56983.4326,1211278
M01,290,56504.7287,56556.6856,56351.6821,56487.0731,56487.0731,1172788
M01,291,56700.7878,57275.2895,56655.1946,57209.461,57209.461,1267122
M01,292,57620.7984,58077.6604,57598.4834,57979.1566,57979.1566,1458563
M01,293,58163.855,58297.8853,57909.1393,58243.4528,58243.4528,1392101
M01,294,58744.0658,58748.9697,58389.2532,58541.5,58541.5,1205774
M01,295,58292.773,58857.1623,58261.775,58548.9634,58548.9634,1877780
M01,296,59019.9854,59309.5893,58704.411,58960.0623,58960.0623,1284709
M01,297,59183.3655,59407.4834,58930.9431,59348.563,59348.563,1260549
M01,298,59328.1295,59342.2511,59070.0884,59162.2653,59162.2653,1316657
M01,299,59117.3846,59238.1849,58530.5187,58644.9256,58644.9256,1366710
M01,300,58628.9856,58628.9856,58196.5564,58415.9866,58415.9866,1111880
M01,301,58715.9559,59343.3658,58598.5261,59273.6822,59273.6822,979632
M01,302,59422.9894,59498.9979,58812.6009,58977.7575,58977.7575,1297187
M01,303,58665.0562,59303.9721,58607.7393,59209.2987,59209.2987,1920569
M01,304,60047.2022,60422.4556,59941.9338,60067.5361,60067.5361,1473822
M01,305,59853.4325,59944.4008,59568.7693,59861.867,59861.867,1388720
M01,306,60582.5753,60715.2506,60034.5872,60110.99,60110.99,1421694
M01,307,59909.6216,59921.6938,59390.6879,59590.0396,59590.0396,1155660
M01,308,60203.2877,60468.3945,60053.7914,60345.7978,60345.7978,1079117
M01,309,60307.4724,60338.1312,59507.536,59792.9903,59792.9903,992796
M01,310,59933.7924,60304.6381,59715.2115,60242.959,60242.959,1125958
M01,311,59750.5776,59920.901,59365.3022,59429.6851,59429.6851,1198501
M01,312,59817.9112,59890.9276,59601.1899,59839.3273,59839.3273,1074894
M01,313,59923.1405,60152.7637,59747.4411,60081.0417,60081.0417,771409
M01,314,59793.1111,59985.8082,59697.0178,59912.7773,59912.7773,1144175
M01,315,60292.3862,60676.3994,60268.4958,60554.1327,60554.1327,1323756
M01,316,60411.9967,60411.9967,59812.5192,59885.3826,59885.3826,1370953
M01,317,60249.0707,60249.0707,59513.88,59567.8249,59567.8249,1110915
M01,318,60243.605,60414.7966,59993.819,60051.663,60051.663,1113040
M01,319,59799.0896,60517.357,59682.3398,60441.591,60441.591,1312900
M01,320,59953.3949,60265.276,59384.2911,59473.6921,59473.6921,2368268
M01,321,59892.9741,60298.713,59780.1982,60256.4221,60256.4221,1276088
M01,322,60289.1265,60327.6131,59812.6655,60286.0496,60286.0496,1939471
M01,323,60224.4364,60551.8673,60090.8959,60220.3284,60220.3284,1378941
M01,324,60131.864,60379.6261,60012.6016,60078.775,60078.775,1118002
M01,325,59654.2334,59791.7294,59477.1581,59615.4271,59615.4271,1159011
M01,326,59988.6397,60017.2133,59128.571,59197.8204,59197.8204,1214783
M01,327,58771.2401,58773.2851,58096.6767,58160.677,58160.677,1378030
M01,328,57938.485,58118.6049,57593.8415,57833.0686,57833.0686,1528937
M01,329,57766.9384,57928.5316,57444.7642,57586.9616,57586.9616,1480098
M01,330,57766.6858,57979.616,57083.7669,57199.727,57199.727,1544686
M01,331,57228.7368,57963.1043,57006.2676,57590.0169,57590.0169,1645254
M01,332,57753.3923,57830.7589,57062.9667,57165.697,57165.697,1582888
M01,333,57299.4931,57818.1459,57109.8674,57692.8382,57692.8382,1424096
M01,334,58084.7449,58931.886,58074.1677,58833.891,58833.891,1616370
M01,335,59778.5632,60770.2628,59469.7139,60683.302,60683.302,1772641
M01,336,60595.5969,60697.2366,59671.872,59806.2027,59806.2027,1425003
M01,337,60285.686,60577.9125,60051.5444,60336.8334,60336.8334,1361654
M01,338,61285.8402,62006.0019,59808.9622,60028.0728,60028.0728,2102445
M01,339,60465.8885,61037.1954,60003.1794,60960.5045,60960.5045,1373165
M01,340,60598.3699,61117.9471,60378.0699,60952.3353,60952.3353,1424314
M01,341,61366.0884,61367.1157,60886.5395,61214.1935,61214.1935,2189911
M01,342,61197.8597,61332.0212,60843.1878,60968.093,60968.093,1238849
M01,343,60520.8782,61047.5216,60490.7873,60931.9946,60931.9946,1613094
M01,344,61157.9009,61358.9618,60289.701,60765.4645,60765.4645,1637248
M01,345,60849.3672,61609.3629,60678.0732,61535.5521,61535.5521,1117701
M01,346,62048.2767,62267.3274,61807.3415,61888.6855,61888.6855,1065340
M01,347,61826.2653,61826.2653,60750.1941,60819.5187,60819.5187,1590533
M01,348,60523.3422,60688.1007,60035.184,60551.1432,60551.1432,1139031
M01,349,60952.2224,61157.2677,60629.7097,60889.9153,60889.9153,1098158
M01,350,61352.2027,61559.9615,61067.4961,61381.6993,61381.6993,1179160
M01,351,61151.8319,61151.8319,60660.5675,60864.2829,60864.2829,956579
M01,352,60846.1906,61140.5813,60554.8675,61051.9308,61051.9308,1615245
M01,353,60695.9877,60704.906,60123.1803,60253.6404,60253.6404,1536359
M01,354,60771.6003,60771.8558,59815.951,59889.8394,59889.8394,1073319
M01,355,60083.8516,60341.8987,59899.1324,60158.2046,60158.2046,1388403
M01,356,60155.6062,60452.94,59544.2871,59884.1378,59884.1378,1682590
M01,357,59901.3392,60877.1919,59805.7297,60816.7953,60816.7953,1611826
M01,358,60478.3762,60480.1689,59851.9937,59949.1469,59949.1469,1735945
M01,359,60111.118,60255.6835,59826.0923,59977.0657,59977.0657,1026125
M01,360,59830.3051,60513.5844,59676.6445,60421.6432,60421.6432,1262081
M01,361,60437.0212,60969.5834,60382.5803,60844.7882,60844.7882,1314642
M01,362,60715.4952,60972.984,60511.7606,60616.6998,60616.6998,1887607
M01,363,60973.6428,61027.8753,60533.3468,60601.9721,60601.9721,1089304
M01,364,60419.1168,60647.4765,60372.6764,60550.2602,60550.2602,1131840
M01,365,60892.0802,61031.1215,60504.9228,60994.5033,60994.5033,1329659
M01,366,60946.23,61012.8849,60715.8682,60867.5689,60867.5689,1318489
M01,367,61172.6292,61380.0637,61146.2222,61264.6804,61264.6804,1253227
M01,368,61151.9873,61238.8745,60299.2168,60366.9377,60366.9377,1892705
M01,369,60141.0805,60148.7448,58878.5155,59058.8805,59058.8805,1740315
M01,370,58744.2159,59003.7661,58384.5678,58868.0088,58868.0088,1685915
M01,371,58886.8481,59180.6139,58578.0228,58696.7036,58696.7036,1226731
M01,372,59127.2752,59319.3115,58912.7346,59236.9753,59236.9753,1167967
M01,373,59518.2346,59715.2379,59197.3257,59268.6399,59268.6399,1402852
M01,374,59279.0476,59297.6784,58858.2405,59144.306,59144.306,1436316
M01,375,59114.1317,59488.2866,58998.4171,59450.3091,59450.3091,1931657
M01,376,59580.6406,59763.9165,59480.5821,59666.1514,59666.1514,1788084
M01,377,59767.1624,59775.1008,59290.0775,59364.3027,59364.3027,1794253
M01,378,59684.8656,59748.5103,58511.2308,58613.6327,58613.6327,1693816
M01,379,58449.0185,58476.2132,57979.0828,58209.6919,58209.6919,1811524
M01,380,58308.2525,58441.05,57952.1647,58097.0092,58097.0092,1735639
M01,381,57558.3428,57747.9586,57087.3491,57298.3168,57298.3168,1573345
M01,382,57958.5955,58323.0698,57696.5294,57762.2415,57762.2415,2043346
M01,383,57722.8118,58031.5034,57530.8701,57911.927,57911.927,2009217
M01,384,58102.4488,58120.1772,57305.485,57494.5771,57494.5771,1883280
M01,385,57431.5295,57706.8128,56709.1358,56774.4356,56774.4356,1835626
M01,386,56505.0341,57074.7419,56327.5955,56934.9405,56934.9405,2008163
M01,387,56444.3657,56528.8256,55529.8396,56035.0739,56035.0739,1843622
M01,388,56105.1781,56874.3604,55687.6109,56449.3444,56449.3444,2164075
M01,389,56016.6801,56016.6801,55434.7036,55845.9937,55845.9937,1925097
M01,390,54920.6587,55952.2525,54912.5309,55595.2697,55595.2697,1989106
M01,391,56319.9808,56410.1843,55691.9286,55792.6623,55792.6623,2098977
M01,392,55648.3407,56459.3834,55361.1435,56328.6788,56328.6788,1708294
M01,393,56587.0358,57064.4666,56458.9351,56698.0368,56698.0368,1853318
M01,394,56879.2404,56912.4302,55664.9984,55788.8221,55788.8221,2461719
M01,395,56190.1236,56572.6163,55844.6545,56323.6654,56323.6654,1980548
M01,396,56418.884,56546.6019,55809.1556,56440.0821,56440.0821,1843717
M01,397,57098.9329,57367.0664,56805.8411,56888.4458,56888.4458,1397634
M01,398,56623.3476,56686.8059,56221.0818,56383.3186,56383.3186,1796601
M01,399,56305.9639,56387.9831,55736.1664,55797.7444,55797.7444,2052333
M01,400,55782.343,55797.4337,54825.8082,54943.7116,54943.7116,2534508
M01,401,54610.9213,55442.6216,54292.1796,55273.1673,55273.1673,2509591
M01,402,56151.8954,56509.2159,54907.6544,56445.6629,56445.6629,2686779
M01,403,56921.1374,57101.5386,56628.7568,56914.9864,56914.9864,2554140
M01,404,56899.7035,57045.0144,56317.1935,56616.7749,56616.7749,1899776
M01,405,56695.86,56825.0174,56316.1221,56449.6601,56449.6601,2404478
M01,406,56110.5873,56390.4295,55533.5386,56291.6182,56291.6182,2362802
M01,407,55998.3475,56031.8098,55036.598,55165.3431,55165.3431,1769593
M01,408,55111.4202,55460.5124,54886.4331,55388.4993,55388.4993,1791673
M01,409,55232.3745,55533.1734,55003.7843,55166.0109,55166.0109,2061175
M01,410,55541.1293,55914.9314,55457.6956,55859.5648,55859.5648,1962463
M01,411,55950.0979,56421.5169,55710.1643,56289.53,56289.53,1590157
M01,412,56654.0204,56789.1239,56567.463,56691.0082,56691.0082,2736679
M01,413,56484.9944,56604.7763,56008.1714,56099.3459,56099.3459,1989726
M01,414,56398.7632,56900.0339,56188.0414,56856.145,56856.145,2553213
M01,415,56322.5992,56618.9467,56186.084,56366.912,56366.912,1642550
M01,416,56045.6311,56045.6311,55008.2888,55115.7916,55115.7916,1787619
M01,417,55469.4319,55532.4405,55122.7724,55305.4162,55305.4162,2091189
M01,418,55416.755,55416.755,54522.7953,54699.3377,54699.3377,2283482
M01,419,54980.2879,58229.4424,54694.8178,57678.4516,57678.4516,4886709
M01,420,59084.4122,59863.2298,58719.185,59378.7414,59378.7414,3327247
M01,421,59224.1346,59552.937,58960.9889,59211.3606,59211.3606,2528521
M01,422,58923.7162,58924.2287,58165.8246,58288.6188,58288.6188,2423901
M01,423,58657.2738,59378.3535,58639.3747,59175.5848,59175.5848,3067077
M01,424,59139.5472,59330.1738,58849.899,58914.6373,58914.6373,2485294
M01,425,58984.058,59071.8303,58468.9586,58898.336,58898.336,3102814
M01,426,59058.8796,59257.8717,57686.956,58261.3689,58261.3689,5165329
M01,427,58102.4064,58349.4998,57769.357,58060.0699,58060.0699,3784668
M01,428,58007.383,58067.7393,56835.3593,56918.8952,56918.8952,3334136
M01,429,57358.5715,57551.451,56930.5426,57000.9844,57000.9844,2917567
M01,430,57211.6377,58076.7639,56889.4916,58034.1881,58034.1881,2978490
M01,431,57876.6797,57942.607,57507.526,57640.9238,57640.9238,2127369
M01,432,57744.9431,58284.5542,57394.608,57987.817,57987.817,2791022
M01,433,58160.1762,58593.969,57924.9343,58187.1119,58187.1119,2100694
M01,434,58307.7648,58828.6975,58211.5333,58653.9422,58653.9422,2039018
M01,435,58512.534,58594.7,58237.7021,58507.6846,58507.6846,2152558
M01,436,59360.728,60048.229,59222.7647,59982.2226,59982.2226,3054848
M01,437,59344.8725,59879.887,59205.7415,59762.7859,59762.7859,3128880
M01,438,59540.2913,59832.4431,59113.805,59188.8831,59188.8831,3462252
M01,439,59566.4472,59851.0186,59351.7333,59607.0243,59607.0243,2528326
M01,440,59638.6435,59730.4373,58989.155,59234.3712,59234.3712,2385109
M01,441,59570.3185,59574.1547,58775.442,59251.9083,59251.9083,3034531
M01,442,59606.3107,60453.2634,59521.331,60337.8242,60337.8242,3283712
M01,443,61012.7256,61012.9813,60502.1417,60808.3857,60808.3857,2664609
M01,444,61373.46,61655.023,61190.9953,61306.3595,61306.3595,5692223
M01,445,60974.3828,61136.9945,60752.5244,60994.9015,60994.9015,3337492
M01,446,60924.2339,61231.9475,60803.9534,60987.5611,60987.5611,3212316
M01,447,60749.7918,60771.8633,60178.0438,60458.5919,60458.5919,2370334
M01,448,61081.404,61550.0994,60767.318,61361.1319,61361.1319,2346066
M01,449,61718.0579,61719.6022,61336.8477,61671.5949,61671.5949,2315066
M01,450,60987.2476,61226.3704,60486.6141,60585.3178,60585.3178,3086178
M01,451,60825.0789,61098.76,60695.7913,61000.4492,61000.4492,2226255
M01,452,61111.9168,61309.494,60675.1961,60763.721,60763.721,2872033
M01,453,60423.9337,60611.9524,60138.0891,60491.954,60491.954,2075335
M01,454,60869.2735,61224.3905,60741.6967,60824.5325,60824.5325,2317482
M01,455,60852.7134,61011.2901,60609.8634,60696.1766,60696.1766,1983558
M01,456,61187.1266,61389.3789,60993.5969,61293.1279,61293.1279,2202909
M01,457,61906.2278,62080.7839,61706.6583,61877.0899,61877.0899,2517084
M01,458,61487.8655,61500.9028,61136.3427,61195.1429,61195.1429,2121754
M01,459,61236.4103,61240.5029,60807.6085,60965.7252,60965.7252,1927445
M01,460,60925.0394,61753.1318,60911.2411,61698.1981,61698.1981,1959412
M01,461,62078.1159,62192.1717,61545.7673,61706.4736,61706.4736,4862386
M01,462,61814.1232,62051.7832,61745.7474,61979.0507,61979.0507,2139630
M01,463,62338.289,62475.4824,62173.0959,62436.1775,62436.1775,2349258
M01,464,62606.0216,62612.2078,61942.1396,62141.353,62141.353,2858123
M01,465,62102.7,62103.2146,61522.7141,61648.0754,61648.0754,2743853
M01,466,61895.9129,61900.7815,61325.303,61519.1812,61519.1812,2237331
M01,467,61636.9017,62073.3051,61458.4763,62014.0881,62014.0881,2934860
M01,468,61657.7528,61708.5766,61287.436,61387.8066,61387.8066,2204765
M01,469,61736.7264,61786.4351,60924.4921,61091.8092,61091.8092,2245064
M01,470,60917.2951,61135.9331,60656.8218,60909.1333,60909.1333,2186203
M01,471,60946.06,60959.8306,60406.4942,60468.2007,60468.2007,2322009
M01,472,61223.3564,61511.4882,61042.5354,61444.1646,61444.1646,3752389
M01,473,61318.3341,61632.517,61265.4581,61459.5106,61459.5106,2824521
M01,474,61766.5789,62138.672,61752.1943,62076.2736,62076.2736,2144687
M01,475,62523.355,62540.3668,62085.0197,62124.4488,62124.4488,1509569
M01,476,61461.5067,61971.7159,61399.9529,61881.4245,61881.4245,1880355
M01,477,62528.2136,62736.8641,62356.2197,62654.5844,62654.5844,1916857
M01,478,62784.4389,63015.3166,62618.7895,62970.8897,62970.8897,2206966
M01,479,62834.0127,62974.6243,62763.8344,62861.4157,62861.4157,3100579
M01,480,62392.0332,62655.6672,62278.8281,62531.2427,62531.2427,2354513
M01,481,62431.9755,62505.5052,62090.2813,62153.634,62153.634,1826970
M01,482,62499.6544,62549.2995,62023.6849,62063.0941,62063.0941,2076478
M01,483,62200.2295,62637.3659,62123.5836,62572.7258,62572.7258,1445207
M01,484,63080.8701,63140.2247,62766.8734,62982.9679,62982.9679,1596417
M01,485,62972.8204,62972.8204,62482.8025,62568.4164,62568.4164,1727509
M01,486,62315.7168,62418.1101,62127.5229,62215.3633,62215.3633,1137603
M01,487,62902.643,63373.6985,62885.6274,63333.9919,63333.9919,1545252
M01,488,63167.4598,63190.6432,62808.1176,62989.9823,62989.9823,1527529
M01,489,62585.2472,62628.957,61575.2965,61672.2274,61672.2274,1667470
M01,490,61953.8093,62328.4874,61575.5449,61819.6887,61819.6887,1563849
M01,491,61160.5456,61702.7874,61111.8798,61602.3793,61602.3793,1714307
M01,492,62534.5169,62899.3326,62428.5158,62857.3995,62857.3995,1649399
M01,493,62842.7209,63048.5957,62546.7143,62769.9983,62769.9983,2414169
M01,494,62993.6706,63203.961,62937.83,63161.953,63161.953,1889210
M01,495,63229.9638,63440.9357,63104.8716,63379.6688,63379.6688,2344815
M01,496,63613.7769,63643.396,63249.8452,63582.3517,63582.3517,2460786
M01,497,63412.0563,63627.5035,63251.3073,63455.1989,63455.1989,1541243
M01,498,63501.5689,63795.423,63465.513,63624.9274,63624.9274,1912373
M01,499,63937.7583,63937.7583,62839.0833,62878.4289,62878.4289,1728398
M01,500,62643.3579,62821.8575,62473.8474,62512.6284,62512.6284,1517
M01,501,62592.3454,62626.6693,61924.0782,62021.4117,62021.4117,1974
M01,502,62407.3375,62743.2137,62254.7113,62698.6855,62698.6855,2991068
M01,503,62602.0334,63103.8996,62473.9996,62981.0028,62981.0028,2167000
M01,504,62757.5656,62857.8986,62293.9773,62355.7207,62355.7207,1663604
M01,505,62307.7945,62387.0388,61673.8502,61834.3874,61834.3874,1759918
M01,506,62107.5569,62387.9748,62050.6493,62182.4025,62182.4025,2059397
M01,507,62493.797,62506.9145,61788.2303,61917.8721,61917.8721,1966804
M01,508,61942.8317,61958.9538,61151.675,61234.8599,61234.8599,3211137
M01,509,60057.4908,60689.7018,59990.6012,60473.0279,60473.0279,2663405
M01,510,60688.6462,61717.9544,60673.9732,61684.4852,61684.4852,2177597
M01,511,61350.2094,61821.8689,61081.933,61775.8786,61775.8786,2926809
M01,512,62184.8465,62393.1535,62003.476,62276.9447,62276.9447,2096023
M01,513,62095.7865,62113.927,61701.2718,61825.9597,61825.9597,1763407
M01,514,62182.2166,62188.3833,61608.8146,61818.1893,61818.1893,1889723
M01,515,62187.6107,62515.7921,62139.3312,62185.0428,62185.0428,1822882
M01,516,62272.3173,62686.1507,62237.9797,62529.5869,62529.5869,1396840
M01,517,63020.2619,63051.7247,62608.9648,62788.7008,62788.7008,2042563
M01,518,62517.7091,62807.7272,62010.2388,62124.3489,62124.3489,2270463
M01,519,62346.3031,62489.1686,61859.1192,61904.3421,61904.3421,1
M01,520,61789.8438,61802.6864,61172.3682,61606.1939,61606.1939,2532933
M01,521,62063.9127,62290.2914,61814.9507,62245.12,62245.12,1846481
M01,522,62385.5694,62555.4451,62140.7949,62189.1807,62189.1807,1994927
M01,523,62117.2836,62117.2836,61087.4756,61170.2121,61170.2121,1753853
M01,524,60923.5463,60952.013,60422.9262,60515.2541,60515.2541,1624940
M01,525,60404.4719,60634.4911,59895.292,60095.4664,60095.4664,2101291
M01,526,59927.0073,59940.3667,59286.9475,59783.3716,59783.3716,2362148
M01,527,58563.3805,58577.7862,57498.5673,57635.9468,57635.9468,2736638
M01,528,58309.4679,58543.2229,56511.6455,57005.7784,57005.7784,2517669
M01,529,57601.4666,58241.7949,57267.6954,58041.7879,58041.7879,2466568
M01,530,58285.8259,58312.7831,56903.5675,57770.5603,57770.5603,2951704
M01,531,58066.9748,58495.5683,57751.3714,57876.6899,57876.6899,4988352
M01,532,56485.1519,56962.368,55890.24,56726.7291,56726.7291,7388686
M01,533,54928.3723,54976.9496,52639.6175,53442.4209,53442.4209,6284916
M01,534,53239.3378,54325.3177,53237.7933,53878.6683,53878.6683,4639864
M01,535,51502.6639,51506.7667,48773.8802,49195.2931,49195.2931,5216067
M01,536,46822.8509,52230.2374,43982.6682,51180.429,51180.429,5286246
M01,537,49055.2388,49128.9173,46892.5258,47057.7903,47057.7903,3499375
M01,538,47863.2797,48473.591,45957.0746,46222.2839,46222.2839,3339948
M01,539,46930.6976,47132.5991,43412.1003,43730.9633,43730.9633,6050311
M01,540,41049.8188,43657.1485,39875.0832,42068.7735,42068.7735,3530210
M01,541,42544.1266,45617.9309,41998.4883,44911.555,44911.555,4391645
M01,542,40872.9377,41971.4448,39010.2832,39147.3711,39147.3711,2449597
M01,543,39995.7902,40957.1731,38277.3837,39754.999,39754.999,2732946
M01,544,39696.5613,42989.2341,39591.8696,42686.9591,42686.9591,2457079
M01,545,43346.1258,44874.8566,42596.7645,44322.9662,44322.9662,3296969
M01,546,45938.0119,46398.9822,43750.2225,44455.2731,44455.2731,2778991
M01,547,43198.784,44177.793,42467.5519,42658.6642,42658.6642,2401343
M01,548,43799.0949,44563.9696,42919.1969,44150.338,44150.338,2718162
M01,549,43974.008,43994.499,41997.9157,42281.972,42281.972,1960529
M01,550,42426.9189,42426.9189,40899.9854,41042.1438,41042.1438,2529090
M01,551,43091.8606,44995.3685,42656.4186,44856.5968,44856.5968,3026877
M01,552,44800.7496,47083.8651,44620.2864,45109.3395,45109.3395,3423052
M01,553,46170.2657,46969.3511,45817.8032,46884.7127,46884.7127,2770140
M01,554,46575.7556,46617.1931,45595.7879,46012.4816,46012.4816,2413270
M01,555,47309.045,47642.3946,45651.033,45914.4222,45914.4222,3392872
M01,556,45205.4882,46239.705,45055.5926,45928.4175,45928.4175,2742846
M01,557,47859.7196,47862.5419,46668.2863,47568.6626,47568.6626,2645475
M01,558,48440.442,48443.7921,47618.1565,47778.3305,47778.3305,2720394
M01,559,46272.2886,46413.1548,45720.3752,46090.1133,46090.1133,2626622
M01,560,46450.1187,47391.8056,46035.8794,47276.2807,47276.2807,2714510
M01,561,47217.5765,47786.5493,46899.4672,47634.6567,47634.6567,2839344
M01,562,47190.1653,47875.0584,47073.782,47141.2444,47141.2444,2477272
M01,563,47456.0068,48057.6793,47408.085,47571.8299,47571.8299,1938014
M01,564,47850.5199,47924.9246,47189.0587,47805.1684,47805.1684,2288236
M01,565,48313.2721,49295.3432,48229.8282,49056.5651,49056.5651,2630294
M01,566,50155.55,50852.5895,50042.4191,50702.6941,50702.6941,3353251
M01,567,48990.4009,48990.4009,47620.6645,47757.0977,47757.0977,2613697
M01,568,48379.8946,48490.2057,47155.4392,47231.6288,47231.6288,2703697
M01,569,47724.2917,48345.4947,47153.7819,47952.3957,47952.3957,2463446
M01,570,47330.2402,47554.7414,47032.1884,47150.8435,47150.8435,2609087
M01,571,47992.1597,48021.3338,47282.0234,47350.0932,47350.0932,2257365
M01,572,47904.3551,48374.5256,47247.3965,47346.0426,47346.0426,2491616
M01,573,47264.2059,47635.3563,46620.3659,47406.9967,47406.9967,3225769
M01,574,49341.6141,49343.1575,48141.5599,48308.6208,48308.6208,3161641
M01,575,47281.3694,47625.9465,46797.9812,46916.0057,46916.0057,2297471
M01,576,46947.0854,46947.0854,46270.1587,46714.1968,46714.1968,2108950
M01,577,47254.008,47254.008,45440.1192,45525.2541,45525.2541,2891424
M01,578,46091.7733,46444.8506,45544.5353,45666.9423,45666.9423,2900483
M01,579,45499.2377,46546.7385,45428.5982,46407.259,46407.259,2291641
M01,580,46660.4847,47169.7706,46540.483,46798.2124,46798.2124,2401341
M01,581,46555.2924,46974.7424,46045.2189,46408.1991,46408.1991,2437086
M01,582,46845.1089,47163.7694,46314.3567,46481.1474,46481.1474,2423456
M01,583,46667.7,47961.5404,46267.1631,47863.6555,47863.6555,2886444
M01,584,48202.3268,48955.3464,48055.8909,48846.4833,48846.4833,3435331
M01,585,48343.4345,49249.7875,48111.0102,49154.6121,49154.6121,3468708
M01,586,50243.5513,51301.1771,50140.7619,50756.4845,50756.4845,3039376
M01,587,50750.05,51339.4293,50458.3147,51254.682,51254.682,3245651
M01,588,52128.2931,52478.454,51753.1229,51887.2043,51887.2043,3041367
M01,589,51556.3526,51913.2466,50992.2927,51427.386,51427.386,2791507
M01,590,51746.6346,52177.267,51474.6707,51994.5075,51994.5075,4021211
M01,591,53020.7307,53029.7157,51960.4957,52202.8362,52202.8362,3398587
M01,592,52211.1675,52775.2716,51392.1899,51521.4221,51521.4221,2956233
M01,593,51284.8852,51672.6067,51102.8632,51506.625,51506.625,2246166
M01,594,51818.767,51910.9156,50745.5952,50832.6102,50832.6102,2563474
M01,595,48495.0468,50786.9494,48491.9954,50669.3342,50669.3342,2986114
M01,596,51038.2141,51161.7018,50045.1676,50494.6142,50494.6142,2545077
M01,597,51392.9694,51553.8512,49923.7641,50875.6948,50875.6948,3416035
M01,598,50958.1865,51612.9157,50736.8447,50981.147,50981.147,2427286
M01,599,50501.0516,51770.587,50407.8643,51670.4896,51670.4896,2367323
M01,600,51790.1211,52575.2407,51552.8989,52431.9337,52431.9337,3466861
M01,601,53127.2242,53512.8571,52915.3568,53088.3532,53088.3532,2712485
M01,602,53123.522,53825.5588,52886.343,53755.2258,53755.2258,2702254
M01,603,53833.8781,53956.0758,52569.4853,52688.867,52688.867,3074391
M01,604,52407.3892,53053.8062,52197.2087,52680.5514,52680.5514,3722310
M01,605,52889.2058,53046.918,52544.4703,52910.0967,52910.0967,2697651
M01,606,52697.117,52829.9847,52245.6193,52699.4176,52699.4176,2150665
M01,607,53393.1075,53487.9887,52800.4279,52979.1317,52979.1317,2362351
M01,608,52595.1916,53223.0958,52471.9023,53136.4883,53136.4883,2277245
M01,609,53995.1904,54536.2738,53956.5969,54296.9939,54296.9939,2364088
M01,610,54490.4961,54574.4247,54222.0217,54451.4794,54451.4794,1982459
M01,611,55181.2443,55631.7506,55033.3067,55386.0455,55386.0455,2052001
M01,612,55340.7478,55396.8434,54761.107,55324.3589,55324.3589,2451447
M01,613,55589.2619,55739.2956,54859.1092,55009.148,55009.148,2795251
M01,614,55002.8246,55418.5838,54887.5071,55298.9215,55298.9215,2337724
M01,615,54939.8831,55222.1379,54679.0711,54960.0449,54960.0449,2193957
M01,616,55566.7116,55782.797,55076.1703,55315.0429,55315.0429,2052514
M01,617,55161.8668,55186.4993,54197.5124,54425.5782,54425.5782,2037285
M01,618,54960.3773,55609.826,54327.3648,54535.1172,54535.1172,2482086
M01,619,54814.3033,55065.6867,54245.9982,54987.0988,54987.0988,2440714
M01,620,55189.285,56120.6565,55177.2246,55957.6859,55957.6859,2386189
M01,621,56393.1565,56590.287,56155.0106,56509.7936,56509.7936,2256308
M01,622,57313.847,57589.1849,57247.6549,57500.0685,57500.0685,2718489
M01,623,57332.7387,57367.9587,56441.188,56829.405,56829.405,2725983
M01,624,57065.0626,57602.1446,56901.8386,57477.3568,57477.3568,2359199
M01,625,56884.5768,57269.507,56580.2538,57110.0765,57110.0765,2560784
M01,626,57667.7388,57667.7388,56963.1372,57188.9286,57188.9286,2258420
M01,627,57408.989,58251.2806,57395.0964,58162.7529,58162.7529,2494551
M01,628,57697.8543,58027.8662,57047.2939,57318.9762,57318.9762,2180003
M01,629,57543.2096,57776.62,56677.3255,56765.27,56765.27,2530810
M01,630,56986.0665,57041.8294,56408.7645,56648.1772,56648.1772,2373346
M01,631,56369.7636,56372.3125,55476.1109,55523.7739,55523.7739,2504433
M01,632,56097.499,56946.1352,55899.9406,56859.0165,56859.0165,2366336
M01,633,57378.0554,57737.5783,56906.4081,57099.8015,57099.8015,2476547
M01,634,57565.222,57931.1235,57264.6747,57639.5874,57639.5874,2228492
M01,635,56995.4176,57225.964,56768.1798,57135.0162,57135.0162,1680750
M01,636,57590.3559,57932.9767,57425.5602,57589.8469,57589.8469,1994363
M01,637,58020.1144,58283.2521,57901.742,58021.3955,58021.3955,2319209
M01,638,57921.7439,58091.0607,57683.9327,58021.2837,58021.2837,2226535
M01,639,57992.2364,58117.3304,57660.193,57816.2395,57816.2395,1916264
M01,640,58873.1809,58940.3349,57619.0561,57966.2301,57966.2301,2535993
M01,641,58074.0014,58167.9574,57535.02,58064.7046,58064.7046,2334553
M01,642,57809.8733,58538.4159,57775.734,58454.469,58454.469,2259875
M01,643,58713.9186,58755.9551,58416.2986,58489.6172,58489.6172,2174362
M01,644,57855.1713,58080.1007,57713.8216,57828.3331,57828.3331,2730338
M01,645,58916.943,58962.6405,58671.9206,58720.4571,58720.4571,2569875
M01,646,58653.129,59091.2801,58646.1926,58932.9813,58932.9813,2039916
M01,647,59342.6061,59408.5859,58880.0027,59132.0527,59132.0527,2607007
M01,648,59544.2452,59797.1571,59280.4741,59734.3155,59734.3155,2974507
M01,649,59557.2767,59598.5733,59204.8354,59300.5144,59300.5144,2809029
M01,650,59543.3358,59969.7814,59473.8017,59772.465,59772.465,3200331
M01,651,60725.6575,60811.7645,58396.6678,58714.5404,58714.5404,4757156
M01,652,58899.8858,59358.4236,58399.4789,58930.456,58930.456,2940869
M01,653,58863.542,59254.3068,58616.6254,59153.0262,59153.0262,2200519
M01,654,59591.6458,59688.25,59289.9842,59391.9972,59391.9972,2217563
M01,655,58082.3412,58581.8574,57822.7345,57977.2157,57977.2157,2611767
M01,656,58572.4108,58683.5311,58016.0595,58548.9511,58548.9511,1917625
M01,657,58341.0183,58641.9907,57889.3069,58027.2277,58027.2277,2054138
M01,658,57582.227,57990.541,57410.5406,57887.1141,57887.1141,2866768
M01,659,58862.9509,59384.8453,58676.9886,59308.1809,59308.1809,2841324
M01,660,58881.6578,59116.7164,58738.1574,58967.2989,58967.2989,2170608
M01,661,59406.0223,59554.0207,58599.8788,58890.7277,58890.7277,2638353
M01,662,58794.9206,59044.4376,58564.852,58972.0117,58972.0117,1841659
M01,663,59185.8915,59594.4491,59074.5814,59524.946,59524.946,2188868
M01,664,59310.2698,59555.9515,59100.0497,59190.5083,59190.5083,1
M01,665,59758.2818,59758.2818,59046.3885,59349.9779,59349.9779,3259541
M01,666,59002.1654,59163.4712,57538.8831,57703.2643,57703.2643,2377728
M01,667,58266.2963,58268.6173,57147.0369,57502.7672,57502.7672,2437899
M01,668,58104.6849,58108.8125,56895.2424,57449.7714,57449.7714,2668539
M01,669,56779.9243,56802.097,55641.336,55720.4886,55720.4886,2670241
M01,670,56265.9003,57102.376,55979.42,56987.1171,56987.1171,2113146
M01,671,57124.6568,57629.7151,56914.4295,57569.2117,57569.2117,1801504
M01,672,58204.9197,58291.5458,57650.1275,57863.5912,57863.5912,1852086
M01,673,57811.8765,58073.8303,57503.9065,57827.8128,57827.8128,1826798
M01,674,58768.9925,59100.7284,58679.0099,59040.4858,59040.4858,1626200
M01,675,59279.0069,59744.7123,59095.8208,59359.2465,59359.2465,2055413
M01,676,59474.1374,59868.0344,59273.4698,59776.2899,59776.2899,2277130
M01,677,60072.2126,60503.2369,59815.55,60378.7632,60378.7632,2042359
M01,678,60835.1164,61196.4642,60607.667,60831.0003,60831.0003,2131586
M01,679,60865.9379,61310.4125,60625.3427,61185.1098,61185.1098,2336014
M01,680,61647.0314,61896.7386,61099.4797,61427.703,61427.703,2024167
M01,681,61446.2075,61721.9117,61210.6611,61445.4333,61445.4333,1638583
M01,682,61131.118,61540.4566,60642.5266,61406.3163,61406.3163,2139094
M01,683,61706.8198,61717.0842,59848.1895,59945.957,59945.957,2492591
M01,684,59890.6731,60209.0864,59586.5531,60069.669,60069.669,2138250
M01,685,61104.959,61202.9485,60802.5009,61073.3222,61073.3222,1847749
M01,686,60885.6359,61338.6464,60763.7209,61069.4058,61069.4058,1804124
M01,687,61392.4781,61701.0208,60454.0254,61285.1852,61285.1852,2354326
M01,688,61017.2834,61271.5638,60675.7621,61050.3846,61050.3846,2010181
M01,689,61621.8876,61707.686,61368.604,61479.9119,61479.9119,1975668
M01,690,60996.1887,61024.0324,59842.9349,60129.331,60129.331,1931376
M01,691,61039.8464,61515.2067,60605.0718,61465.3216,61465.3216,2316225
M01,692,61629.8361,61664.9904,60400.868,60632.188,60632.188,2543995
M01,693,59528.6051,60095.8372,59391.2133,59720.4959,59720.4959,1946465
M01,694,59875.762,60237.2176,59142.5968,59690.9336,59690.9336,2117583
M01,695,60386.0888,60532.188,59663.6187,60240.5139,60240.5139,2250659
M01,696,60194.8111,60716.7633,60137.6124,60600.317,60600.317,2407693
M01,697,60971.8936,61728.914,60832.4473,61619.4732,61619.4732,2545442
M01,698,62127.4635,62481.2992,61948.2219,62425.6748,62425.6748,2250973
M01,699,62415.0197,63050.3805,62287.6868,62963.8657,62963.8657,2100810
M01,700,63788.6119,64172.6452,63623.727,64105.7668,64105.7668,2185300
M01,701,64503.5059,64953.0023,64086.6281,64887.2434,64887.2434,3485884
M01,702,65074.0703,65531.5707,64512.1402,65425.858,65425.858,3270437
M01,703,65448.8254,65649.7759,65050.5271,65390.3406,65390.3406,2335515
M01,704,65346.118,65739.7009,65077.7073,65657.113,65657.113,1887554
M01,705,66183.4235,66191.3548,65490.4978,65885.0681,65885.0681,2609258
M01,706,66109.1385,66565.3703,65899.6574,66510.8815,66510.8815,2871753
M01,707,66178.8051,66815.3627,65695.5882,65829.3436,65829.3436,2934238
M01,708,65595.7992,66000.4799,65170.1264,65829.4929,65829.4929,2415215
M01,709,66107.1856,66150.796,65420.6273,65934.5274,65934.5274,2537520
M01,710,66617.9345,67009.877,66491.9,66887.1748,66887.1748,2054601
M01,711,67592.0326,67673.625,66066.4521,66193.8628,66193.8628,2628297
M01,712,66525.3914,67100.3671,65927.2209,66940.5798,66940.5798,2038287
M01,713,67189.3198,67309.374,66684.5756,66966.7697,66966.7697,4429484
M01,714,66703.4098,67041.4676,66195.8119,66942.6519,66942.6519,2255780
M01,715,67618.2645,67654.8508,66907.8816,67578.8399,67578.8399,2752903
M01,716,68495.0748,68501.8117,67938.4222,68073.1806,68073.1806,2602718
M01,717,67496.4788,68022.2634,67370.7263,67912.1374,67912.1374,2626986
M01,718,68543.4166,69069.4515,68425.0886,69013.126,69013.126,2356579
M01,719,68488.185,68700.9056,68064.796,68483.5859,68483.5859,2136212
M01,720,69238.0306,69705.1743,69194.3005,69603.305,69603.305,1990929
M01,721,69873.6055,69951.567,69411.5275,69820.7661,69820.7661,1862466
M01,722,70061.8665,70409.5227,69494.3625,70069.9023,70069.9023,2980069
M01,723,69716.0652,69849.8821,69207.5057,69647.7446,69647.7446,2078124
M01,724,69903.4662,70122.5089,69386.6908,70010.017,70010.017,1895705
M01,725,70607.1275,70758.2834,70314.3789,70708.4179,70708.4179,1733093
M01,726,70934.3407,71243.1443,70727.4378,71074.7781,71074.7781,1590193
M01,727,70496.3551,70539.629,69954.4812,70476.6338,70476.6338,1786080
M01,728,70764.7446,70948.0669,67621.1945,68635.4014,68635.4014,2746698
M01,729,68270.1653,68874.5738,67347.4679,68743.1245,68743.1245,2944257
M01,730,69674.7302,70429.474,69461.1589,70334.5787,70334.5787,1853043
M01,731,70661.867,71176.6283,70428.0011,71060.3414,71060.3414,1751985
M01,732,71296.33,71658.3526,71277.7484,71595.9097,71595.9097,1511443
M01,733,72032.0086,72328.4664,71770.7672,72147.2258,72147.2258,1546873
M01,734,71819.7371,71902.4406,71224.1022,71825.1299,71825.1299,1383207
M01,735,72200.6972,72484.1746,72027.3028,72261.4243,72261.4243,1875984
M01,736,72615.1775,72894.0456,72590.5333,72731.3962,72731.3962,1327897
M01,737,72508.015,72732.1581,71733.8085,72654.7896,72654.7896,1943677
M01,738,72099.6965,72819.145,71961.3895,72736.6751,72736.6751,1884137
M01,739,73237.2262,73253.6839,72203.2832,72750.2096,72750.2096,2241039
M01,740,72804.2169,72816.9862,72136.8908,72209.6759,72209.6759,2110909
M01,741,73587.4668,74149.4956,73397.8004,74046.0188,74046.0188,2295664
M01,742,74360.8646,74484.938,73893.6053,74415.8372,74415.8372,2826928
M01,743,74419.7227,75020.5316,74209.1696,74880.6768,74880.6768,3733849
M01,744,75131.0974,75200.6347,74083.6632,74746.4549,74746.4549,3388149
M01,745,74522.3784,74869.38,74120.0623,74755.6751,74755.6751,2147286
M01,746,75272.1038,75391.2478,74052.3267,74443.5352,74443.5352,2917116
M01,747,74352.4217,74382.519,73166.6556,73467.5984,73467.5984,2745494
M01,748,74060.982,74959.7091,73953.79,74831.3957,74831.3957,1884986
M01,749,74743.0593,75401.8951,74636.3811,75290.0758,75290.0758,2487125
M01,750,75878.664,75995.0739,74777.901,75154.4348,75154.4348,2566405
M01,751,75016.9313,75204.6871,73856.187,73928.9765,73928.9765,3263304
M01,752,74162.0184,74230.1461,72834.2745,72938.2645,72938.2645,2462006
M01,753,73555.534,73555.534,71960.9966,72158.345,72158.345,2410627
M01,754,71196.7209,71649.6117,70695.8817,71233.5782,71233.5782,2435323
M01,755,71674.9724,71779.042,69877.01,70071.5284,70071.5284,3146105
M01,756,71063.3492,74047.4356,70563.1197,73762.5881,73762.5881,3272839
M01,757,74461.3196,75749.8992,74399.8771,75318.7424,75318.7424,3358141
M01,758,75748.1349,76333.1229,74820.2075,75928.0722,75928.0722,3247510
M01,759,76679.0639,77325.3579,76293.8302,77231.7723,77231.7723,3338400
M01,760,77092.6351,77412.5566,76639.6999,76946.4701,76946.4701,3519951
M01,761,76873.2909,77361.1417,76754.6458,77136.0959,77136.0959,2680772
M01,762,77721.3039,78197.6995,77209.5365,77440.1765,77440.1765,2549113
M01,763,77741.8253,77994.8116,77012.4377,77677.2944,77677.2944,1998927
M01,764,77769.1681,78363.7908,77728.6687,78285.3667,78285.3667,1925668
M01,765,77968.7743,78262.9622,77428.657,77851.1995,77851.1995,2251511
M01,766,78332.175,78690.4881,78194.1889,78559.9361,78559.9361,1734146
M01,767,78659.7816,78968.3517,77998.3751,78362.9803,78362.9803,2485641
M01,768,77969.0027,78144.5331,77412.0392,77606.7098,77606.7098,1846075
M01,769,78221.2964,78283.1489,77396.6669,77606.6114,77606.6114,2765567
M01,770,77378.2079,77733.6647,76471.7307,76900.5878,76900.5878,2805376
M01,771,77055.3123,77112.079,75185.3183,75394.1534,75394.1534,2329653
M01,772,75738.8982,76109.0811,75070.7738,75357.4424,75357.4424,2709607
M01,773,75283.9559,76713.3061,74135.7179,76576.3264,76576.3264,1493274
M01,774,77375.8516,77871.7721,77301.451,77465.6455,77465.6455,3041021
M01,775,76413.315,76571.6506,74253.3729,74568.5004,74568.5004,4066361
M01,776,75699.9215,76236.9382,75370.6561,76003.9559,76003.9559,2023221
M01,777,75707.8609,76185.5763,75175.6502,75981.8593,75981.8593,2300699
M01,778,76809.9824,77874.3516,76460.2035,77733.8764,77733.8764,2034960
M01,779,76989.9266,77889.6156,76751.4276,77266.597,77266.597,2060152
M01,780,77256.631,77846.7059,76659.0709,77051.0807,77051.0807,2454067
M01,781,77040.9726,77599.1726,76617.0607,76803.4684,76803.4684,1
M01,782,76674.0906,77066.1205,76040.0595,76921.1815,76921.1815,2342192
M01,783,78016.8131,78100.4631,77496.9417,77876.4511,77876.4511,1642317
M01,784,78594.3696,78672.083,76708.9093,77105.702,77105.702,1971374
M01,785,77054.2409,77054.2409,75505.0517,76445.4201,76445.4201,1647264
M01,786,77032.7147,77317.8099,76491.0379,76592.7465,76592.7465,369
M01,787,76081.4553,76132.3576,74806.3513,74934.8798,74934.8798,394
M01,788,76380.421,76481.7107,74442.5656,74850.0341,74850.0341,2254483
M01,789,74013.5709,75635.396,73394.4494,75409.0767,75409.0767,3508441
M01,790,75411.9142,75553.1582,74703.4057,75412.429,75412.429,1622122
M01,791,75379.4414,75941.1413,75065.288,75615.2496,75615.2496,1730117
M01,792,75686.8627,75892.1216,74773.9863,74848.0678,74848.0678,1802416
M01,793,74499.6337,74523.6604,72932.5283,73241.859,73241.859,2247923
M01,794,74477.4762,74819.4134,74004.879,74482.6103,74482.6103,1874203
M01,795,75072.3136,76344.0027,75016.3736,76183.8858,76183.8858,2192238
M01,796,75848.4034,75858.1349,75123.3012,75228.0224,75228.0224,1759285
M01,797,75604.8102,76038.0512,75063.5122,75957.0707,75957.0707,1718188
M01,798,75972.3392,76034.547,74035.8698,74948.8046,74948.8046,2086607
M01,799,75896.0502,76112.8646,75056.0817,75620.5234,75620.5234,1864728
M01,800,75353.1615,76189.5663,75012.1441,75878.5059,75878.5059,1
M01,801,76297.6912,76854.1912,76017.8985,76288.1995,76288.1995,1892645
M01,802,76588.5521,76772.7837,76089.3742,76342.5614,76342.5614,1899307
M01,803,75404.4779,75444.8951,73365.7527,73685.5001,73685.5001,2399008
M01,804,73649.7909,74490.6297,73188.355,74367.0644,74367.0644,2191133
M01,805,74550.2453,74936.0222,73681.6619,74853.3754,74853.3754,2135302
M01,806,74986.4728,75490.3371,74777.9451,75080.2085,75080.2085,2287535
M01,807,73653.5249,74043.2462,73060.4539,73925.6113,73925.6113,2156611
M01,808,74843.8051,74845.0932,73198.2049,73657.2649,73657.2649,1838755
M01,809,73377.9237,74438.9204,73028.2998,74342.9371,74342.9371,2066489
M01,810,73479.9562,74171.3504,73207.8633,73556.8913,73556.8913,1767944
M01,811,73875.4396,74427.8639,73731.5156,74057.1944,74057.1944,1597020
M01,812,74183.1292,75072.428,74137.3197,74998.2131,74998.2131,1683551
M01,813,75408.5545,76329.9839,75328.8435,76198.2403,76198.2403,1647694
M01,814,76583.061,76917.1736,75741.768,76153.0853,76153.0853,1968150
M01,815,75393.2398,75945.8851,74648.6327,74798.932,74798.932,2196850
M01,816,74640.8664,75634.6303,74306.8635,75430.0054,75430.0054,1759794
M01,817,75435.7896,75621.4631,74276.3057,74456.0707,74456.0707,2019296
M01,818,74804.1593,74977.0308,74304.4929,74874.3283,74874.3283,1594824
M01,819,74944.4063,75330.4148,74653.9468,75232.825,75232.825,1791498
M01,820,75759.2712,75995.495,75496.7181,75791.4874,75791.4874,1742088
M01,821,76619.5035,76817.8773,76436.016,76691.8699,76691.8699,1693604
M01,822,75857.3061,76423.0407,75763.4452,76170.4344,76170.4344,2425250
M01,823,76049.9603,76052.5255,75158.0514,75398.1507,75398.1507,2461852
M01,824,75863.9972,75865.283,75053.891,75495.7173,75495.7173,2374460
M01,825,75820.86,76754.7315,75662.087,76678.4309,76678.4309,2132677
M01,826,77619.7933,77980.6601,77498.7314,77830.4897,77830.4897,2151608
M01,827,77595.0243,77980.4631,77338.669,77448.4292,77448.4292,2146859
M01,828,77240.4731,77380.1402,76430.722,76539.3196,76539.3196,1897301
M01,829,77075.2884,78115.11,77065.2594,78039.5137,78039.5137,2083013
M01,830,78089.5942,78320.0967,77751.2903,78019.523,78019.523,2218663
M01,831,78528.5684,78539.3507,77869.4476,78100.7943,78100.7943,1631609
M01,832,78265.3444,78587.7542,77946.7869,78493.1087,78493.1087,1485159
M01,833,78876.32,79188.2418,78611.4926,78947.8639,78947.8639,1
M01,834,78795.1475,79042.7054,78659.9993,78868.9813,78868.9813,1598656
M01,835,79363.7423,80230.494,79036.0107,80109.4271,80109.4271,1663429
M01,836,80212.9499,80372.5563,79692.8085,79931.7068,79931.7068,1619858
M01,837,79924.7245,80321.7673,79613.1693,80212.3368,80212.3368,1637898
M01,838,80591.9084,80846.9818,80362.5742,80771.0515,80771.0515,1439343
M01,839,80584.3295,80692.5426,80121.9773,80367.6429,80367.6429,1553163
M01,840,80920.1329,81168.9413,80678.2746,81056.7612,81056.7612,1490880
M01,841,81416.628,81441.9162,80931.9633,81242.1661,81242.1661,1461177
M01,842,81606.6818,81783.4449,80574.5865,80928.881,80928.881,1760976
M01,843,80120.9287,80422.9395,79898.3172,80354.011,80354.011,1239021
M01,844,81672.2706,81874.427,81431.0744,81687.2614,81687.2614,1446360
M01,845,80963.5525,81125.8211,80015.556,81068.397,81068.397,1371429
M01,846,81305.8393,81483.3907,81180.0405,81317.624,81317.624,1134395
M01,847,81810.8636,81983.027,81269.3276,81398.13,81398.13,1406232
M01,848,79964.6863,80583.2653,79803.463,80184.9355,80184.9355,1426649
M01,849,80790.1916,80815.8287,79223.2541,80415.1188,80415.1188,2363612
M01,850,79727.7406,80956.5887,79624.0144,80860.8159,80860.8159,1319697
M01,851,81409.5899,81693.538,80955.2709,81061.4001,81061.4001,1267031
M01,852,81823.238,81824.0138,80849.117,80916.1734,80916.1734,1108705
M01,853,80944.7284,81377.2994,80766.7655,81218.1072,81218.1072,1256737
M01,854,81652.8908,81815.0186,81307.2446,81761.1471,81761.1471,1190671
M01,855,81358.3091,81359.8467,80728.5221,80843.7954,80843.7954,942453
M01,856,81778.4362,81925.3626,81346.7154,81472.9482,81472.9482,1231900
M01,857,81172.7822,81492.7997,80822.1458,80887.745,80887.745,907285
M01,858,80980.6023,80983.1723,80528.2843,80594.848,80594.848,769223
M01,859,80764.7032,80931.829,80405.2572,80848.7834,80848.7834,988626
M01,860,81521.141,81792.3885,81359.318,81732.5095,81732.5095,795822
M01,861,81240.5994,81756.6461,81175.0983,81263.7174,81263.7174,1445764
M01,862,80989.4263,81368.019,80785.1588,81296.86,81296.86,1259825
M01,863,81678.389,81834.7337,80789.7629,81021.5784,81021.5784,1161679
M01,864,80828.8149,81048.2961,80542.8685,80836.7998,80836.7998,897608
M01,865,80970.6868,81085.7244,80343.8978,80589.6303,80589.6303,904626
M01,866,81438.9016,81577.09,81184.1775,81533.5181,81533.5181,915183
M01,867,80565.9169,80915.7751,80339.1314,80796.5246,80796.5246,1
M01,868,81888.8613,82302.6315,81800.3776,82157.4008,82157.4008,1138074
M01,869,82114.5756,82134.6453,81724.7998,81934.7425,81934.7425,1015139
M01,870,81116.4908,81540.7525,80874.498,81105.6804,81105.6804,893379
M01,871,81055.4523,81181.9083,80408.2021,80684.5978,80684.5978,1131007
M01,872,80331.5277,80832.8159,80279.4632,80777.9398,80777.9398,969053
M01,873,80888.9956,81108.348,80438.0509,80885.1697,80885.1697,1083203
M01,874,81112.7985,81338.2346,80845.1411,80985.6244,80985.6244,971487
M01,875,81016.1726,81123.696,80201.4392,80433.6009,80433.6009,1115458
M01,876,80737.2937,80767.7731,79466.423,80470.1624,80470.1624,1248801
M01,877,81218.0241,81499.6077,81089.7237,81299.1767,81299.1767,1486766
M01,878,81402.67,81723.1175,81115.4532,81209.2182,81209.2182,1554436
M01,879,81776.2007,81868.9239,81568.8613,81829.0014,81829.0014,924068
M01,880,82244.6991,83251.9084,82052.8983,83168.6385,83168.6385,1195317
M01,881,83094.336,83581.505,82996.3401,83420.3964,83420.3964,1618298
M01,882,83848.1651,84159.5918,83443.3084,83877.2457,83877.2457,1572725
M01,883,83920.134,84086.6402,83502.7024,83579.3959,83579.3959,1178199
M01,884,84045.5682,84248.956,83517.4888,83926.3263,83926.3263,901793
M01,885,83977.7988,84413.5609,83603.4426,84005.1457,84005.1457,1086621
M01,886,83950.3737,84009.2474,83103.2757,83718.7403,83718.7403,1072739
M01,887,83993.0782,84363.2327,83906.7856,84306.0498,84306.0498,1094797
M01,888,83693.4785,84499.9887,83645.469,84425.9268,84425.9268,1294697
M01,889,85551.1539,85918.873,85356.1572,85782.4047,85782.4047,960708
M01,890,85289.4239,85718.8327,85032.4532,85646.9156,85646.9156,1146670
M01,891,86284.2451,86335.4223,85477.3329,85647.917,85647.917,925990
M01,892,84386.659,85041.1006,84353.4338,84736.9286,84736.9286,1411212
M01,893,85479.1037,85480.3917,84466.5235,84985.5622,84985.5622,1094062
M01,894,85351.0981,85792.7589,85010.4461,85676.8026,85676.8026,1069169
M01,895,85876.0706,86177.463,85687.8589,85776.2946,85776.2946,1031803
M01,896,86061.7906,86350.3376,85934.7325,86108.1194,86108.1194,968060
M01,897,85619.1235,86028.1185,85223.2411,85941.4241,85941.4241,755364
M01,898,86606.758,87513.5682,86549.9696,87407.9973,87407.9973,1050112
M01,899,86957.2295,88014.2107,86794.8321,87904.9169,87904.9169,1487349
M01,900,88674.999,88882.1687,88001.3875,88110.7721,88110.7721,1102472
M01,901,87630.0008,88399.4024,87446.9987,88341.225,88341.225,929715
M01,902,88391.3806,88788.9849,88134.0783,88704.4976,88704.4976,1010101
M01,903,89520.7068,89676.0936,89243.9086,89409.8368,89409.8368,824911
M01,904,90174.5519,90355.6582,89580.9517,89970.1166,89970.1166,913488
M01,905,89158.1535,89197.409,88534.4542,89043.9847,89043.9847,1027518
M01,906,88965.2147,89308.4826,88913.0551,89255.0384,89255.0384,896880
M01,907,89675.5579,89751.9877,89188.0189,89632.9501,89632.9501,900586
M01,908,89635.2624,89728.9154,89361.0168,89427.6462,89427.6462,872134
M01,909,89742.6369,90491.2754,89738.766,90422.8884,90422.8884,1408079
M01,910,90643.546,91188.261,90494.9644,91110.2254,91110.2254,1881136
M01,911,91112.9962,91541.5538,90228.0868,90472.4658,90472.4658,2044112
M01,912,89817.7233,90738.8747,89395.257,89575.9836,89575.9836,1240861
M01,913,89814.2993,90472.3161,89174.0349,90388.1679,90388.1679,1354093
M01,914,90407.3234,90559.2741,90114.7211,90231.1975,90231.1975,1038278
M01,915,90720.2389,91608.663,90595.4913,91501.1019,91501.1019,1296781
M01,916,91921.6502,92179.4844,91520.7899,91694.3814,91694.3814,1336794
M01,917,92090.8609,92148.8961,91426.8464,91694.9156,91694.9156,1070238
M01,918,92276.8049,92309.7879,90574.4235,91463.3629,91463.3629,1461179
M01,919,91009.0163,91647.0852,90752.3533,91283.9901,91283.9901,2014707
M01,920,91197.0598,91316.7248,90509.6899,90678.5116,90678.5116,1402517
M01,921,89887.7418,90017.201,89482.7012,89888.5128,89888.5128,1183368
M01,922,91091.6087,91791.5138,90914.7514,91483.0563,91483.0563,1030743
M01,923,90741.2302,91625.4508,90636.1653,91568.1719,91568.1719,1692080
M01,924,91741.3461,91859.9917,90465.7574,90634.4816,90634.4816,1537309
M01,925,91313.7163,91554.6828,91074.0317,91210.146,91210.146,1577575
M01,926,91859.4756,92141.9328,91620.6708,91902.3557,91902.3557,1151641
M01,927,91779.8029,92675.631,91633.6585,92182.5102,92182.5102,1454883
M01,928,92047.5381,92524.5795,91786.2737,92438.7724,92438.7724,1269641
M01,929,93089.9359,93604.0548,92847.6695,93418.6204,93418.6204,1740731
M01,930,94655.9581,95059.4932,94530.8556,94996.2995,94996.2995,2135255
M01,931,94904.9671,95125.8164,94623.8508,94786.7273,94786.7273,1809384
M01,932,95740.8048,95751.6108,94584.5955,94795.8717,94795.8717,1382612
M01,933,95132.1049,95227.0332,93942.6852,94238.04,94238.04,1450095
M01,934,94381.0813,94388.7826,92662.6571,93330.619,93330.619,1524142
M01,935,93675.4947,94104.8069,92666.5841,93080.4812,93080.4812,1225897
M01,936,93659.6247,93720.7666,92318.6575,93124.7812,93124.7812,1645519
M01,937,92489.3881,93283.8825,92208.1718,93069.6618,93069.6618,1324928
M01,938,93966.5523,94203.8392,93309.4116,93530.5082,93530.5082,1372756
M01,939,93353.3799,93369.0289,91360.825,91657.5043,91657.5043,1360153
M01,940,90897.4674,91319.5042,89776.3466,90074.7878,90074.7878,1263707
M01,941,90832.0767,91705.2444,90392.5499,91580.3636,91580.3636,1099070
M01,942,92193.0703,92405.1992,91560.5212,91772.6501,91772.6501,1093893
M01,943,91663.7849,91872.1627,90693.4167,91057.3047,91057.3047,1223559
M01,944,92610.2079,92854.5727,91562.453,92755.752,92755.752,1211243
M01,945,93084.0991,93229.508,92562.6918,92877.6976,92877.6976,1042701
M01,946,92436.608,92888.1633,92136.0064,92661.6122,92661.6122,986494
M01,947,93191.8199,93212.0501,92313.9704,92705.0499,92705.0499,906161
M01,948,91993.8217,92737.8553,91626.9271,92634.2333,92634.2333,1007830
M01,949,93713.7265,94071.2106,93353.932,93551.0017,93551.0017,1092972
M01,950,93103.858,93132.6186,92239.6952,92447.1889,92447.1889,907823
M01,951,92432.228,92861.4341,92122.5657,92222.5259,92222.5259,1120474
M01,952,92087.3547,92370.7054,91047.3463,91440.0864,91440.0864,1123314
M01,953,92017.4823,92064.0178,89350.4772,90054.2054,90054.2054,1479494
M01,954,88991.9221,90392.3175,88653.8571,90133.0435,90133.0435,1140707
M01,955,90046.36,90305.7176,89040.4564,89353.6977,89353.6977,1158446
M01,956,90145.9867,90907.0611,89806.4555,90761.6272,90761.6272,971441
M01,957,89387.6932,89473.5321,87567.5853,87777.6667,87777.6667,1324984
M01,958,87870.4012,88410.8313,86461.8597,87860.862,87860.862,1165195
M01,959,87511.7667,88915.4531,86897.1727,87163.0203,87163.0203,1914304
M01,960,87622.4093,88179.0035,87416.7269,87942.5843,87942.5843,1098592
M01,961,88181.775,89398.7976,88007.8129,89302.8358,89302.8358,1052716
M01,962,89469.5673,89802.8036,88216.218,88297.8498,88297.8498,990342
M01,963,88223.6249,88263.0955,86596.6958,86702.0511,86702.0511,882914
M01,964,87695.7728,88763.6688,87405.8412,88378.028,88378.028,994291
M01,965,89205.2701,90077.7309,89172.8095,90001.2282,90001.2282,1075769
M01,966,90205.5666,90302.5936,89460.2152,90166.6995,90166.6995,812737
M01,967,89879.8622,90179.6948,89515.7316,90061.154,90061.154,861291
M01,968,89652.9654,89756.7706,88313.9518,88376.5431,88376.5431,1035447
M01,969,88403.2613,88878.9547,88109.6693,88616.5621,88616.5621,1107178
M01,970,89859.0875,90001.9853,89177.2403,89328.709,89328.709,825356
M01,971,89359.1515,89391.8111,88391.9001,88718.2653,88718.2653,890287
M01,972,89079.3245,89193.5374,87483.2042,87579.8839,87579.8839,1424424
M01,973,86453.7367,86535.1821,84326.0795,85374.3617,85374.3617,1204258
M01,974,86433.013,87274.2497,85995.5164,86421.157,86421.157,957694
M01,975,86603.4378,87144.9123,86366.9702,87065.0601,87065.0601,769881
M01,976,87490.5493,87756.349,87227.8234,87520.2762,87520.2762,723427
M01,977,88030.9096,88062.2198,86799.4656,87282.7534,87282.7534,772627
M01,978,86499.7998,87389.9406,85965.8669,87258.178,87258.178,557366
M01,979,88022.4831,88394.7626,87938.193,88307.6501,88307.6501,741105
M01,980,88558.8174,88897.4661,88335.3686,88525.3895,88525.3895,658389
M01,981,88805.5604,89128.7522,88521.0988,88818.4671,88818.4671,1104542
M01,982,89192.7266,90001.152,89161.6931,89759.3497,89759.3497,599573
M02,0,37385.4722,37758.7005,37312.3474,37758.6453,37758.6453,497396945
M02,1,37734.4804,38014.5424,37732.4927,37995.0751,37995.0751,521472039
M02,2,37974.6522,38020.4489,37882.9489,37912.5716,37912.5716,555317910
M02,3,38115.3004,38283.193,38068.8472,38280.6184,38280.6184,554231745
M02,4,38356.8356,38496.4406,38296.145,38475.1535,38475.1535,534181051
M02,5,38767.3667,38804.9236,38627.4634,38710.0339,38710.0339,582648392
M02,6,38547.0903,38679.0626,38448.0978,38675.4381,38675.4381,592916220
M02,7,38744.9109,38977.5826,38715.185,38977.5826,38977.5826,530844805
M02,8,38853.6311,39161.358,38837.5157,39138.7206,39138.7206,547039016
M02,9,39440.07,39564.9674,38893.5272,38989.3843,38989.3843,587638748
M02,10,39196.4918,39475.1092,39042.843,39415.2699,39415.2699,563341236
M02,11,39383.4357,39492.7267,39288.725,39396.3944,39396.3944,583582150
M02,12,39238.8954,39369.7269,39159.9013,39369.7269,39369.7269,490820201
M02,13,39455.0407,39831.3603,39426.9203,39831.3603,39831.3603,595200618
M02,14,39876.1514,40093.3366,39866.6454,40065.9462,40065.9462,592317524
M02,15,40301.4499,40367.0161,39776.2041,39982.776,39982.776,632139546
M02,16,40083.7542,40086.8693,39710.9152,39832.2748,39832.2748,576301690
M02,17,40177.5315,40487.3721,40085.238,40487.3721,40487.3721,507943924
M02,18,40349.2516,40436.2615,40193.3399,40252.4257,40252.4257,579287231
M02,19,39690.9143,39931.3504,39610.8764,39763.9149,39763.9149,591164150
M02,20,40249.5652,40307.6433,39913.5962,40077.768,40077.768,630496615
M02,21,39954.3075,40300.4939,39873.6634,40001.3717,40001.3717,615079342
M02,22,39441.6621,39532.0605,38854.354,38869.2234,38869.2234,664931359
M02,23,38754.1001,39356.5599,37680.9734,37680.9734,37680.9734,914258314
M02,24,36891.2092,38450.4176,36822.4708,38392.8493,38392.8493,803719997
M02,25,38026.5083,38478.0249,37840.4573,37842.8732,37842.8732,617381752
M02,26,38014.4693,38050.4566,36451.7316,36453.8301,36453.8301,732063649
M02,27,37084.8087,37374.8043,35827.619,37145.0578,37145.0578,884971191
M02,28,37370.6929,37839.0734,37063.6635,37614.6334,37614.6334,603948463
M02,29,37436.6845,37887.0793,37415.1139,37821.4484,37821.4484,531325931
M02,30,37518.2917,38447.2638,37506.6242,38401.9484,38401.9484,623242713
M02,31,38798.3659,39101.0703,38419.2599,39098.3763,39098.3763,591271674
M02,32,39139.2238,39500.2464,39084.4356,39155.2356,39155.2356,553000275
M02,33,39037.502,39508.1833,39021.0955,39174.3968,39174.3968,510828109
M02,34,39240.8228,39674.185,39022.5737,39023.2231,39023.2231,496597678
M02,35,39390.6703,39545.302,39077.7151,39160.5432,39160.5432,481189800
M02,36,39295.9865,39709.8705,39139.8595,39707.4896,39707.4896,497771298
M02,37,39725.2289,39986.804,39654.9203,39984.7021,39984.7021,470903723
M02,38,40172.8891,40291.6278,39708.0089,39708.0089,39708.0089,567547216
M02,39,39919.6316,40002.9737,39386.7475,39386.7475,39386.7475,643589473
M02,40,39303.1016,39481.9306,38454.3964,38794.224,38794.224,659076605
M02,41,38340.1105,39245.4813,38260.6714,39195.1508,39195.1508,578950657
M02,42,38989.9042,39676.4333,38895.0052,39571.9267,39571.9267,544461829
M02,43,39666.6226,39728.1149,39413.9226,39695.6992,39695.6992,556873675
M02,44,39451.2593,39947.9237,39451.2593,39909.3983,39909.3983,565283105
M02,45,40262.1642,40328.5544,40092.5512,40290.2623,40290.2623,593586126
M02,46,40513.4858,40973.1931,40475.8216,40973.1931,40973.1931,618259166
M02,47,41051.693,41203.6396,40956.3877,41091.1134,41091.1134,613479252
M02,48,41609.6353,41662.8235,40875.6927,40974.0487,40974.0487,606318526
M02,49,40804.4087,40832.0653,40447.8745,40571.8616,40571.8616,551592319
M02,50,40801.4688,40889.49,40551.2545,40652.0475,40652.0475,516531425
M02,51,40762.2171,40815.6652,40595.5156,40640.6542,40640.6542,809787340
M02,52,40168.4724,40179.462,39443.3578,39762.6299,39762.6299,581912672
M02,53,39976.3309,40125.783,39856.6737,40036.4038,40036.4038,503531610
M02,54,39680.6932,40048.7969,39561.0711,39668.7581,39668.7581,545342040
M02,55,39263.1992,39510.1114,38759.1517,38771.5963,38771.5963,594745653
M02,56,38653.8255,38781.2033,37694.2544,37694.2544,37694.2544,638289531
M02,57,38856.2676,39405.0384,38295.3333,39376.1899,39376.1899,598662721
M02,58,39446.7301,39447.1097,37860.3184,38105.6817,38105.6817,574704220
M02,59,37765.804,38078.5574,37347.8437,37608.4812,37608.4812,628597660
M02,60,37846.1114,38581.9374,37581.255,38273.0322,38273.0322,686698966
M02,61,37940.2013,38094.5326,36803.483,37150.4315,37150.4315,665388607
M02,62,37565.221,37778.7518,37081.7363,37657.066,37657.066,593588486
M02,63,36763.6795,38099.5653,36763.6795,38006.8425,38006.8425,578796450
M02,64,38265.2502,38336.0208,37927.6725,38142.8952,38142.8952,526193103
M02,65,37879.7383,38242.7043,37220.5359,37422.6643,37422.6643,636126505
M02,66,37892.0446,38454.6,37748.0618,37777.3032,37777.3032,492032777
M02,67,38311.6783,38620.8945,38061.4917,38492.4101,38492.4101,576466499
M02,68,38288.2972,38687.4075,38288.2972,38364.4385,38364.4385,448017355
M02,69,38683.0095,38976.6122,38645.3156,38836.5553,38836.5553,532560387
M02,70,39151.3412,39173.1537,38597.9586,38753.4258,38753.4258,454918577
M02,71,38894.139,39028.0998,38687.4319,38907.2399,38907.2399,448040992
M02,72,39119.0387,39571.5961,39072.5721,39476.7699,39476.7699,491763581
M02,73,39519.0159,39666.4198,39342.9997,39534.5168,39534.5168,516554621
M02,74,39736.812,39839.9522,39499.0027,39624.3133,39624.3133,530404637
M02,75,39273.2134,39285.9956,38744.813,38867.9506,38867.9506,476984461
M02,76,39114.2268,39232.7036,38680.4473,38866.7495,38866.7495,412183634
M02,77,38941.5193,39000.7949,37857.963,38107.195,38107.195,553972336
M02,78,38143.7821,38256.69,37692.0414,38109.7736,38109.7736,524164854
M02,79,38546.2486,38891.6694,38411.0735,38754.155,38754.155,597215713
M02,80,38988.9822,38997.8137,38384.4402,38578.6916,38578.6916,566798388
M02,81,38668.7334,38863.052,38297.2202,38301.881,38301.881,474581859
M02,82,38347.084,38779.9378,38252.11,38765.967,38765.967,506953064
M02,83,38765.449,38933.848,38527.9728,38561.5316,38561.5316,498252599
M02,84,38441.5002,38700.2791,38039.4596,38567.299,38567.299,596217467
M02,85,38494.5881,39380.3964,38452.2029,39278.8454,39278.8454,520133205
M02,86,39341.0458,39612.2374,39308.1246,39468.1122,39468.1122,551748628
M02,87,39435.446,39563.0152,39268.9082,39498.2791,39498.2791,487596827
M02,88,39641.6896,39986.1406,39519.3054,39959.5207,39959.5207,602219005
M02,89,39965.0522,40281.528,39952.7191,40231.6542,40231.6542,558007049
M02,90,40272.0467,40401.1297,40153.7984,40320.5742,40320.5742,560933080
M02,91,40155.3425,40311.9206,40006.3835,40057.3499,40057.3499,517728758
M02,92,40381.1215,40393.3007,40159.8897,40328.0762,40328.0762,539817539
M02,93,40111.3544,40422.7021,40111.0269,40340.8023,40340.8023,532875065
M02,94,40352.5536,40603.0492,40193.3208,40368.3572,40368.3572,545874946
M02,95,40092.3834,40183.9553,39981.4886,40037.9422,40037.9422,560304668
M02,96,40374.3376,40513.2931,40166.4794,40307.2874,40307.2874,491379886
M02,97,40468.3753,40532.0686,40192.8728,40237.2077,40237.2077,510669384
M02,98,40105.3129,40606.969,40103.073,40602.4865,40602.4865,526838911
M02,99,40335.2406,40408.0074,39984.7646,40348.5006,40348.5006,500632381
M02,100,40535.5995,40702.9909,40499.4444,40599.2243,40599.2243,475980284
M02,101,40246.7014,40445.9089,40006.1532,40236.2573,40236.2573,573238663
M02,102,40479.3192,40726.715,40453.4885,40664.8122,40664.8122,483038769
M02,103,40521.4235,40721.6498,40390.0589,40448.268,40448.268,683620457
M02,104,40564.0186,40941.7217,40561.6882,40925.1995,40925.1995,529394157
M02,105,41413.9777,41616.8868,41365.3981,41613.0028,41613.0028,583322782
M02,106,41509.4421,41635.365,41406.0684,41599.3088,41599.3088,540945058
M02,107,41469.3754,41679.8983,41304.1561,41666.8407,41666.8407,576161894
M02,108,41917.8049,41917.8049,41374.5961,41578.318,41578.318,608444579
M02,109,41509.161,41759.2712,41440.4126,41715.2381,41715.2381,511593352
M02,110,41505.1435,41668.2379,41481.4249,41574.0178,41574.0178,495079999
M02,111,41695.6685,41882.4702,41672.0855,41858.2372,41858.2372,527054115
M02,112,41920.2959,42110.8257,41772.2089,41821.3917,41821.3917,571837662
M02,113,41826.9985,42071.0781,41826.9985,42030.1364,42030.1364,499989349
M02,114,41983.3842,42150.1781,41870.9401,42099.416,42099.416,795648074
M02,115,41860.2521,42167.1449,41772.4834,42154.4661,42154.4661,574227566
M02,116,41488.1616,41861.6293,41364.9711,41851.7681,41851.7681,573236598
M02,117,42245.5178,42476.4936,42198.3439,42339.9746,42339.9746,697530193
M02,118,42510.0589,42527.2279,41959.0864,42034.0212,42034.0212,609907789
M02,119,41981.404,41981.5126,41652.8629,41727.1725,41727.1725,1050685747
M02,120,41463.9278,41510.7098,40630.4778,40925.4087,40925.4087,615856435
M02,121,40971.7169,41209.0182,40826.6771,41014.5106,41014.5106,564699941
M02,122,41172.1566,41304.2526,40400.632,40405.5716,40405.5716,649113432
M02,123,40453.4971,40931.8831,40352.6106,40810.113,40810.113,574020873
M02,124,41120.2881,41280.8636,40895.8328,40935.8928,40935.8928,585735788
M02,125,40500.937,41132.4829,40453.1102,41130.2537,41130.2537,464702454
M02,126,41182.9335,41186.7309,40667.0106,40689.6255,40689.6255,317534645
M02,127,41216.1861,41426.5055,41002.0445,41411.441,41411.441,441359636
M02,128,41798.1675,42347.7771,41758.1063,42306.9474,42306.9474,436634780
M02,129,42181.3484,42320.6822,42019.425,42314.7924,42314.7924,464081069
M02,130,42208.9359,42246.1447,41998.9953,42146.8515,42146.8515,460856165
M02,131,41948.4823,42219.0228,41937.9676,42047.1081,42047.1081,528495968
M02,132,42307.6985,42705.8519,42275.2274,42696.3019,42696.3019,495114970
M02,133,42970.6186,43057.903,42837.3293,42961.6149,42961.6149,469910782
M02,134,42673.6584,42712.2338,42457.0124,42531.8803,42531.8803,416203869
M02,135,42280.4849,42908.6933,42267.6112,42843.081,42843.081,454455182
M02,136,42855.2676,42878.9315,42655.6975,42828.0572,42828.0572,456461964
M02,137,42725.4003,42834.8101,42623.6321,42700.8448,42700.8448,496536000
M02,138,43017.0718,43111.2439,42867.7766,42891.5821,42891.5821,467618522
M02,139,42390.1685,42606.4357,42225.2088,42579.8858,42579.8858,396582737
M02,140,43059.0424,43137.6048,42514.8706,42658.7205,42658.7205,529974826
M02,141,42839.5405,43354.441,42837.7367,43348.5945,43348.5945,495214399
M02,142,42998.1758,43180.4009,42921.6914,43020.859,43020.859,598889746
M02,143,42863.6341,42863.6341,41827.1052,42036.0514,42036.0514,540521176
M02,144,42155.2235,42182.4163,41441.145,41581.5291,41581.5291,560047918
M02,145,41918.1038,42218.7496,41700.4247,42012.2956,42012.2956,566112412
M02,146,42277.4707,42446.8719,42106.6998,42307.4983,42307.4983,596719109
M02,147,41984.8891,42803.4269,41984.8891,42769.6607,42769.6607,567635069
M02,148,42498.4135,42524.6655,42303.1289,42459.1708,42459.1708,562466110
M02,149,42375.9535,42648.0228,42334.3882,42648.0228,42648.0228,597691818
M02,150,42931.6828,43038.3773,42877.3537,42959.1467,42959.1467,636360760
M02,151,42903.8916,43021.9859,42819.2815,42949.2461,42949.2461,537446827
M02,152,42949.4576,43150.0317,42919.723,42978.1019,42978.1019,568513504
M02,153,42782.7251,42954.6267,42693.4986,42806.7515,42806.7515,601727249
M02,154,42858.9268,43080.9771,42674.7231,42704.4313,42704.4313,479170994
M02,155,42705.0684,42870.2217,42528.8699,42830.2812,42830.2812,526306795
M02,156,42595.1788,42718.6562,42173.4272,42399.3838,42399.3838,612076350
M02,157,42702.2345,42826.1887,42531.9594,42590.7717,42590.7717,506022628
M02,158,42564.9123,42806.1975,42379.2735,42727.2095,42727.2095,492929831
M02,159,42844.5394,42859.688,42590.4034,42771.4744,42771.4744,460059819
M02,160,42642.0344,42955.2667,42624.0869,42745.8105,42745.8105,480319634
M02,161,42829.4382,43122.0455,42811.9648,43075.4718,43075.4718,442494250
M02,162,43277.7352,43496.4136,43168.3102,43233.7782,43233.7782,520452910
M02,163,43145.2584,43373.8656,43141.3848,43353.5147,43353.5147,438201750
M02,164,43604.4185,43797.0714,43533.2509,43758.6495,43758.6495,597699634
M02,165,43826.7678,43866.5672,43666.3774,43777.867,43777.867,505905548
M02,166,44067.1113,44446.3016,44054.842,44425.1009,44425.1009,565337409
M02,167,44141.3548,44354.5827,44007.0342,44109.5048,44109.5048,491739134
M02,168,44017.5518,44238.2564,44017.5518,44182.2503,44182.2503,461840677
M02,169,44322.5767,44410.9135,44071.5341,44340.6599,44340.6599,548331579
M02,170,44245.2087,44268.829,43635.9128,43815.7746,43815.7746,681517245
M02,171,43741.0468,43761.2825,43124.2752,43327.9324,43327.9324,617346699
M02,172,43184.4201,43643.4059,43157.7827,43314.5962,43314.5962,508673521
M02,173,43508.2405,43538.1606,43238.7395,43423.7967,43423.7967,563463412
M02,174,43100.211,43599.4595,43024.0532,43523.8508,43523.8508,665247183
M02,175,43682.5589,43718.3443,43271.9048,43657.0914,43657.0914,652127386
M02,176,43884.079,44090.224,43828.7841,43959.6688,43959.6688,632938242
M02,177,43916.2421,43996.5106,43662.4655,43828.0387,43828.0387,587468129
M02,178,43789.6215,43847.534,43229.9918,43261.3331,43261.3331,629090512
M02,179,43275.1716,43727.0575,43261.1543,43562.8491,43562.8491,629472889
M02,180,43785.3615,43859.9835,43538.9013,43716.5714,43716.5714,549322577
M02,181,43906.3042,44156.3897,43867.198,44096.903,44096.903,631889041
M02,182,43857.1058,43942.0193,43518.8662,43558.624,43558.624,989240469
M02,183,43893.1464,44216.6765,43744.3754,44190.9693,44190.9693,606596367
M02,184,43655.5462,43723.9096,43533.8816,43687.6286,43687.6286,599207476
M02,185,43921.3131,44224.7485,43762.7668,43804.488,43804.488,593515218
M02,186,43967.0622,44242.9921,43948.9186,44080.8,44080.8,519817029
M02,187,43874.2816,44096.0454,43827.0973,43993.7479,43993.7479,587927532
M02,188,44685.2519,44772.9485,44289.1236,44385.9317,44385.9317,600401481
M02,189,44010.9248,44173.7057,43788.9087,43874.2466,43874.2466,662767338
M02,190,43836.2626,43941.4538,43712.8494,43784.1038,43784.1038,789811352
M02,191,43698.0776,43719.0693,42822.4578,43075.8427,43075.8427,924349355
M02,192,42796.5478,42948.2297,41933.5825,42327.4857,42327.4857,695678766
M02,193,42233.0355,42506.8065,41730.082,42172.2522,42172.2522,592441339
M02,194,42310.1827,42700.1915,42257.8482,42362.2471,42362.2471,605455381
M02,195,42469.5866,42508.8881,40959.8178,40968.0409,40968.0409,773043601
M02,196,40438.4418,41013.9241,39814.3022,40115.4531,40115.4531,718517519
M02,197,40860.1207,40908.2858,40100.8629,40800.5288,40800.5288,707715093
M02,198,40865.7068,41016.6299,40465.1047,40632.8168,40632.8168,532553360
M02,199,40782.1411,41632.1674,40736.803,41563.3984,41563.3984,634469229
M02,200,41644.2893,41650.9708,41067.7837,41500.0701,41500.0701,621954561
M02,201,41525.6026,41527.727,40631.4057,40809.5806,40809.5806,662920252
M02,202,41085.047,41372.7452,40529.2903,40642.3944,40642.3944,650696465
M02,203,40850.3591,41034.783,40512.0647,40751.5425,40751.5425,566685288
M02,204,39927.4134,40712.1193,39554.6479,40521.2141,40521.2141,738187504
M02,205,40387.5125,40455.4124,38623.581,38674.7231,38674.7231,731994237
M02,206,39269.2883,40182.2335,39165.8966,39928.6401,39928.6401,753253054
M02,207,39179.134,40048.6944,38804.2326,39410.2426,39410.2426,799933359
M02,208,39768.1773,39894.9882,37856.4958,38553.4922,38553.4922,660372833
M02,209,38315.8462,39129.1842,38226.36,39100.8484,39100.8484,707632186
M02,210,39631.1479,40131.5063,39598.5229,39790.6164,39790.6164,771842888
M02,211,39808.3415,40395.3772,39583.8718,40385.491,40385.491,728388159
M02,212,40391.3941,40622.6742,39709.4655,40026.7094,40026.7094,729832272
M02,213,39846.759,39874.7008,39368.2114,39764.1257,39764.1257,581466950
M02,214,39907.0943,40313.2991,39878.8791,40178.8594,40178.8594,564026831
M02,215,40584.6088,41275.9469,40528.9066,41264.0639,41264.0639,713749085
M02,216,41096.3862,41220.3712,40854.1934,41023.9896,41023.9896,600363931
M02,217,40632.8346,40664.5535,39985.2466,40297.6428,40297.6428,642927249
M02,218,40287.6982,40326.2133,39356.121,39394.9647,39394.9647,574655288
M02,219,39369.3796,39850.8608,39108.9562,39207.0178,39207.0178,644964553
M02,220,39359.6696,39468.9914,38470.0197,38660.8224,38660.8224,647195169
M02,221,38768.2059,39648.0722,38547.6245,39565.0617,39565.0617,610800925
M02,222,39131.3803,39573.4131,39012.2503,39426.5956,39426.5956,645954056
M02,223,39130.8613,39168.1631,38014.824,38107.4298,38107.4298,675098147
M02,224,37645.5767,38343.5129,37444.5584,37872.4646,37872.4646,694830700
M02,225,38136.6454,38379.1539,37951.6285,38064.2551,38064.2551,474475363
M02,226,37831.4928,38205.2967,37829.5253,37937.8874,37937.8874,231168477
M02,227,38301.8572,38614.9124,38174.4121,38603.5738,38603.5738,509510110
M02,228,38366.9913,38715.2316,38220.5786,38592.9585,38592.9585,539118134
M02,229,38923.7331,39783.6454,38683.1555,39777.5349,39777.5349,629306024
M02,230,39697.4493,39984.7172,39426.0751,39728.6395,39728.6395,541013331
M02,231,39518.8241,39809.219,39390.5948,39797.0039,39797.0039,695018764
M02,232,40911.7621,40913.8381,40398.545,40667.9128,40667.9128,785002424
M02,233,40222.8481,40294.3009,38822.8559,38868.0325,38868.0325,708691872
M02,234,38390.5462,39334.1373,38211.5887,39327.2424,39327.2424,744133550
M02,235,39272.8366,39502.4372,38076.4747,38207.9416,38207.9416,686521038
M02,236,37682.6285,38159.048,37246.0084,38012.3156,38012.3156,614663759
M02,237,38596.6959,38640.9738,37845.2634,38109.851,38109.851,615324507
M02,238,38747.6746,39129.8235,38582.1804,38591.6947,38591.6947,668800111
M02,239,38961.7426,39067.4586,38413.1874,38607.0889,38607.0889,585716720
M02,240,38046.4274,38268.6153,37570.5734,37634.1255,37634.1255,577756957
M02,241,37393.6186,37639.8705,36435.4904,36672.8921,36672.8921,718259630
M02,242,37079.5895,37283.5064,36665.1699,36938.5109,36938.5109,669498006
M02,243,36678.053,37171.9759,35643.9386,35916.3082,35916.3082,755715634
M02,244,35963.3338,36281.4012,35093.3378,35531.4663,35531.4663,843674244
M02,245,35749.6473,35821.3803,34287.4617,34441.6983,34441.6983,1277188157
M02,246,33972.65,34387.6161,33494.7525,33509.6326,33509.6326,419954667
M02,247,33973.3442,35589.3667,33737.078,35583.0153,35583.0153,674829039
M02,248,35160.4304,35845.5394,34505.8148,35826.375,35826.375,621132925
M02,249,36072.5382,36439.9268,35595.1367,35896.6128,35896.6128,558642037
M02,250,36174.3185,36231.1133,35742.0452,36096.8497,36096.8497,568619628
M02,251,35250.9871,36262.9693,35250.8231,36112.5261,36112.5261,622506458
M02,252,35949.7436,36034.0385,35252.8886,35287.6664,35287.6664,637389860
M02,253,35763.6536,36817.6966,35693.4027,36698.8133,36698.8133,643108863
M02,254,36836.5186,37371.1176,36748.5917,37195.9718,37195.9718,638633023
M02,255,37228.4205,37315.5862,36701.4337,37247.6468,37247.6468,652067691
M02,256,37632.1241,37970.0121,37504.3837,37817.0489,37817.0489,595926951
M02,257,37677.63,38128.7603,37505.458,38099.8542,38099.8542,585087845
M02,258,38002.8892,38157.0894,37927.0752,38134.2797,38134.2797,542401474
M02,259,37589.1843,37742.579,37477.3651,37577.7037,37577.7037,531953531
M02,260,37526.7187,38038.1272,37509.0147,38027.1908,38027.1908,552908683
M02,261,38175.5363,38424.5484,38144.9802,38180.6378,38180.6378,575156755
M02,262,37971.0859,38533.4393,37935.8251,38373.7024,38373.7024,589493526
M02,263,38817.301,39096.3191,38613.369,38943.1529,38943.1529,618529391
M02,264,38734.6408,38737.8571,38027.6785,38248.6036,38248.6036,643588068
M02,265,38135.8448,38261.1355,37550.3321,37942.0785,37942.0785,596478814
M02,266,38276.8234,38476.3535,38209.9701,38446.4593,38446.4593,631350893
M02,267,38869.9664,39122.8759,38776.7729,39069.9808,39069.9808,635078201
M02,268,38448.4303,38509.7849,38226.9254,38506.4176,38506.4176,668971099
M02,269,38590.3041,38616.4383,38176.3867,38267.968,38267.968,539556301
M02,270,38451.6818,39028.9891,38293.3169,38930.188,38930.188,630247527
M02,271,39345.1317,39863.4086,39333.0155,39746.7085,39746.7085,757465477
M02,272,39486.5883,39723.6798,39416.0648,39527.4007,39527.4007,600470326
M02,273,39512.0319,39957.6545,39483.7016,39953.9028,39953.9028,570498177
M02,274,40061.4052,40346.442,40056.0684,40310.499,40310.499,596899781
M02,275,40273.9512,40330.1685,39981.6029,40137.027,40137.027,518705365
M02,276,39942.1011,40052.5962,39497.4497,39788.4257,39788.4257,604450678
M02,277,39334.9995,39700.1609,39296.0595,39693.4182,39693.4182,534889469
M02,278,39819.4175,39907.3991,39616.4974,39713.6097,39713.6097,528399098
M02,279,40037.7264,40367.328,39988.4859,40341.1576,40341.1576,592054800
M02,280,40586.0178,40718.0776,40457.1235,40492.8123,40492.8123,606674126
M02,281,39915.2582,40261.8444,39836.7264,40113.4785,40113.4785,546216108
M02,282,40718.1326,40765.6187,40563.7881,40739.0698,40739.0698,634748507
M02,283,40555.0734,40865.5472,40552.4608,40751.1334,40751.1334,546578227
M02,284,40770.6629,40897.9783,40579.8268,40763.9122,40763.9122,591996285
M02,285,40613.9228,40670.0992,40372.0454,40528.6236,40528.6236,586428921
M02,286,40798.4156,41048.7703,40784.1277,41048.7703,41048.7703,604251636
M02,287,41202.0942,41296.5546,41019.0961,41034.5773,41034.5773,559363332
M02,288,41053.3785,41260.0277,40993.5579,41129.7057,41129.7057,618273816
M02,289,41023.1468,41218.6587,40799.5118,41176.2519,41176.2519,610648365
M02,290,41105.9775,41261.9798,41014.1431,41101.7199,41101.7199,598327196
M02,291,41278.8584,41363.6736,41024.7901,41321.8371,41321.8371,632905201
M02,292,41674.304,41712.7226,40937.2588,41352.0567,41352.0567,658474607
M02,293,41519.0817,41608.7212,41306.8946,41486.6093,41486.6093,619532265
M02,294,41336.3171,41356.1801,40924.2855,40957.2973,40957.2973,594038159
M02,295,40790.4588,40819.2922,40318.4442,40450.7282,40450.7282,647307578
M02,296,40069.7829,40491.3856,40061.9694,40472.9203,40472.9203,565535765
M02,297,40443.0518,41071.6049,40442.1815,41070.6816,41070.6816,552271372
M02,298,41444.8163,41659.8157,41382.4719,41549.797,41549.797,544426714
M02,299,41622.0531,41926.1883,41611.568,41742.3653,41742.3653,611509868
M02,300,41485.1426,41530.2379,41388.712,41409.8221,41409.8221,564995270
M02,301,41930.4482,42240.0632,41895.5713,42095.3557,42095.3557,910614633
M02,302,41837.218,42061.6691,41735.8936,41935.6095,41935.6095,612770666
M02,303,42275.5143,42387.3241,42012.2268,42147.5555,42147.5555,585844972
M02,304,41984.1871,42295.6726,41723.6999,42022.3549,42022.3549,608943259
M02,305,42184.6872,42976.7607,42184.6872,42915.7187,42915.7187,640683970
M02,306,42608.9848,42705.0163,41747.6545,41748.2012,41748.2012,660816388
M02,307,41714.2538,41951.8702,41496.9496,41815.8709,41815.8709,566837345
M02,308,42024.1711,42232.4905,41746.9751,41977.8901,41977.8901,547542399
M02,309,41960.976,42019.7604,41307.4309,41641.3407,41641.3407,611627101
M02,310,41892.9709,42052.0661,41672.8434,41942.7394,41942.7394,460361518
M02,311,41985.0441,42022.5922,41777.4737,41999.2255,41999.2255,567558479
M02,312,42574.0635,42744.4089,42447.7077,42730.5453,42730.5453,582221006
M02,313,42495.3899,42660.0035,42422.9943,42626.1686,42626.1686,578299263
M02,314,42944.5026,43200.7139,42834.1355,42968.2825,42968.2825,663488628
M02,315,42855.2697,42982.2469,42587.6377,42841.8067,42841.8067,616185881
M02,316,43042.1109,43183.1848,43012.9089,43173.6119,43173.6119,554190679
M02,317,43343.4243,43513.0253,43162.7192,43501.9773,43501.9773,557318946
M02,318,43469.0772,43583.0589,43320.0979,43384.11,43384.11,562811677
M02,319,43104.9645,43336.7376,43073.245,43330.8081,43330.8081,523870064
M02,320,43675.4412,43675.4412,43446.582,43522.9763,43522.9763,515980358
M02,321,43530.3858,43573.6751,43358.4263,43530.4417,43530.4417,526323208
M02,322,43512.2659,43545.8783,43220.3178,43451.5211,43451.5211,457576537
M02,323,43658.9892,43751.7046,43540.2465,43657.1347,43657.1347,566816962
M02,324,43872.9994,43913.517,43482.5837,43606.3786,43606.3786,575198988
M02,325,43932.9691,43954.1701,43672.1765,43930.8262,43930.8262,550363501
M02,326,43509.0422,43769.8975,43490.0965,43759.6343,43759.6343,486792179
M02,327,44055.8517,44616.3511,44039.7154,44572.166,44572.166,525906999
M02,328,44535.0405,44626.4361,44418.9193,44420.6166,44420.6166,533438994
M02,329,44559.642,44565.0528,44147.2216,44383.7732,44383.7732,583967674
M02,330,44440.7911,44693.931,44224.6866,44693.8212,44693.8212,469861016
M02,331,44505.4952,44660.7914,44444.0995,44583.062,44583.062,512249570
M02,332,44192.379,44299.7925,43895.9768,44140.4707,44140.4707,569557485
M02,333,44620.8206,44692.5274,44156.1182,44163.855,44163.855,586602613
M02,334,43852.4657,44111.7721,43472.5538,43799.5475,43799.5475,547473802
M02,335,44238.5711,44631.22,44194.4025,44627.3391,44627.3391,529102656
M02,336,43894.158,44739.3368,43894.158,44671.971,44671.971,523447209
M02,337,44056.1877,44206.5387,43264.7284,43619.3227,43619.3227,649309460
M02,338,43427.7044,43746.0517,43302.6055,43411.7439,43411.7439,596927498
M02,339,43017.7512,43437.1799,42705.2479,43332.0626,43332.0626,630718805
M02,340,43121.9864,43494.2062,42454.6357,43316.9326,43316.9326,632787382
M02,341,42230.9352,42453.9051,41723.0219,41831.3324,41831.3324,696775885
M02,342,42264.3409,42739.9871,42130.4502,42510.7385,42510.7385,487419924
M02,343,42061.2045,42914.8256,42058.141,42824.1077,42824.1077,532152217
M02,344,42690.6419,43310.0785,42658.4292,43047.4776,43047.4776,553596792
M02,345,42759.087,43248.8849,42657.0658,42689.4515,42689.4515,557968882
M02,346,42441.7392,42624.456,42245.2677,42377.4764,42377.4764,529829955
M02,347,42723.862,42937.7139,42654.266,42834.7235,42834.7235,544077250
M02,348,42598.6497,42799.4471,42535.7136,42604.3665,42604.3665,498745076
M02,349,41906.3173,41930.5489,41493.8557,41728.8589,41728.8589,587336405
M02,350,42097.3132,42199.2172,41854.2374,41885.8273,41885.8273,463683860
M02,351,41961.0312,42169.7499,41676.5627,41696.2415,41696.2415,600723606
M02,352,41390.3657,41544.2974,41121.4081,41359.0753,41359.0753,652551074
M02,353,41450.2637,41617.0406,41243.1631,41462.6474,41462.6474,481028998
M02,354,40940.417,41137.2001,40815.9114,40842.8723,40842.8723,608700230
M02,355,40667.9731,40757.8773,39853.7088,40076.6894,40076.6894,634032687
M02,356,40637.9701,41271.3885,40479.4515,41258.3437,41258.3437,569786832
M02,357,41543.7686,41564.5252,41064.5096,41487.9062,41487.9062,558995940
M02,358,41548.8263,41833.1154,41351.4454,41731.3547,41731.3547,538969373
M02,359,41744.735,42366.8436,41717.1338,42230.9126,42230.9126,536512816
M02,360,42739.4834,43268.7068,42722.438,42872.6515,42872.6515,516514928
M02,361,43235.5352,43284.5119,42675.1333,42806.1358,42806.1358,545707460
M02,362,42954.7781,43043.0218,42794.2596,42897.4748,42897.4748,529899110
M02,363,42959.9663,43101.6538,42910.76,43039.981,43039.981,503137265
M02,364,43014.7739,43080.9999,42854.6098,42956.7586,42956.7586,456602058
M02,365,42802.8409,43057.6502,42765.5071,42942.9173,42942.9173,496736666
M02,366,43335.9123,43796.7369,43284.9767,43515.9086,43515.9086,576697808
M02,367,43462.4583,43616.9445,43244.9902,43555.4882,43555.4882,520663435
M02,368,44416.222,44424.0738,43918.7568,44217.9042,44217.9042,503381260
M02,369,44098.4185,44341.9061,44002.3543,44115.0063,44115.0063,818383841
M02,370,44135.9248,44174.2389,43938.5889,43944.464,43944.464,524177010
M02,371,43722.5156,43733.6577,43033.6832,43064.1067,43064.1067,515850106
M02,372,43258.0943,43478.1483,43089.8904,43127.5134,43127.5134,551262247
M02,373,43322.7862,43525.8861,43301.5615,43477.7562,43477.7562,546076100
M02,374,43553.4078,43670.0233,43404.5737,43648.7084,43648.7084,1044525058
M02,375,44599.4433,44624.6294,44125.5173,44300.0098,44300.0098,572801755
M02,376,44037.4577,44161.1852,43909.2658,44159.6589,44159.6589,499488223
M02,377,44278.2043,44499.6624,44238.8258,44499.6624,44499.6624,405013504
M02,378,44142.9161,44407.506,43981.9593,44352.1856,44352.1856,463286672
M02,379,44233.1753,44499.678,44044.9654,44153.9534,44153.9534,523131754
M02,380,43976.7121,44443.5137,43976.2193,44414.8738,44414.8738,486962741
M02,381,44494.1002,44741.0042,44371.0557,44599.2585,44599.2585,549458743
M02,382,44887.2559,44924.935,44627.0268,44760.336,44760.336,531093360
M02,383,44661.1472,44859.5032,44619.3615,44851.231,44851.231,484644029
M02,384,45178.6741,45187.4253,45031.5437,45151.3955,45151.3955,440411527
M02,385,44996.3985,45040.5125,44737.7638,44839.0226,44839.0226,530606012
M02,386,45198.1624,45234.8196,44981.9552,44984.9768,44984.9768,447616883
M02,387,44383.5252,44731.0048,44292.928,44685.5972,44685.5972,527734252
M02,388,44878.4309,44902.6113,44351.7942,44361.9248,44361.9248,484963220
M02,389,44346.6298,44598.588,44344.1867,44521.0938,44521.0938,446855900
M02,390,45118.0232,45169.0944,44851.9385,45166.7424,45166.7424,462272165
M02,391,45171.1109,45689.6705,45166.3873,45687.9708,45687.9708,507736784
M02,392,45396.8864,45403.8399,45061.504,45089.6334,45089.6334,478144364
M02,393,45435.4809,45683.8488,45418.0629,45632.1938,45632.1938,521659618
M02,394,45425.2433,45426.2291,45001.1185,45251.8954,45251.8954,508914109
M02,395,44878.9166,45226.1515,44858.4719,45107.0292,45107.0292,514811955
M02,396,45275.8982,45325.2124,44288.6633,44645.8109,44645.8109,661486392
M02,397,44905.1721,45565.7098,44301.8718,44469.6385,44469.6385,810269457
M02,398,44127.3877,44195.196,43564.5956,43840.6508,43840.6508,581123295
M02,399,42796.7269,42868.4991,41919.11,42264.5117,42264.5117,685300955
M02,400,42846.5739,43068.9179,42490.0552,43004.467,43004.467,524546729
M02,401,42240.2092,42971.4124,41995.6743,42870.2738,42870.2738,613758228
M02,402,43402.1474,44057.0501,43262.7628,44046.3116,44046.3116,609943924
M02,403,43866.0515,43994.2409,43389.7191,43657.3414,43657.3414,615601013
M02,404,43305.8902,43401.7301,42902.2662,43064.4827,43064.4827,561249904
M02,405,43074.479,44242.1863,43070.1452,43974.0511,43974.0511,639600086
M02,406,43112.8181,43238.4224,42486.376,42546.9614,42546.9614,701554226
M02,407,42331.7235,42417.1998,41931.5094,42203.5901,42203.5901,593168319
M02,408,42949.6838,43384.0439,42949.6838,43320.7866,43320.7866,537860101
M02,409,43744.8421,43857.2333,43142.777,43726.4282,43726.4282,455988684
M02,410,43638.4867,43754.3931,43413.0667,43415.6351,43415.6351,440283883
M02,411,43616.4474,43724.5497,43515.4192,43633.5311,43633.5311,408706925
M02,412,44190.5212,44244.3386,43631.6253,43929.9563,43929.9563,458480326
M02,413,43559.8645,43898.148,42392.5146,42507.6704,42507.6704,584434430
M02,414,42746.5823,42891.0438,42525.3021,42878.4877,42878.4877,399638608
M02,415,43438.3956,43482.6112,42814.458,42988.9525,42988.9525,504782116
M02,416,42519.3507,42892.946,42346.6192,42838.4757,42838.4757,418337191
M02,417,43562.2161,43817.2055,43452.8432,43713.5881,43713.5881,431495330
M02,418,44010.2812,44025.3811,43458.8875,43723.2165,43723.2165,449061326
M02,419,43268.5905,43454.2759,42945.0512,43091.9369,43091.9369,504417413
M02,420,43473.351,43646.1554,43359.2232,43621.3817,43621.3817,466480827
M02,421,44046.4966,44446.0747,44046.4966,44349.9647,44349.9647,510018617
M02,422,44318.2058,44366.2573,44170.6159,44195.4313,44195.4313,475567376
M02,423,44533.2053,44537.3131,44102.8737,44295.1179,44295.1179,589337215
M02,424,44087.6318,44287.8055,43823.1064,44274.8276,44274.8276,647633906
M02,425,44332.5907,44759.9361,44277.1447,44759.9361,44759.9361,586095548
M02,426,45000.679,45204.7729,44836.9964,44934.272,44934.272,560037390
M02,427,44872.0128,44979.5578,44734.5047,44796.0816,44796.0816,561695174
M02,428,44493.0396,44732.3876,44490.9023,44667.7979,44667.7979,507610334
M02,429,44556.6273,44773.0502,44508.3446,44760.9662,44760.9662,442301759
M02,430,44845.5516,44874.3528,44360.5942,44860.7478,44860.7478,535362650
M02,431,45023.1485,45264.0451,44917.2612,44964.2981,44964.2981,462856900
M02,432,44924.0118,45022.4807,44382.1729,44555.1192,44555.1192,868666350
M02,433,44486.3644,44647.2641,44370.2964,44519.1247,44519.1247,448242647
M02,434,44495.2641,44558.6169,43525.4287,43656.3929,43656.3929,580981115
M02,435,43752.5876,44323.8969,43450.9424,44227.4185,44227.4185,607979373
M02,436,44154.5112,44165.3979,43721.7263,43938.6117,43938.6117,480186952
M02,437,43840.2912,43866.0067,42985.888,43254.7451,43254.7451,508832837
M02,438,43662.8821,43926.4262,43583.6058,43856.1392,43856.1392,475684731
M02,439,43677.5871,43871.6832,43021.6746,43034.6804,43034.6804,556566268
M02,440,43394.615,43403.2944,42807.7947,43030.485,43030.485,643241532
M02,441,42713.125,43180.6795,42235.8054,43180.6795,43180.6795,588336894
M02,442,43434.9177,43864.3007,43385.2142,43841.5085,43841.5085,469331111
M02,443,43537.7568,43849.1151,43459.3421,43537.0995,43537.0995,448537140
M02,444,43200.1878,43329.3238,42792.4854,42792.7578,42792.7578,512005423
M02,445,43166.3763,43357.4987,43043.6995,43208.9102,43208.9102,414259066
M02,446,43243.6849,43671.9322,43217.6989,43496.5404,43496.5404,469743261
M02,447,43966.1876,44340.2148,43963.2372,44019.1841,44019.1841,532776768
M02,448,43891.2167,44030.3487,43847.8952,43914.6771,43914.6771,363614590
M02,449,44078.8293,44577.3801,44062.2344,44482.0141,44482.0141,527155116
M02,450,44410.7899,44554.854,44320.9261,44434.692,44434.692,544280826
M02,451,44655.4439,44692.1975,44406.0864,44545.8927,44545.8927,499246786
M02,452,44412.6344,44453.5589,43843.2704,44083.9745,44083.9745,574372110
M02,453,44543.888,44690.1533,44433.5321,44683.8588,44683.8588,465352748
M02,454,44630.7685,44666.1978,44161.2467,44173.8913,44173.8913,486020422
M02,455,44298.1841,44476.9028,44233.0795,44459.9843,44459.9843,475174594
M02,456,44717.6564,44760.2954,44485.9791,44749.1432,44749.1432,501876594
M02,457,44471.7683,45014.0111,44471.7683,44976.6378,44976.6378,475028321
M02,458,45375.0543,45647.7177,45372.3162,45595.3135,45595.3135,495379307
M02,459,45681.2072,45713.8494,45471.2464,45480.6425,45480.6425,477401521
M02,460,45246.7187,45417.2332,45014.1567,45354.3163,45354.3163,489417290
M02,461,45313.7046,45354.1435,44956.3438,45193.6973,45193.6973,596793416
M02,462,45668.457,45951.7268,45621.9382,45949.8113,45949.8113,570335027
M02,463,46324.805,46357.0035,46192.0634,46257.3388,46257.3388,546040420
M02,464,46308.0291,46367.0723,46167.8415,46242.5664,46242.5664,640481940
M02,465,45868.1104,45868.1104,45610.969,45781.3423,45781.3423,564137814
M02,466,46268.4405,46421.9359,46053.7083,46155.7624,46155.7624,596045437
M02,467,46137.3985,46427.1744,46045.4801,46425.7461,46425.7461,444399430
M02,468,46510.0193,46708.776,46478.1385,46692.1729,46692.1729,431663035
M02,469,46282.1363,46521.2734,46237.9904,46364.1963,46364.1963,483677148
M02,470,45995.4189,46223.2513,45975.4013,46142.7348,46142.7348,535844324
M02,471,46222.3798,46355.1339,46115.9642,46320.4942,46320.4942,557201112
M02,472,46534.3396,46623.5906,46437.8226,46623.5906,46623.5906,581595967
M02,473,46807.2777,46975.3182,46667.1162,46921.318,46921.318,570094643
M02,474,46769.0885,46833.0986,46543.9722,46728.9637,46728.9637,518283229
M02,475,46665.1889,46854.7168,46255.8624,46573.2092,46573.2092,668413799
M02,476,46805.8551,46821.5544,46583.1283,46686.9717,46686.9717,556808086
M02,477,46587.4374,46614.3063,46297.719,46529.2196,46529.2196,480419725
M02,478,46979.1213,47382.5216,46979.1213,47378.8984,47378.8984,590441729
M02,479,47109.7202,47242.451,47056.3647,47178.0728,47178.0728,629331273
M02,480,47479.921,47678.8331,47441.5313,47674.8326,47674.8326,443477491
M02,481,47444.0262,47527.6928,47345.8282,47353.6409,47353.6409,263025105
M02,482,47674.3837,47674.3837,46945.0468,47098.028,47098.028,554694305
M02,483,46297.7434,46643.9113,46159.1939,46625.6301,46625.6301,629501338
M02,484,46866.5959,47016.8201,46838.8273,46917.0896,46917.0896,577146443
M02,485,47244.9002,47250.1813,46991.786,47150.1154,47150.1154,535039290
M02,486,47040.4356,47210.3648,47020.4414,47161.8212,47161.8212,545130161
M02,487,47286.7124,47439.7052,47116.766,47128.0292,47128.0292,557166729
M02,488,47328.9425,47478.2262,47204.142,47288.4393,47288.4393,549242955
M02,489,47019.21,47168.2593,46971.49,47144.1226,47144.1226,510382330
M02,490,47313.8221,47863.6135,47249.4586,47707.6404,47707.6404,606788623
M02,491,47343.3154,47641.9169,47254.5929,47457.2455,47457.2455,570769376
M02,492,47998.8374,48228.917,47990.4291,48123.981,48123.981,620614611
M02,493,48122.5175,48136.2548,47986.97,48089.2201,48089.2201,672511394
M02,494,48214.932,48291.9336,48137.2695,48177.2199,48177.2199,716896920
M02,495,48219.3786,48487.5628,48219.3786,48482.5976,48482.5976,612628743
M02,496,49084.6734,49195.2168,49029.7621,49156.9365,49156.9365,963007341
M02,497,49076.6809,49111.9904,48990.865,49051.7329,49051.7329,534554878
M02,498,49137.7085,49149.2884,49024.4016,49126.0215,49126.0215,280864297
M02,499,48893.6343,49178.4316,48884.0956,49178.0484,49178.0484,379951881
M02,500,49324.5473,49338.3387,48985.7991,49090.9936,49090.9936,514572545
M02,501,49265.6852,49276.1361,48744.4943,48945.8355,48945.8355,549253946
M02,502,48879.0782,49189.3842,48846.3558,49174.254,49174.254,609773825
M02,503,49479.8881,49775.3058,49323.5009,49768.5224,49768.5224,782606646
M02,504,49253.1211,49743.2698,49253.1211,49496.4111,49496.4111,661699279
M02,505,48813.1252,49516.7097,48813.1252,49511.5768,49511.5768,680394845
M02,506,49648.9753,49732.6114,49462.5048,49604.8897,49604.8897,602671573
M02,507,49736.7527,50289.9509,49689.3067,50072.4799,50072.4799,583844980
M02,508,50140.5788,50215.1209,49902.0909,50146.9001,50146.9001,683312392
M02,509,50605.7954,50618.1277,50231.4977,50309.329,50309.329,617340318
M02,510,50105.0342,50435.5096,49992.6824,50432.4613,50432.4613,708763582
M02,511,50744.303,50896.0318,50502.8039,50638.7691,50638.7691,656067955
M02,512,50698.7426,50945.6167,50574.8134,50725.8099,50725.8099,681889600
M02,513,51053.6185,51297.3886,50987.126,51293.0578,51293.0578,558482406
M02,514,51396.8392,51402.9153,51147.5232,51378.0713,51378.0713,623809095
M02,515,50738.6023,50936.4915,50679.6844,50791.3907,50791.3907,718376626
M02,516,51560.5396,51701.1933,51349.7731,51397.0945,51397.0945,627608125
M02,517,51130.4021,51302.0439,50892.736,51265.4058,51265.4058,604795351
M02,518,51844.7878,51873.4359,50895.4033,51124.1591,51124.1591,671222420
M02,519,49336.6301,49841.2047,49312.6471,49590.8409,49590.8409,682441835
M02,520,50048.1663,50521.6251,49942.16,50417.2495,50417.2495,565568652
M02,521,51124.6779,51184.2633,50744.9036,50888.2117,50888.2117,618871708
M02,522,50112.8346,50612.5381,49971.5422,50590.3938,50590.3938,622637568
M02,523,51206.5666,51209.1462,50102.1258,50254.36,50254.36,730196936
M02,524,50393.9121,50992.2855,50382.0142,50847.261,50847.261,603998782
M02,525,51551.5472,52028.7015,51418.0396,51933.2042,51933.2042,675852537
M02,526,52089.7654,52094.34,51441.3981,51733.8355,51733.8355,635132923
M02,527,52151.1446,52340.7043,51958.19,52321.5199,52321.5199,598959709
M02,528,52100.4922,52338.1181,51935.8262,52066.9683,52066.9683,574916322
M02,529,51862.4575,52600.1102,51862.4575,52598.6324,52598.6324,551353620
M02,530,53216.9755,53403.0561,52866.9209,52986.3758,52986.3758,642673944
M02,531,52884.2617,53103.5253,52764.6726,53088.1895,53088.1895,627076428
M02,532,53164.4832,53667.0045,53125.8335,53466.8852,53466.8852,631114826
M02,533,53120.2622,53215.5944,52924.5163,53132.7073,53132.7073,561201938
M02,534,52914.7099,53289.9586,52896.9958,53208.2855,53208.2855,622855089
M02,535,53588.1439,53892.4927,53556.866,53776.4161,53776.4161,661845782
M02,536,53848.9938,53968.0217,52957.3369,53583.9557,53583.9557,708231511
M02,537,52865.0525,52908.2921,51962.8423,52149.4041,52149.4041,712011256
M02,538,50447.7685,51185.8884,50324.6163,50628.0708,50628.0708,762810525
M02,539,51050.4168,51127.584,49070.63,49208.5039,49208.5039,908760253
M02,540,49295.2026,50043.368,48837.0713,49126.8863,49126.8863,938380938
M02,541,48139.8579,49021.1715,47137.9728,47162.3656,47162.3656,1191766576
M02,542,45380.6172,47148.0479,45349.9963,47013.8762,47013.8762,1368111892
M02,543,47295.1636,48854.0176,46619.6616,48850.5272,48850.5272,1166125012
M02,544,49274.4977,49852.8178,47283.6984,47729.9956,47729.9956,1115746307
M02,545,48425.8574,49444.6875,48006.8394,49434.4361,49434.4361,912341447
M02,546,48167.8629,48885.6621,47550.2893,47885.6536,47885.6536,868233639
M02,547,46168.3216,46949.7349,45656.4881,46749.4479,46749.4479,1095548183
M02,548,43583.5476,45146.4975,43502.656,43543.8412,43543.8412,1245568425
M02,549,44867.6721,45564.4002,43288.3625,45547.2038,45547.2038,1144959628
M02,550,44552.5812,44799.5944,42990.3329,43543.9355,43543.9355,1083860791
M02,551,40391.5023,42104.3761,39278.2836,39317.2082,39317.2082,1332823254
M02,552,41867.795,43328.6368,39715.0959,43322.8587,43322.8587,1153230321
M02,553,40378.8644,40539.8298,37593.9695,37712.658,37712.658,1148821217
M02,554,38938.4617,40778.7334,37600.008,40385.3283,40385.3283,1189792350
M02,555,37858.3648,39396.9286,36673.8513,38338.4012,38338.4012,1193978660
M02,556,38193.3895,40076.3492,37439.6682,39034.7794,39034.7794,1046364710
M02,557,39718.43,40301.3237,37562.6524,37698.8276,37698.8276,1400897696
M02,558,37439.4819,38192.1786,36259.2057,37512.6964,37512.6964,1067417766
M02,559,39390.545,40606.942,39246.6376,40604.1489,40604.1489,1167169789
M02,560,40676.8989,42046.3416,39882.365,40473.7706,40473.7706,1180144319
M02,561,40932.4863,42839.2881,40932.4863,42771.8735,42771.8735,1017897882
M02,562,41473.1505,42362.4838,41126.6747,41188.3814,41188.3814,1020051304
M02,563,41420.6277,42517.8835,41183.088,42462.1704,42462.1704,1018579558
M02,564,42497.4724,43267.5272,41963.7863,42278.0687,42278.0687,1075386259
M02,565,40978.1581,41565.2405,40112.8347,40434.7496,40434.7496,899780242
M02,566,40076.9894,41086.1094,40024.9588,41007.2959,41007.2959,899399781
M02,567,40918.5428,41145.3744,39883.3845,40348.3747,40348.3747,840286548
M02,568,42097.6218,43626.293,41864.7167,43488.408,43488.408,958672086
M02,569,44871.4461,44962.1823,43498.4223,43531.756,43531.756,1041545181
M02,570,43763.9863,44525.1089,43359.1428,44395.9948,44395.9948,918359427
M02,571,45010.7594,45335.297,44478.0035,44925.7427,44925.7427,1136930086
M02,572,44756.2466,45156.8572,44251.069,45112.6912,45112.6912,809135940
M02,573,45923.5062,46901.5506,45840.3266,46817.0502,46817.0502,1035407261
M02,574,46106.9376,46706.729,45846.661,46312.3105,46312.3105,869132448
M02,575,46536.2329,46981.0617,46065.1094,46828.487,46828.487,1082427671
M02,576,47717.7123,47733.2338,46970.1375,47622.2446,47622.2446,1190061616
M02,577,47070.8923,47794.7286,47070.8923,47111.344,47111.344,992830687
M02,578,46616.5144,46724.5039,45266.6191,45528.5541,45528.5541,1043452226
M02,579,46456.2001,47022.185,46290.9109,46791.2428,46791.2428,775570977
M02,580,46836.0331,47420.276,46541.4715,46648.8291,46648.8291,970090788
M02,581,46788.3549,47407.3465,46428.2023,47361.2159,47361.2159,930803781
M02,582,47987.246,48188.6511,47873.7984,48054.2878,48054.2878,1006531819
M02,583,48538.5739,48565.4117,47301.197,47339.8614,47339.8614,898977689
M02,584,48200.5868,49046.9558,47994.2068,48813.9141,48813.9141,1081818151
M02,585,49126.0504,49209.2454,48656.4047,49007.6887,49007.6887,1062554619
M02,586,47968.3381,48372.6374,47335.9453,47546.5235,47546.5235,899469368
M02,587,46722.5604,47599.0876,46627.0422,47571.1788,47571.1788,815734376
M02,588,48099.521,48647.144,47944.7307,48096.5725,48096.5725,1023872708
M02,589,48730.2741,49051.7665,48426.4611,48618.7505,48618.7505,1049408700
M02,590,49271.8968,49503.657,49047.2198,49304.1812,49304.1812,939721458
M02,591,49764.3432,50143.9723,49551.8123,50118.3665,50118.3665,1054716114
M02,592,50004.5769,51037.3143,49994.9667,50763.5147,50763.5147,1083404004
M02,593,50654.5244,50796.2425,49418.6286,49432.2433,49432.2433,1162324458
M02,594,49433.9367,49807.7924,48043.1957,48649.6733,48649.6733,1071684529
M02,595,48060.4755,48922.7487,47607.7091,48911.8644,48911.8644,997063409
M02,596,48611.1553,49592.2337,48508.8168,49571.113,49571.113,1182041506
M02,597,50416.6657,50911.4811,50291.4046,50733.5415,50733.5415,1044297497
M02,598,50430.2157,50920.9392,50188.598,50198.7065,50198.7065,1068690280
M02,599,50966.8246,51444.4195,50959.0477,51351.0913,51351.0913,1049182363
M02,600,51903.3216,52069.7387,51237.0858,51403.3406,51403.3406,890457324
M02,601,51261.2095,51535.9555,51044.9747,51515.567,51515.567,1012440417
M02,602,52537.1954,52537.1954,51607.9595,51646.9956,51646.9956,1141581010
M02,603,51527.2568,51904.9126,50414.4684,51892.454,51892.454,1134434145
M02,604,51846.863,52568.0138,51583.5164,51714.3892,51714.3892,970300380
M02,605,51293.2427,51966.7774,50978.2393,51881.0566,51881.0566,1150931329
M02,606,52017.141,52565.5751,51967.1659,52459.9612,52459.9612,1029455798
M02,607,52641.9594,52887.8731,52122.2262,52872.2462,52872.2462,1027479306
M02,608,53034.8595,53342.1273,52899.191,53205.4714,53205.4714,1142542729
M02,609,53000.3417,53365.5315,52510.1931,52814.4723,52814.4723,1590732656
M02,610,53127.0263,53905.3018,53027.4334,53732.2346,53732.2346,1605902658
M02,611,54195.829,54767.8827,53959.5359,54754.7529,54754.7529,1604496386
M02,612,54050.9068,54792.1112,54029.4288,54525.0664,54525.0664,1384058426
M02,613,54972.8189,55382.2432,54699.7193,55016.9039,55016.9039,1263371505
M02,614,54044.6661,54468.7987,52389.1401,52396.983,52396.983,1417411191
M02,615,53367.8975,53657.7531,51707.6811,52669.9719,52669.9719,1214461047
M02,616,51659.465,53463.318,51528.4908,53298.6395,53298.6395,1179436825
M02,617,54850.9368,54927.2867,53740.661,54553.7421,54553.7421,1137082396
M02,618,54628.1099,54891.2726,54345.1712,54448.0219,54448.0219,1119958997
M02,619,54525.2641,54893.0092,54487.672,54803.9916,54803.9916,1074553893
M02,620,55141.8514,55206.5375,54212.8234,54614.6569,54614.6569,1566782312
M02,621,54686.487,55313.9904,54527.6284,55296.7803,55296.7803,1194224063
M02,622,55753.5476,56254.4603,55652.3428,55756.5196,55756.5196,1526791741
M02,623,55284.5478,55528.7377,53911.3231,54278.0466,54278.0466,1397311012
M02,624,54372.8377,55053.4754,53884.6005,55018.9806,55018.9806,1247732422
M02,625,55130.5095,55161.1208,53773.3621,53818.3122,53818.3122,1812710224
M02,626,53693.6077,54273.9687,53099.5687,54256.4433,54256.4433,1101520611
M02,627,54442.1514,55601.5273,54378.09,55453.6678,55453.6678,1117535333
M02,628,55467.5489,56203.4688,55381.4023,55968.8895,55968.8895,1260683419
M02,629,56461.4759,56690.7074,56051.2367,56125.852,56125.852,1046417666
M02,630,56668.5589,57224.6667,56639.0255,57069.3294,57069.3294,1200602451
M02,631,56917.842,57500.1172,56510.7132,56543.0147,56543.0147,1139384595
M02,632,57145.1839,57613.355,56824.6367,57601.6624,57601.6624,945437546
M02,633,58280.8883,58360.2232,57266.7962,58192.782,58192.782,1102347339
M02,634,58011.8019,58432.2863,57467.7626,58405.2815,58405.2815,916663676
M02,635,58952.9296,59474.1167,56964.6688,57089.9368,57089.9368,1207297315
M02,636,56643.6254,57674.1742,55941.558,57623.3555,57623.3555,1123534190
M02,637,57920.1435,58073.2041,57064.8736,57776.5058,57776.5058,1085589985
M02,638,57599.9535,57908.3627,57161.6035,57765.1885,57765.1885,1136454870
M02,639,57642.3666,57818.5821,57206.9985,57657.0285,57657.0285,1091214283
M02,640,58009.3196,59429.9571,57800.013,59337.8678,59337.8678,1123989653
M02,641,59471.8594,59483.1075,58443.41,58607.4856,58607.4856,1351428243
M02,642,58717.3044,59034.5278,58386.9522,58819.2165,58819.2165,1084590913
M02,643,59098.8216,59312.3399,57541.7802,57837.8399,57837.8399,1165342916
M02,644,56465.8222,57147.8381,56042.9181,56843.0297,56843.0297,1063045005
M02,645,57289.022,57974.7303,57168.9665,57918.82,57918.82,1138956672
M02,646,57619.3251,57698.4931,57008.9301,57032.0658,57032.0658,974957973
M02,647,57320.9164,57830.9912,57262.3615,57694.3489,57694.3489,1014240218
M02,648,57301.9545,58176.3872,57093.4202,58056.9578,58056.9578,1089308075
M02,649,58723.8409,58758.4476,57719.169,58744.6145,58744.6145,1254518326
M02,650,59161.8505,59592.2315,59066.4748,59457.2069,59457.2069,1158823227
M02,651,59657.7605,59898.7397,59411.4781,59894.6875,59894.6875,947479439
M02,652,60064.2618,60251.7745,59932.005,60231.4573,60231.4573,1034261713
M02,653,60341.8339,61062.2582,60195.9463,60990.2206,60990.2206,1070443305
M02,654,60675.6557,60968.8804,59841.8429,60338.3728,60338.3728,1048134859
M02,655,60980.2791,61016.2567,59961.8686,60618.9971,60618.9971,1142498056
M02,656,60047.6724,60304.2659,59060.1986,59170.5538,59170.5538,1058827259
M02,657,59705.5212,60576.0092,59700.2524,60441.6513,60441.6513,990005770
M02,658,60385.3035,60921.9124,60279.2823,60470.9494,60470.9494,947007641
M02,659,60342.6091,60431.1384,59959.0923,60217.2464,60217.2464,962735117
M02,660,60910.5309,61247.3106,60894.3174,61165.9749,61165.9749,825487069
M02,661,60980.0373,61306.8624,60614.7279,61198.8838,61198.8838,828283463
M02,662,61131.9062,61364.2286,60681.1072,60759.3855,60759.3855,855678449
M02,663,60909.1583,61936.8245,60874.1921,61834.3436,61834.3436,1085511884
M02,664,61576.7371,61947.3947,61505.6351,61868.5801,61868.5801,988263147
M02,665,62752.2651,62822.4196,61920.7035,62371.1762,62371.1762,1019681010
M02,666,62490.6926,63029.4608,62341.2542,63019.6227,63019.6227,923685624
M02,667,63254.4827,64108.1728,63204.171,64069.7792,64069.7792,900419198
M02,668,64083.4267,64312.7117,63331.2994,63738.8326,63738.8326,885268909
M02,669,63964.5423,64071.1889,63666.2558,63999.2878,63999.2878,797959712
M02,670,64247.6113,64856.3275,64130.3439,64558.1933,64558.1933,945640295
M02,671,65342.3952,65864.8702,65032.6384,65831.5135,65831.5135,946749223
M02,672,66340.0221,66487.5992,65177.6784,66390.5768,66390.5768,1062334845
M02,673,65116.6749,65295.0858,62368.9277,62899.9842,62899.9842,1181271949
M02,674,62731.0072,63473.7862,59866.6115,62273.5234,62273.5234,1047963470
M02,675,59449.818,60708.5451,59103.5042,59160.7154,59160.7154,1016729311
M02,676,60787.995,61628.1712,60269.8735,61209.9206,61209.9206,873770864
M02,677,61740.2717,62091.9576,59759.2321,60004.15,60004.15,987545853
M02,678,59914.8029,60039.8,58379.9923,59063.0468,59063.0468,941178558
M02,679,60485.648,61079.7864,60332.4862,60741.1609,60741.1609,945321006
M02,680,61243.5448,61519.8366,60882.5628,61223.6318,61223.6318,976046770
M02,681,61252.9807,61380.3755,60294.236,60316.2875,60316.2875,924403850
M02,682,59620.8761,60606.0872,59553.2798,60251.7106,60251.7106,894095542
M02,683,60403.2361,60426.5173,58567.489,59411.4927,59411.4927,1371837640
M02,684,58162.1496,59108.3032,57665.2321,59086.7027,59086.7027,947800946
M02,685,59952.4475,60538.836,59203.7916,60450.5571,60450.5571,846639623
M02,686,60054.8593,60116.3353,58201.7427,58311.8629,58311.8629,1044338775
M02,687,58134.1852,59503.5415,57964.484,58802.2505,58802.2505,1121206063
M02,688,58456.8746,59874.9392,58235.32,59732.6881,59732.6881,1094928679
M02,689,60415.1144,60613.567,60059.5243,60595.7997,60595.7997,922252353
M02,690,60584.4327,60825.6496,60347.9079,60454.9089,60454.9089,857996564
M02,691,60669.3561,61681.485,60669.3561,61077.4101,61077.4101,1060035187
M02,692,61581.9488,61866.2974,61301.307,61770.2044,61770.2044,1034146661
M02,693,60463.9554,61349.6474,60197.4955,60422.9783,60422.9783,1000915522
M02,694,61161.786,62071.3436,61125.6948,62056.4504,62056.4504,967753811
M02,695,62062.5761,62489.7636,61019.9469,61185.3228,61185.3228,1100157546
M02,696,61919.8041,62517.9244,61846.5767,62430.25,62430.25,1073394654
M02,697,63029.4735,63056.357,62704.3965,62906.2652,62906.2652,944168986
M02,698,62570.1662,63080.1508,62510.5817,63073.1243,63073.1243,932092674
M02,699,64255.6537,65532.8986,64101.2068,65043.9281,65043.9281,1004952301
M02,700,64977.261,65224.1419,64540.8875,64770.569,64770.569,946928498
M02,701,64642.3046,64918.78,63692.3271,63988.0024,63988.0024,911603810
M02,702,63100.353,64087.2605,63096.0938,63940.9187,63940.9187,932675583
M02,703,64028.5205,64385.5755,63411.7441,63537.11,63537.11,798189745
M02,704,64339.3269,64590.3292,62816.0584,62949.3703,62949.3703,845450071
M02,705,62971.7354,63523.5902,62640.8198,62887.9693,62887.9693,881286895
M02,706,62742.7429,63196.567,62447.2167,62494.0701,62494.0701,818745392
M02,707,63753.5372,63874.1079,62881.44,63637.6115,63637.6115,867804909
M02,708,63347.7959,63418.3035,62792.3532,63415.1771,63415.1771,813481882
M02,709,62761.7113,63337.6727,61557.1265,62313.5211,62313.5211,795407550
M02,710,62353.0601,62657.5734,62093.5804,62473.3454,62473.3454,773801473
M02,711,61498.1126,61602.4254,60228.6585,60260.4171,60260.4171,931432329
M02,712,60835.2635,62062.2547,60646.7872,61501.2126,61501.2126,781119535
M02,713,60970.1175,61114.7518,59427.6744,59916.4883,59916.4883,963390829
M02,714,60049.0596,60379.7243,59070.0982,59760.8804,59760.8804,902054993
M02,715,60276.1628,61233.1618,60091.4884,60941.8484,60941.8484,815374980
M02,716,62929.9263,64137.1892,62657.3955,63738.3466,63738.3466,917538353
M02,717,64640.0524,65230.5831,64464.0166,65048.1421,65048.1421,903893730
M02,718,64841.3341,65117.9618,64116.0528,64979.704,64979.704,1115233779
M02,719,65862.6279,66198.3753,63986.4172,64042.6759,64042.6759,1513302178
M02,720,63500.4297,63737.7123,62419.5641,63125.7352,63125.7352,1167712203
M02,721,63843.2413,64593.149,63746.0249,64554.0399,64554.0399,992583936
M02,722,64964.1193,65213.6819,64214.824,64452.7169,64452.7169,1064277077
M02,723,64693.337,64994.1783,64257.7263,64881.7391,64881.7391,1038863126
M02,724,65087.6926,65585.498,64910.673,65510.8358,65510.8358,1186143904
M02,725,64873.9578,65074.5154,64542.113,64797.6679,64797.6679,1046599649
M02,726,65030.4932,65284.309,64505.1591,64514.1223,64514.1223,1205031905
M02,727,64458.1842,65189.225,64359.3572,65145.885,65145.885,1446277263
M02,728,65362.6835,65597.7463,65141.7956,65155.3156,65155.3156,1492729348
M02,729,65617.8821,65797.2257,64955.8561,65418.9382,65418.9382,1366941551
M02,730,65143.2117,65746.3921,64729.197,65674.9715,65674.9715,1485311263
M02,731,65877.5113,66210.2351,65697.489,66098.9126,66098.9126,1171309209
M02,732,66445.4259,66866.48,66420.2374,66700.4598,66700.4598,976553005
M02,733,66845.991,66957.5466,65768.2426,66706.4957,66706.4957,2102298281
M02,734,67457.8437,67964.213,67187.0414,67686.568,67686.568,1776429581
M02,735,66960.3812,67365.3868,66587.5821,67307.1266,67307.1266,1448474578
M02,736,67923.7033,68306.7772,67856.3272,67967.1942,67967.1942,1350762187
M02,737,68209.4471,68566.522,68083.5834,68566.522,68566.522,1401446756
M02,738,68283.6363,68695.8833,68281.1693,68606.6708,68606.6708,1197955943
M02,739,68590.727,69091.9713,68316.6533,69027.3999,69027.3999,1312993460
M02,740,68842.1975,68926.6626,67197.0398,67460.3979,67460.3979,1310496019
M02,741,66994.9718,68001.5183,66815.5011,67860.664,67860.664,1238315820
M02,742,67634.035,67890.1132,67140.5152,67859.2485,67859.2485,1051924174
M02,743,67906.6751,68427.9977,67826.3134,67866.3025,67866.3025,1228003728
M02,744,68665.0101,68954.4346,68238.8949,68948.5754,68948.5754,1005252128
M02,745,68792.8396,69208.9461,68549.2198,69050.0435,69050.0435,1216357563
M02,746,69357.9433,69545.7362,69170.3633,69543.0122,69543.0122,1339493863
M02,747,70003.8049,70029.3351,69181.9591,69734.3391,69734.3391,1641568461
M02,748,68771.1842,69618.1473,68383.9825,69570.3749,69570.3749,1388334967
M02,749,69588.3901,69889.6566,69099.0201,69711.9445,69711.9445,1611311556
M02,750,70467.5926,70505.9121,70048.8451,70117.1467,70117.1467,1791603563
M02,751,69945.8636,70175.5786,69815.173,70017.9906,70017.9906,920454676
M02,752,70843.2759,70932.4153,70364.998,70759.7881,70759.7881,1259597991
M02,753,70950.6772,70994.1297,70165.785,70320.4313,70320.4313,1134089244
M02,754,70272.9161,70373.2082,70007.4838,70074.129,70074.129,1399572844
M02,755,70483.7183,70620.4508,70177.9678,70544.97,70544.97,1187279006
M02,756,70745.8408,70746.9337,68478.6618,69326.0163,69326.0163,1578754862
M02,757,68980.8093,69866.4804,68980.8093,69815.7778,69815.7778,1678970462
M02,758,69456.4071,70791.5571,69367.7909,69865.7029,69865.7029,2306580129
M02,759,70496.1682,71721.0406,70496.1682,71592.6766,71592.6766,1843949997
M02,760,71870.6039,72132.0322,71195.2176,72098.6677,72098.6677,1752188902
M02,761,71719.3794,72211.2348,71448.5762,71651.4974,71651.4974,1670938895
M02,762,71620.3315,71855.9969,71082.2239,71677.1917,71677.1917,1706446604
M02,763,71460.3839,71914.3308,71258.6363,71683.9182,71683.9182,1830366714
M02,764,71643.687,71890.6253,71228.5544,71305.9337,71305.9337,1827779265
M02,765,71459.8687,71677.6849,70640.8526,70906.7302,70906.7302,1649884306
M02,766,71812.6515,72218.01,71517.2022,72165.074,72165.074,1621566678
M02,767,73073.8539,73860.2066,73003.8595,73702.0386,73702.0386,1783160544
M02,768,73455.1398,73666.2955,73088.9356,73506.3664,73506.3664,1878138726
M02,769,73385.0121,73887.8499,73324.2914,73756.7076,73756.7076,1614257473
M02,770,75010.9699,75272.8847,73297.4373,74763.0404,74763.0404,1878004968
M02,771,74811.5054,74926.173,74382.108,74507.1562,74507.1562,1814834722
M02,772,73696.0562,73979.3298,72091.3265,72515.8527,72515.8527,2896404392
M02,773,72883.7952,73892.2623,72846.7578,72959.6704,72959.6704,2676012263
M02,774,72951.8083,73156.5294,71306.1986,71776.4862,71776.4862,2132118832
M02,775,72510.4373,73635.8539,71996.6872,73481.9628,73481.9628,1814015585
M02,776,73946.9149,74545.347,73907.3878,74327.3796,74327.3796,1874713029
M02,777,75144.5109,75174.7505,74416.1453,74554.1839,74554.1839,1994538523
M02,778,74504.9851,75073.6068,74273.748,75069.9034,75069.9034,1850211883
M02,779,75578.8671,75870.1436,75233.2528,75750.6358,75750.6358,1648084589
M02,780,76126.2937,76403.119,75891.9174,76402.5696,76402.5696,2382386487
M02,781,76665.4586,77094.3223,76663.9737,76889.8529,76889.8529,2143014911
M02,782,77292.8035,77379.2944,75933.3445,76630.1885,76630.1885,2680923547
M02,783,76586.8332,76661.5387,75886.8997,76480.8269,76480.8269,2659087787
M02,784,76372.9641,77044.0247,76146.2361,77008.1289,77008.1289,1863981543
M02,785,77597.4481,77723.066,76737.9246,77023.3169,77023.3169,1932846795
M02,786,75748.7695,76101.492,75164.0288,76041.9268,76041.9268,1841080806
M02,787,75246.6688,75743.9135,74700.2374,75522.7728,75522.7728,1655045846
M02,788,76154.2601,76462.5024,75680.794,75854.9822,75854.9822,1682478298
M02,789,75412.508,75648.1859,74404.8951,74416.3869,74416.3869,1717983185
M02,790,72500.567,73940.8877,71086.7568,73608.0321,73608.0321,1862723347
M02,791,74152.5991,75298.6801,73523.641,75246.7154,75246.7154,1399430071
M02,792,73926.5828,74420.1732,71485.1309,71775.3622,71775.3622,1651346044
M02,793,71994.8596,72730.2061,70861.2021,71774.2392,71774.2392,1589351505
M02,794,73649.0821,74695.2409,73410.1073,74652.6112,74652.6112,1486628573
M02,795,74395.2281,74405.5119,73041.562,73078.7067,73078.7067,1199264524
M02,796,72788.7548,72986.7126,70926.6088,70941.2345,70941.2345,1477406141
M02,797,71027.1472,71656.1591,68833.7683,69763.1958,69763.1958,2016784080
M02,798,70580.792,71026.2834,68039.7254,70910.7004,70910.7004,2091030624
M02,799,70809.4561,71340.2981,69135.6709,69190.158,69190.158,1689438355
M02,800,71016.0525,72271.5605,70793.0531,71844.4678,71844.4678,1711058475
M02,801,72106.8943,72337.793,71021.1007,71203.0178,71203.0178,1493455913
M02,802,72993.0853,73874.6711,72844.7187,73682.4717,73682.4717,1562588227
M02,803,72078.3514,72633.7103,71728.9937,72607.3812,72607.3812,1432167214
M02,804,73237.3185,73989.7287,72957.1447,73986.2127,73986.2127,1607873547
M02,805,74045.605,74579.6818,73355.2048,73763.0733,73763.0733,1617732927
M02,806,73019.5253,74432.5661,72667.9226,74050.4125,74050.4125,1341230546
M02,807,73124.2166,73317.3625,71769.6653,71847.7239,71847.7239,1488158349
M02,808,71729.0997,72453.338,71289.2625,72250.3415,72250.3415,1872228619
M02,809,72963.4714,73935.2681,72963.4714,73506.1308,73506.1308,1497385156
M02,810,73193.6191,73323.3664,72214.5266,72352.751,72352.751,1506118529
M02,811,72618.2751,72638.3825,70826.536,70829.487,70829.487,1671433630
M02,812,70675.7489,71651.2122,70357.8737,71408.1134,71408.1134,1506050860
M02,813,71077.4065,71917.0299,70435.8161,71857.8572,71857.8572,1366533282
M02,814,71414.6866,71629.631,70674.5446,71173.1528,71173.1528,1310621366
M02,815,71095.6303,71461.5262,70624.3693,71295.601,71295.601,1171431550
M02,816,71610.0888,72717.698,71587.2215,72288.3949,72288.3949,1306633691
M02,817,73562.7614,73961.7685,73507.1513,73923.5473,73923.5473,1193091206
M02,818,73808.6363,74490.9691,73742.7231,74409.5849,74409.5849,1290581251
M02,819,74986.1028,75506.9955,74945.6018,75077.6863,75077.6863,1095162148
M02,820,75149.651,75466.8963,75030.3486,75224.0573,75224.0573,1128861617
M02,821,75186.3818,75367.5782,74978.3209,75363.0547,75363.0547,1060815879
M02,822,75348.8175,75995.8459,75137.4786,75967.319,75967.319,1005008777
M02,823,75706.7197,75829.995,75321.5302,75682.4552,75682.4552,1074677815
M02,824,76213.5667,76811.4339,76213.5667,76726.955,76726.955,1079401313
M02,825,76711.3805,76873.2481,75807.3262,75910.3076,75910.3076,1048113980
M02,826,76585.3608,76946.2882,76515.1982,76889.4916,76889.4916,1068059116
M02,827,76999.6727,77018.2373,76550.2392,76962.5916,76962.5916,1081444119
M02,828,76704.4011,77018.1936,75925.4879,76321.4954,76321.4954,1123457987
M02,829,76324.1491,76506.5759,75248.648,75729.8445,75729.8445,1189538134
M02,830,75294.7069,76420.8055,75081.5755,76414.6164,76414.6164,966771602
M02,831,75597.0836,75940.0513,74613.5258,74870.1841,74870.1841,1127451860
M02,832,75753.7303,76854.2375,75728.9185,76603.2219,76603.2219,1130596962
M02,833,76605.2486,77159.3863,76426.007,77076.2524,77076.2524,1111713381
M02,834,77559.2584,77561.0649,76975.659,77117.629,77117.629,1298771883
M02,835,76818.8439,77096.3306,76556.5764,76645.6538,76645.6538,1115976020
M02,836,77665.8555,77704.4604,76289.5834,76999.0162,76999.0162,1372330462
M02,837,76168.9951,76790.6875,76010.3375,76125.1019,76125.1019,1230839472
M02,838,76774.7883,76831.4215,75952.6424,76027.1114,76027.1114,1187575774
M02,839,75551.3365,75666.8508,73966.6495,74777.9169,74777.9169,1469482871
M02,840,74985.3999,75105.1041,74017.7135,74173.2981,74173.2981,1198977254
M02,841,74297.2721,74724.1683,73648.2154,74708.3276,74708.3276,1310072609
M02,842,75215.8185,75794.2265,75038.5648,75375.5908,75375.5908,1149179142
M02,843,75051.0562,75052.9196,73483.701,73484.3596,73484.3596,1243066664
M02,844,71372.6473,73045.7552,71328.1359,72861.3907,72861.3907,1246022540
M02,845,71985.0195,72383.3061,70825.0759,70983.8001,70983.8001,1207355314
M02,846,71995.4761,72526.1225,71208.7823,71853.4105,71853.4105,1347183189
M02,847,72381.1859,73501.8215,72311.9444,73333.0983,73333.0983,1003919140
M02,848,73288.9797,73455.4715,72722.1347,73345.1711,73345.1711,1108396534
M02,849,73485.8446,73860.6951,72845.1832,72865.5031,72865.5031,1104668339
M02,850,70980.7826,72209.6577,70948.4354,72183.2256,72183.2256,1145335049
M02,851,72996.7656,74127.4607,72991.738,73975.641,73975.641,1066000877
M02,852,74169.8817,74172.0042,73336.8404,73378.9496,73378.9496,930397557
M02,853,74242.5016,75072.9164,74208.5479,74811.8111,74811.8111,898254331
M02,854,75070.4102,75232.3494,74579.4423,74718.242,74718.242,1085681036
M02,855,74471.464,74777.2025,74393.4215,74711.0722,74711.0722,1217229083
M02,856,75154.156,75339.7074,74930.1581,75119.6509,75119.6509,1377156530
M02,857,75416.1608,75573.7528,75173.1619,75179.3402,75179.3402,1089782141
M02,858,75484.7801,75523.5913,74664.4343,74979.4447,74979.4447,1068522066
M02,859,74762.0213,74939.6313,74470.986,74833.2289,74833.2289,1399684322
M02,860,74737.3175,74892.6394,74152.6946,74511.6115,74511.6115,1387739739
M02,861,75024.4301,75734.1302,74995.7276,75666.5942,75666.5942,1053717053
M02,862,75424.6114,75896.1376,75326.6304,75855.7521,75855.7521,1216896378
M02,863,76337.002,76530.7653,75711.148,76219.8107,76219.8107,1615705919
M02,864,75910.2468,76036.5963,75509.6326,75538.4096,75538.4096,1339722429
M02,865,76298.5189,76831.3677,76137.0964,76771.8991,76771.8991,1273073172
M02,866,76811.0654,77022.2163,76678.2567,77022.2163,77022.2163,1101986940
M02,867,77084.048,77587.4912,76937.3627,77580.3181,77580.3181,1105567760
M02,868,77467.5489,77491.4995,76841.5398,76954.7348,76954.7348,1256280300
M02,869,77651.9163,77895.2581,76649.5685,77399.0399,77399.0399,1235601521
M02,870,76449.7661,77526.0277,76448.6728,77335.654,77335.654,1170838252
M02,871,77274.046,77451.0478,76792.2681,76909.2451,76909.2451,1607613537
M02,872,76688.2039,77252.4727,76211.1764,77201.7028,77201.7028,1230341621
M02,873,77403.8318,78123.6513,77309.1729,78033.3176,78033.3176,1246575417
M02,874,78486.0665,78784.7506,78392.0812,78532.0167,78532.0167,1104560645
M02,875,78669.8383,78983.21,78540.6915,78738.005,78738.005,1154848273
M02,876,79101.0701,79146.4986,78754.1481,78879.0507,78879.0507,2000504272
M02,877,79331.6315,79812.4303,79328.2785,79786.6757,79786.6757,1072782313
M02,878,79581.5086,79728.3905,79374.1214,79686.4878,79686.4878,1281495879
M02,879,80067.9061,80161.4942,79892.4831,80035.3521,80035.3521,1442921918
M02,880,79388.8367,79607.1655,79091.4644,79545.9825,79545.9825,1259350415
M02,881,79900.2455,80262.5715,79748.8023,80208.9853,80208.9853,1035555304
M02,882,80345.4597,80484.9271,79623.4682,80356.9121,80356.9121,1207527576
M02,883,80622.7499,80633.2417,79679.4352,80139.9417,80139.9417,1220677838
M02,884,79194.4811,80298.4254,78987.7706,80022.0851,80022.0851,1177304014
M02,885,79316.6387,80033.5605,79174.2564,79988.5101,79988.5101,1038289007
M02,886,80525.2037,80619.2511,80136.1707,80467.2008,80467.2008,930736242
M02,887,80815.6935,81302.0102,80513.9653,80609.8556,80609.8556,1165722074
M02,888,80802.9151,80855.6656,79994.114,80059.7146,80059.7146,1112158808
M02,889,79887.3643,79967.0009,78883.1326,79381.6451,79381.6451,1229257020
M02,890,79549.6011,79688.6174,78545.8548,78621.7118,78621.7118,1023359142
M02,891,78634.9412,79063.6842,78318.3224,78850.3646,78850.3646,1209366699
M02,892,78552.6726,79787.604,78228.0051,79475.8694,79475.8694,1153932553
M02,893,79508.719,80190.3809,79453.3726,80183.8626,80183.8626,1047680642
M02,894,80420.5114,80648.1207,80229.2415,80595.4821,80595.4821,1001657626
M02,895,81445.7521,81959.168,81146.0385,81909.0998,81909.0998,1086282501
M02,896,81449.8045,81684.0257,81281.97,81557.9553,81557.9553,1100089306
M02,897,80907.8673,80924.9684,79245.8278,80102.6646,80102.6646,1162423439
M02,898,80915.2777,81372.8683,80530.2105,81173.2708,81173.2708,1060168066
M02,899,81471.5265,81816.6379,81417.5288,81510.6311,81510.6311,1101951437
M02,900,80080.2462,80698.9934,80080.2462,80391.6183,80391.6183,994032822
M02,901,80914.7754,80979.5273,80405.2837,80489.7171,80489.7171,951635623
M02,902,81074.9585,81342.799,80359.1996,81335.5832,81335.5832,1050766205
M02,903,80538.3213,80894.1778,80466.8343,80720.2922,80720.2922,1149590956
M02,904,81224.3919,81786.5449,81125.2925,81779.1351,81779.1351,1167632612
M02,905,81515.4241,81657.7886,81100.6696,81359.3496,81359.3496,1132501363
M02,906,81426.4055,81580.1502,81135.5253,81450.6316,81450.6316,1077952720
M02,907,81163.6421,81201.0427,80437.0957,80620.3242,80620.3242,932606134
M02,908,81659.7785,81704.4779,80878.2685,81278.6273,81278.6273,1040135350
M02,909,81209.0073,81610.6065,80920.4258,81566.2908,81566.2908,944339158
M02,910,81357.5787,81497.7383,81204.7392,81345.6705,81345.6705,1016029435
M02,911,80649.9899,80776.3817,79768.1693,80771.3591,80771.3591,1135461295
M02,912,80621.4123,80876.3499,79963.7179,80542.3883,80542.3883,1040406211
M02,913,80157.5179,80491.6468,79500.6465,79553.279,79553.279,1018213108
M02,914,78995.479,80022.9598,78995.479,79645.2134,79645.2134,1144286375
M02,915,79477.9145,80299.4993,79477.9145,80258.5919,80258.5919,1004662710
M02,916,81012.289,82034.6848,81012.289,81920.5463,81920.5463,1064351922
M02,917,82043.0087,82353.8578,81973.9942,82271.2029,82271.2029,994045554
M02,918,82567.4808,82679.4779,82416.7733,82583.0185,82583.0185,904058781
M02,919,82027.1091,82215.2368,81559.7354,81593.8561,81593.8561,869008163
M02,920,82167.3487,83126.317,82149.5099,83044.091,83044.091,977968816
M02,921,82790.7551,83457.5145,82786.277,83336.3771,83336.3771,1144245410
M02,922,83722.9271,83811.1327,83392.6517,83702.9622,83702.9622,1043950191
M02,923,83702.1067,84087.6734,83664.5443,83704.2905,83704.2905,1084666098
M02,924,83554.5885,83672.102,83156.7935,83406.1226,83406.1226,1025069080
M02,925,83750.6993,84090.6012,83588.0467,84024.7529,84024.7529,946000401
M02,926,83920.9505,84070.825,83742.4753,83911.9428,83911.9428,1113396244
M02,927,84199.573,84199.573,83356.8331,83795.5232,83795.5232,1078674085
M02,928,83620.6134,83928.5057,83342.4095,83359.2477,83359.2477,937642067
M02,929,84104.319,84195.0982,82888.7392,82911.671,82911.671,1117399511
M02,930,83396.968,83418.9569,82406.9341,82816.6453,82816.6453,1257175602
M02,931,82968.3991,83038.0856,82092.4084,82253.5485,82253.5485,1164420070
M02,932,82804.107,83370.2237,82327.9836,83299.6261,83299.6261,1099346460
M02,933,83038.9144,83507.9834,82638.2749,83378.4826,83378.4826,920935596
M02,934,83732.7982,83750.4645,82823.7042,83073.5175,83073.5175,1836855395
M02,935,80789.3198,81247.4063,79540.8179,80547.1443,80547.1443,1263791756
M02,936,80819.9059,81058.3246,80236.3296,80508.9293,80508.9293,1041370073
M02,937,81249.7113,82070.5767,81065.3692,81778.1415,81778.1415,1035339129
M02,938,81697.8334,82382.8742,81547.7069,82201.5651,82201.5651,1070655224
M02,939,82374.4057,82957.7322,82291.5995,82848.3921,82848.3921,941355811
M02,940,82992.3098,83264.1403,82497.1605,83079.9409,83079.9409,1145187644
M02,941,81105.8678,81273.3223,79749.2955,79786.5915,79786.5915,1252600262
M02,942,80352.4711,80691.9183,79686.0599,79789.2599,79789.2599,1427691535
M02,943,79842.0891,80114.5372,79084.8753,79108.3105,79108.3105,1430865441
M02,944,79480.3949,80093.9275,78543.1856,79873.9359,79873.9359,1273284084
M02,945,79127.2737,79163.4172,77426.9785,77829.8459,77829.8459,1171750887
M02,946,78444.9564,79518.0292,78373.268,79107.9591,79107.9591,1200905409
M02,947,78522.6374,79732.1172,78355.6955,79690.1363,79690.1363,1199161488
M02,948,80167.0201,80845.9722,80075.7398,80288.761,80288.761,1080784595
M02,949,81082.8724,81111.5123,80392.9235,80447.3312,80447.3312,862235060
M02,950,79824.598,80515.8409,79509.1445,79528.7991,79528.7991,908535516
M02,951,79390.6045,79464.9771,78858.2597,78991.0606,78991.0606,945203550
M02,952,79748.6962,80034.5656,79390.525,79937.7919,79937.7919,967110948
M02,953,80980.0949,81585.6756,80881.161,81562.9518,81562.9518,1074220515
M02,954,82262.6111,82338.5153,82023.521,82296.3067,82296.3067,1123139576
M02,955,81297.8702,82321.9972,81262.48,82295.3168,82295.3168,986084905
M02,956,83030.3246,83386.8332,82901.429,83338.58,83338.58,1218874882
M02,957,83217.369,83318.3148,82729.6493,83007.0183,83007.0183,1039938862
M02,958,82697.3405,83340.3692,82638.9772,83304.5096,83304.5096,1205907845
M02,959,83154.138,83345.8088,82402.3048,82781.8161,82781.8161,1498817961
M02,960,82945.0166,83584.2928,82549.7074,83403.9747,83403.9747,1423844732
M02,961,84386.1745,84752.532,83729.1026,83935.5821,83935.5821,1949305726
M02,962,84104.6285,84592.1008,83883.5199,83883.5199,83883.5199,1612618455
M02,963,83727.5343,84534.7874,83648.5886,84511.9216,84511.9216,1438177537
M02,964,84645.102,85643.9984,84645.102,85612.3436,85612.3436,1376105214
M02,965,85739.2306,86057.5016,85350.6247,86040.784,86040.784,1290007891
M02,966,85925.2973,86325.697,85844.1857,86287.1011,86287.1011,1415981028
M02,967,85291.4106,86179.5425,85062.2072,86125.126,86125.126,1443565228
M02,968,87035.6069,87674.517,86914.3587,87532.9499,87532.9499,1397524093
M02,969,87942.4288,88216.254,87377.6382,87766.7495,87766.7495,1404580342
M02,970,87967.4215,88201.2066,87780.9348,87893.9525,87893.9525,1435737542
M02,971,88308.221,88369.2828,87275.1919,87549.9699,87549.9699,1377153057
M02,972,86464.1519,87086.5442,85310.6986,85744.4522,85744.4522,1502896999
M02,973,86485.0841,86572.6569,86175.9171,86222.6444,86222.6444,1149932945
M02,974,86234.334,86901.9242,85975.7275,86827.4172,86827.4172,1455770846
M02,975,87722.6204,87853.0324,87079.6042,87496.5054,87496.5054,1432258048
M02,976,87238.6071,88060.8035,87154.2324,87974.0623,87974.0623,1486339634
M02,977,88485.1285,88623.339,88129.3268,88196.801,88196.801,1215223502
M02,978,88191.8793,88398.8695,87504.1641,88304.0713,88304.0713,1305865858
M02,979,88138.1263,88571.9446,88001.1587,88222.0785,88222.0785,1173759275
M02,980,88702.7605,89205.1821,87217.79,87238.2572,87238.2572,1393804606
M02,981,86810.8468,87285.0563,85668.4873,86622.1722,86622.1722,1227420840
M02,982,86109.3206,87046.7632,85634.12,87028.4784,87028.4784,1119799134
M02,983,86261.7145,86631.5568,85114.6882,85310.5693,85310.5693,854634101
M02,984,86807.0828,87434.9135,86393.9632,87157.2516,87157.2516,1228902485
M02,985,86525.9056,87140.8619,85066.3623,85541.4842,85541.4842,1650130713
M02,986,86194.5933,86547.8077,83413.0166,83468.3927,83468.3927,1475089847
M02,987,83250.1469,84690.7815,83076.3175,84344.1135,84344.1135,1326849421
M02,988,85161.2089,85391.1048,82414.3487,83266.64,83266.64,1647147932
M02,989,83128.3856,84032.1655,82105.5067,83719.6162,83719.6162,1321257811
M02,990,85220.8591,86370.1452,85203.0028,86187.9013,86187.9013,1348542375
M02,991,86639.4103,87202.5666,86243.1135,87171.3721,87171.3721,1112113625
M02,992,86641.2147,87057.3746,85487.0307,85521.4766,85521.4766,1128414066
M02,993,86306.198,86571.3067,85468.2922,86311.7739,86311.7739,1130828408
M02,994,86473.704,86561.1119,85294.5048,85322.3506,85322.3506,1187873958
M02,995,84224.2445,84786.5703,83567.7057,84344.2471,84344.2471,1228348599
M02,996,84482.3999,86396.338,83509.0422,86339.8728,86339.8728,1465691442
M02,997,86072.7387,86095.3753,83266.3168,83601.9236,83601.9236,1272358585
M02,998,83121.918,84515.0109,82699.5889,83856.6335,83856.6335,1934849008
M02,999,82733.559,83145.2035,82329.3376,82999.1642,82999.1642,1173326958
M02,1000,83426.76,84576.3519,82735.7845,84532.4371,84532.4371,1263775206
M02,1001,84574.2294,85715.9865,84485.341,85693.4611,85693.4611,1146527822
M02,1002,85830.2885,86676.1268,85742.608,86429.8115,86429.8115,1011757893
M02,1003,86598.1938,87561.2846,86598.1938,87560.5088,87560.5088,1000897288
M02,1004,88230.3359,88265.1366,87463.611,87600.4338,87600.4338,940789001
M02,1005,86963.6199,87111.6689,86330.0662,86805.6025,86805.6025,913106951
M02,1006,86522.4877,87121.5375,86358.7634,86426.8406,86426.8406,958496344
M02,1007,86915.6544,87217.0363,86479.1128,86484.8027,86484.8027,780906779
M03,0,147434.9375,147613.0223,146162.9976,146364.7211,146364.7211,1567
M03,1,146416.5334,146634.9473,145509.115,145979.2335,145979.2335,2198
M03,2,146251.7871,146548.1808,145544.0992,145664.5729,145664.5729,1893
M03,3,145580.5352,145936.4543,145106.7812,145825.8804,145825.8804,2106
M03,4,147229.0132,147954.2341,147227.1537,147802.7696,147802.7696,2998
M03,5,147976.427,148708.7932,147976.427,148566.5838,148566.5838,3132
M03,6,149010.7932,149254.9719,148629.0905,149060.9171,149060.9171,2163
M03,7,150310.6468,150427.4861,149322.0938,149850.5993,149850.5993,1860
M03,8,148357.3389,148733.4817,148052.326,148495.0932,148495.0932,1775
M03,9,150248.5723,150506.8162,149219.5345,150306.8066,150306.8066,1638
M03,10,150741.2746,151942.7842,150741.2746,151420.5157,151420.5157,2949
M03,11,151159.5036,151412.263,150543.3835,150697.24,150697.24,11225
M03,12,150961.9504,152546.5891,150731.8163,152386.7865,152386.7865,6979
M03,13,153022.418,153632.1036,152157.0306,152563.0876,152563.0876,3096
M03,14,152533.025,153409.4969,152023.9247,153277.4461,153277.4461,7945
M03,15,154126.7612,155051.7237,153826.8986,154923.2449,154923.2449,2686
M03,16,155042.7855,156350.954,155024.5834,156217.6129,156217.6129,5831
M03,17,155559.0159,156017.4569,155020.824,155559.0999,155559.0999,5657
M03,18,157609.7351,157777.881,155933.7174,156922.2057,156922.2057,3002
M03,19,156034.8437,157493.8846,155978.6638,156799.2825,156799.2825,3618
M03,20,157208.5425,157272.2422,155979.0683,156153.7982,156153.7982,3778
M03,21,155796.1514,156225.3872,155218.7982,155854.1288,155854.1288,2137
M03,22,155720.6824,156618.4874,153356.7286,155105.8681,155105.8681,5262
M03,23,154586.7511,154718.9112,151551.1257,151812.3513,151812.3513,3757
M03,24,150530.2333,151203.6542,149671.5462,150696.3275,150696.3275,5175
M03,25,145957.3343,149274.9749,144785.6005,147869.3132,147869.3132,4899
M03,26,150064.2687,150511.5849,147655.1383,147977.6809,147977.6809,2729
M03,27,149429.5899,151291.5225,148995.6144,150325.303,150325.303,7228
M03,28,147004.4583,147299.6619,146343.8471,147018.7793,147018.7793,3034
M03,29,148357.9781,148999.9324,147975.3267,148779.2776,148779.2776,3197
M03,30,149668.0837,149826.4973,147893.5496,148446.6813,148446.6813,4890
M03,31,148212.1572,149631.1601,148118.7497,148601.6629,148601.6629,2864
M03,32,149875.8923,150298.3695,147898.9164,148131.6429,148131.6429,3664
M03,33,148176.846,148477.1324,146003.0626,146961.5927,146961.5927,3811
M03,34,147485.2258,147689.6538,146371.7101,146570.4472,146570.4472,4010
M03,35,146441.3246,146863.7141,145959.1834,146575.7151,146575.7151,3321
M03,36,145589.3328,145811.6896,145048.307,145599.709,145599.709,2656
M03,37,146205.367,147655.6729,146205.367,147545.6769,147545.6769,4670
M03,38,148277.4514,149393.7736,148277.4514,149230.7016,149230.7016,1812
M03,39,148693.5141,148918.2437,147645.0111,147780.6288,147780.6288,2497
M03,40,147152.6326,147786.4237,146811.5029,147275.0321,147275.0321,2602
M03,41,146903.4539,147494.7048,146363.7528,146497.7956,146497.7956,2470
M03,42,147571.719,147571.719,145920.2723,146325.1268,146325.1268,3959
M03,43,147162.5201,147217.4096,143541.8847,144006.2596,144006.2596,2639
M03,44,143850.2719,144074.2653,142604.3103,142785.636,142785.636,2294
M03,45,144449.1647,145298.4017,143549.5692,144914.3059,144914.3059,3042
M03,46,144450.496,144685.4732,143549.958,143768.8834,143768.8834,1846
M03,47,144558.2022,146693.3078,144558.2022,146500.9313,146500.9313,2717
M03,48,146956.9637,148082.8887,146543.0212,147124.5369,147124.5369,2942
M03,49,146018.9961,146631.9155,145357.3292,146461.3247,146461.3247,2030
M03,50,146260.261,146358.8491,145369.1869,145577.7412,145577.7412,3860
M03,51,144806.3944,144829.8695,142373.5823,142614.647,142614.647,2567
M03,52,143568.7049,143598.1373,141788.9084,142076.2361,142076.2361,2068
M03,53,141889.7088,142866.2019,141606.4985,142408.8238,142408.8238,3226
M03,54,143415.6605,144560.3109,143327.7277,143612.2481,143612.2481,1895
M03,55,143753.128,144076.8562,142698.2381,142884.2161,142884.2161,2764
M03,56,140368.2688,140665.5003,139650.1068,140134.6079,140134.6079,2419
M03,57,141041.7745,143551.5469,140949.5735,143339.1374,143339.1374,3661
M03,58,143668.3592,144526.1282,143253.2372,143674.4665,143674.4665,3150
M03,59,143651.4316,143677.5574,142868.3355,143089.7691,143089.7691,2800
M03,60,142798.2425,143915.6482,142655.6115,143768.7446,143768.7446,1658
M03,61,143372.1053,144259.6974,143183.8338,144120.147,144120.147,2459
M03,62,145703.8389,146000.1997,143677.7738,143880.4484,143880.4484,1984
M03,63,144133.8402,145638.3932,144038.1482,145462.349,145462.349,2133
M03,64,145659.161,146044.5472,145194.4765,145738.815,145738.815,2585
M03,65,146005.6686,146842.5216,145681.5872,146591.059,146591.059,8064
M03,66,146605.2664,146907.611,146316.1737,146605.8749,146605.8749,2867
M03,67,146846.4721,146894.8333,145897.1315,146717.177,146717.177,1912
M03,68,146958.4666,147779.5329,146687.4802,147449.566,147449.566,1451
M03,69,147574.0496,148202.9556,147297.6252,147682.534,147682.534,1831
M03,70,147471.409,149194.9873,147274.2114,149038.4511,149038.4511,1523
M03,71,149059.9653,149286.8811,148401.0981,149117.4436,149117.4436,2125
M03,72,149442.9892,150086.8089,148690.7165,148958.1626,148958.1626,1582
M03,73,148759.2363,149084.1733,148565.6896,148861.3555,148861.3555,1597
M03,74,149795.1316,150026.5075,149260.7037,149714.3812,149714.3812,2199
M03,75,149041.4533,149777.1087,148028.5557,148855.9951,148855.9951,1925
M03,76,148827.2101,149756.3486,148715.4944,149367.7032,149367.7032,1875
M03,77,149399.0445,149563.5786,148567.1971,149002.1419,149002.1419,1778
M03,78,148842.2976,149769.0647,148724.5092,149620.9369,149620.9369,1865
M03,79,149968.5544,151342.4785,149958.5905,150929.5578,150929.5578,3308
M03,80,151088.6613,151917.427,151014.4603,151689.0269,151689.0269,1566
M03,81,152945.6714,153067.9204,151835.2841,152285.5202,152285.5202,2005
M03,82,153103.8058,153103.8058,152073.6396,152434.336,152434.336,1672
M03,83,152217.727,152484.4812,150929.8559,151223.3752,151223.3752,1400
M03,84,151639.583,152836.8786,151614.2189,152612.919,152612.919,2501
M03,85,152071.4524,152239.3104,151151.5352,151497.0146,151497.0146,3170
M03,86,151997.2772,152890.094,151721.4263,152520.9772,152520.9772,1889
M03,87,152713.8841,153348.0002,152065.4762,152248.7036,152248.7036,1725
M03,88,152618.915,153951.6934,152506.7703,153690.6419,153690.6419,1862
M03,89,153563.7854,153939.0616,153135.0455,153567.5983,153567.5983,1945
M03,90,153149.4581,155113.198,152977.3821,153175.7021,153175.7021,2565
M03,91,153527.9061,153924.3199,152615.3628,153248.7046,153248.7046,2304
M03,92,153298.5867,153412.6011,151588.6231,151853.4586,151853.4586,2517
M03,93,151956.4607,152040.8607,150564.3083,150679.6679,150679.6679,1907
M03,94,151712.7631,152151.2375,150497.5185,150594.5702,150594.5702,1420
M03,95,149497.7141,150159.2488,149276.2012,149712.6618,149712.6618,2354
M03,96,149257.0011,149307.9922,147733.5432,147914.5103,147914.5103,2193
M03,97,148490.1965,149946.0899,148333.4697,149607.9201,149607.9201,3139
M03,98,150291.6014,151435.2645,150062.6222,151032.832,151032.832,2153
M03,99,151655.4415,152375.9674,151362.1979,152049.6026,152049.6026,2375
M03,100,152201.2105,152291.9785,150943.5946,151060.5495,151060.5495,1735
M03,101,151175.0516,151787.6226,150563.7844,151305.0058,151305.0058,2240
M03,102,151223.7058,152655.7038,150543.8314,152252.0288,152252.0288,4888
M03,103,152713.7432,152991.0676,151864.8725,152080.3406,152080.3406,2481
M03,104,153934.7749,154161.7606,151675.8764,151804.3921,151804.3921,6373
M03,105,150748.4396,150936.3806,149695.0795,150205.1761,150205.1761,1677
M03,106,150771.502,152057.9137,150615.6172,151834.9442,151834.9442,2143
M03,107,152409.9602,153922.5058,152409.9602,153207.8994,153207.8994,1908
M03,108,152430.7292,152768.567,151800.1569,152590.8948,152590.8948,2214
M03,109,153411.1084,154415.5383,153289.5753,153458.1573,153458.1573,2064
M03,110,153343.0299,154283.0539,153143.4786,154064.8205,154064.8205,2157
M03,111,154258.6302,154439.2905,153744.31,153844.1742,153844.1742,2622
M03,112,154052.1227,154081.3329,152955.0134,153434.583,153434.583,2245
M03,113,153831.0813,153912.7829,152810.4002,153683.8733,153683.8733,2013
M03,114,153900.7035,154000.3817,153125.9962,153253.3093,153253.3093,1704
M03,115,153622.3299,153622.3299,152311.2936,152474.1077,152474.1077,1829
M03,116,152247.4009,153289.235,152246.98,153185.6256,153185.6256,2159
M03,117,154649.493,154799.7889,153577.4736,153731.1592,153731.1592,13879
M03,118,153585.2832,154941.4711,153221.4238,154717.5198,154717.5198,3060
M03,119,155591.651,155692.6087,154053.983,154228.9604,154228.9604,2309
M03,120,153145.1682,154275.3651,153068.8077,153726.9838,153726.9838,2430
M03,121,153163.1101,153486.1262,151483.9311,151754.9684,151754.9684,2407
M03,122,152153.3109,152478.3297,150986.2786,151420.5711,151420.5711,2473
M03,123,151793.3651,153223.1867,151670.1623,153069.4827,153069.4827,7927
M03,124,152732.0319,152873.9115,150847.2309,151525.443,151525.443,3161
M03,125,152190.3638,152625.2646,151550.5771,152338.448,152338.448,1539
M03,126,152688.4369,153904.3561,152361.1544,153809.8138,153809.8138,2444
M03,127,154145.9151,154340.5873,153345.538,153590.6027,153590.6027,4278
M03,128,153187.2728,154290.8092,153137.9286,153679.4525,153679.4525,3150
M03,129,155321.6684,155938.3135,155081.6202,155753.4436,155753.4436,1805
M03,130,155678.2975,156567.69,155468.3542,156417.8871,156417.8871,1911
M03,131,156487.7908,156759.5551,155929.2408,156344.0948,156344.0948,1971
M03,132,157692.862,158884.7326,157683.5438,158230.4781,158230.4781,2493
M03,133,158569.9804,159024.1536,157992.0095,158165.2283,158165.2283,2486
M03,134,158183.4205,158183.4205,156631.0043,156738.1384,156738.1384,2046
M03,135,156781.7052,157464.8331,156225.0482,157337.3524,157337.3524,1948
M03,136,158327.8249,158437.5992,156596.8174,156823.2542,156823.2542,4159
M03,137,156842.7331,156870.6571,155855.7288,156164.6207,156164.6207,2050
M03,138,157818.4961,158644.1329,157638.791,158336.2414,158336.2414,3417
M03,139,157500.178,158573.0497,157460.3827,158438.8986,158438.8986,1880
M03,140,158561.1617,158744.7101,157917.3055,158413.6576,158413.6576,2310
M03,141,158646.9741,158729.1204,158110.3465,158346.9849,158346.9849,2338
M03,142,160727.5773,161307.5024,160397.4569,160972.4516,160972.4516,3896
M03,143,160749.6727,161244.8672,160236.2743,161107.7823,161107.7823,3042
M03,144,160549.3832,160729.7081,159697.4564,160562.2635,160562.2635,3154
M03,145,162014.3111,162487.5593,160994.7905,162323.4871,162323.4871,2815
M03,146,162110.9733,162403.811,161202.4832,161584.5113,161584.5113,3394
M03,147,163070.2712,163070.2712,161329.176,161486.3464,161486.3464,2654
M03,148,160170.7217,161265.3952,160138.3214,161153.36,161153.36,4017
M03,149,163406.5246,163798.8541,163097.1257,163307.7018,163307.7018,2430
M03,150,163846.7852,163966.5242,162711.1668,163052.8145,163052.8145,3758
M03,151,162745.4629,163500.5788,162250.4543,163311.5094,163311.5094,1983
M03,152,163323.2974,163674.5739,163085.8836,163451.651,163451.651,3237
M03,153,163940.642,163946.5831,162931.0611,163161.4844,163161.4844,3219
M03,154,162188.167,162645.765,161611.8876,161980.3696,161980.3696,2170
M03,155,163036.6118,163826.1434,162778.0009,163478.9108,163478.9108,2368
M03,156,163208.7199,163622.874,162509.6862,162636.7679,162636.7679,2644
M03,157,164006.3108,164541.704,163753.4054,164219.5586,164219.5586,2057
M03,158,164566.4527,165714.5089,164461.0832,165446.7884,165446.7884,2607
M03,159,164865.7076,165048.9693,164236.2954,164545.2179,164545.2179,2037
M03,160,164998.7837,165303.6434,164185.7907,164655.6717,164655.6717,2321
M03,161,165380.0933,165650.4088,164543.7718,164884.4361,164884.4361,2158
M03,162,164654.4609,165787.9687,164417.7819,165604.9216,165604.9216,2224
M03,163,167873.7292,168410.6708,167639.3853,168227.8046,168227.8046,2104
M03,164,168777.3637,168777.3637,167435.1056,167622.7986,167622.7986,2270
M03,165,167428.1674,167523.4454,166499.6786,166966.932,166966.932,2169
M03,166,167766.2828,168345.4132,167148.0573,167507.2115,167507.2115,3588
M03,167,167472.4082,167551.7697,164692.821,164875.7509,164875.7509,2541
M03,168,165460.6311,165708.4186,163901.7462,164156.9446,164156.9446,2748
M03,169,165558.7795,165808.7247,163744.5473,164801.7473,164801.7473,2961
M03,170,165145.9554,165834.5035,164066.883,165496.2981,165496.2981,1897
M03,171,164271.4332,164730.223,163211.0113,164594.147,164594.147,3767
M03,172,164456.2069,164482.4906,162459.6526,162628.3774,162628.3774,4385
M03,173,163786.8028,163897.8735,160959.3807,161183.1039,161183.1039,2411
M03,174,161635.3727,162522.8645,160755.3473,162373.8394,162373.8394,2903
M03,175,164623.385,165431.9033,164277.2549,165280.1186,165280.1186,2440
M03,176,162995.9757,162995.9757,160943.3901,161100.1891,161100.1891,1937
M03,177,162306.8407,162674.2488,160508.2011,160714.2958,160714.2958,2136
M03,178,161044.7457,161465.0693,159451.8987,159703.6962,159703.6962,2531
M03,179,160051.2633,160954.359,154533.2373,158173.829,158173.829,8345
M03,180,159247.4908,159337.1154,156195.0499,156574.8761,156574.8761,5030
M03,181,156522.2919,158053.2247,155290.1516,157821.8641,157821.8641,4127
M03,182,158391.5211,158400.5163,155909.8957,156700.381,156700.381,4651
M03,183,157480.0672,157564.5818,155532.8111,155901.6676,155901.6676,3656
M03,184,157597.3274,158025.8609,155577.858,156621.9936,156621.9936,4668
M03,185,156384.0764,157860.177,155032.09,157470.017,157470.017,4310
M03,186,158213.1596,158213.1596,155226.2273,155502.0353,155502.0353,4959
M03,187,154959.0341,154959.0341,151505.1248,152141.2134,152141.2134,4644
M03,188,150891.0731,150979.4237,147040.0368,147791.395,147791.395,4288
M03,189,148257.2779,149222.6303,146371.5573,148524.4739,148524.4739,4365
M03,190,149175.7762,149433.4703,147374.911,147658.9059,147658.9059,6302
M03,191,149873.9523,151460.4984,149236.4892,151037.0279,151037.0279,5524
M03,192,147257.9874,148387.8447,145786.9169,146987.0568,146987.0568,5824
M03,193,147459.9927,149681.0139,147407.7863,149359.1755,149359.1755,6928
M03,194,150188.2691,150346.3957,148419.5687,149729.9265,149729.9265,2268
M03,195,150322.5049,151230.6022,149930.5572,151001.6739,151001.6739,2875
M03,196,152167.063,152432.7126,148672.696,148897.106,148897.106,3400
M03,197,148625.2341,148625.2341,146806.4307,147560.2733,147560.2733,3255
M03,198,149428.036,149683.4801,146814.921,147037.2673,147037.2673,3600
M03,199,145821.1537,146414.3189,144991.2863,145440.2348,145440.2348,2535
M03,200,146492.2074,146908.8064,144446.554,145765.2294,145765.2294,3776
M03,201,145087.2029,145345.6052,144118.9618,144707.0238,144707.0238,3655
M03,202,144385.8926,144385.8926,142311.7084,142558.4892,142558.4892,4609
M03,203,144265.184,146865.5041,143370.4437,146490.5289,146490.5289,5591
M03,204,146714.3525,147177.0211,145555.3593,145948.7051,145948.7051,3378
M03,205,145878.7471,148027.5958,144264.3841,147935.9869,147935.9869,5425
M03,206,148671.7448,148797.4625,147181.8364,147733.5631,147733.5631,4412
M03,207,149686.9456,151609.5192,149281.327,150840.2709,150840.2709,8303
M03,208,151626.1909,151646.8679,150300.6205,150902.1421,150902.1421,4670
M03,209,150518.4821,151032.5354,149718.0931,150156.6149,150156.6149,3651
M03,210,151968.7868,151970.3843,151457.7725,151692.4197,151692.4197,498
M03,211,151629.709,151755.114,150567.9074,151201.4673,151201.4673,3635
M03,212,152113.9724,152311.103,149826.3348,150068.5426,150068.5426,3346
M03,213,150037.9126,151508.568,149288.7512,151322.2952,151322.2952,2485
M03,214,152682.0626,152776.0063,151198.5449,151868.947,151868.947,5053
M03,215,151725.7284,152831.9708,151607.7517,152221.2778,152221.2778,4416
M03,216,153179.5024,153816.2693,152857.865,153432.4782,153432.4782,4399
M03,217,153419.9556,154156.7951,152832.4039,153967.6468,153967.6468,3068
M03,218,153169.4532,153173.3213,151820.8801,152070.9359,152070.9359,3246
M03,219,152318.3989,152325.3895,150687.0395,151061.7456,151061.7456,2605
M03,220,151343.7857,151696.2625,149866.7041,150051.3205,150051.3205,2776
M03,221,151431.9421,152635.6519,150474.5766,152449.542,152449.542,4383
M03,222,151905.2359,152593.5911,151339.5809,152413.2541,152413.2541,4210
M03,223,152782.6536,153582.851,152653.2621,153131.7727,153131.7727,5634
M03,224,154661.599,155763.9144,154442.2604,155405.4102,155405.4102,9344
M03,225,155482.3771,155845.5065,154533.9178,155010.7238,155010.7238,4733
M03,226,155688.634,155900.239,154418.1518,155022.6564,155022.6564,6373
M03,227,155811.2172,155834.2273,154720.2961,155140.7017,155140.7017,4155
M03,228,155278.7548,155334.7722,154167.7147,154627.0642,154627.0642,4466
M03,229,153383.8079,153439.5871,151546.8235,151741.7735,151741.7735,5172
M03,230,152236.7774,153245.5088,151736.7257,153001.8914,153001.8914,4365
M03,231,151989.0296,152171.6884,150741.8025,150931.5444,150931.5444,4321
M03,232,147987.5184,150654.2245,147312.1125,150408.9642,150408.9642,4638
M03,233,152741.6559,155117.5154,152263.7847,154911.822,154911.822,4599
M03,234,154427.2526,154730.2341,153439.7414,154018.9963,154018.9963,4142
M03,235,154911.2236,155164.6465,154280.813,154923.0197,154923.0197,4203
M03,236,154380.2161,155162.9452,154356.6811,154982.4605,154982.4605,3738841
M03,237,155199.3,155837.6386,154428.7552,155716.3938,155716.3938,4528817
M03,238,156678.9256,157167.0329,156422.7209,156863.2318,156863.2318,3453
M03,239,155708.9772,156370.6324,155201.9052,156182.6574,156182.6574,3887345
M03,240,157070.452,157217.9105,153818.9584,154022.9258,154022.9258,3968856
M03,241,154451.165,154670.8776,152571.4521,152773.4988,152773.4988,2643247
M03,242,151896.7813,153045.7693,150043.9265,152782.9723,152782.9723,3112
M03,243,154343.2458,154510.9938,153399.4057,153508.0057,153508.0057,2746664
M03,244,153836.5432,155047.9462,153836.5432,154542.2007,154542.2007,2190788
M03,245,155910.8608,156109.9249,155027.853,155175.7604,155175.7604,1611772
M03,246,154717.2332,154882.0896,152733.5139,153406.7303,153406.7303,2867200
M03,247,153657.9185,153936.5469,151695.5097,151858.6011,151858.6011,3567
M03,248,152339.5946,152996.2375,151446.2472,152786.0844,152786.0844,3188611
M03,249,154211.0048,154664.4463,153516.717,153692.1855,153692.1855,3262486
M03,250,153381.5077,153691.6878,152483.0367,153451.0604,153451.0604,3568482
M03,251,155215.4397,155512.1652,153850.891,155350.74,155350.74,4456
M03,252,156264.4334,156313.171,155457.4753,155611.4999,155611.4999,3844806
M03,253,155572.9519,155669.1994,154062.9986,154790.4796,154790.4796,3795
M03,254,155179.3935,155229.5478,153368.1162,154063.4108,154063.4108,5205
M03,255,154612.4836,156329.4761,154612.4836,156196.2367,156196.2367,5170
M03,256,156272.7165,156664.9714,155876.8698,156060.25,156060.25,3487
M03,257,156924.8511,157161.0999,155878.4982,156754.5243,156754.5243,4497
M03,258,156981.2892,157207.1743,156122.4039,156847.7956,156847.7956,4268
M03,259,157537.9463,158548.4381,157039.6276,158021.0944,158021.0944,3553
M03,260,159020.9503,159023.3231,157428.6018,158130.2521,158130.2521,3802
M03,261,157333.0542,157450.9551,155366.1921,155670.434,155670.434,2934
M03,262,154990.9777,155470.0611,154348.353,155199.1561,155199.1561,4732
M03,263,156233.456,157219.2896,154972.1445,155284.1764,155284.1764,5197
M03,264,155508.2091,155614.3548,153205.8336,153600.2116,153600.2116,3195
M03,265,154982.4717,155058.069,153501.9015,154443.46,154443.46,3314091
M03,266,154925.6388,155058.5866,153503.9468,153937.6787,153937.6787,3998822
M03,267,154446.3442,156484.9688,154164.064,156392.4986,156392.4986,4019852
M03,268,156213.6056,158220.075,155824.6262,156891.9962,156891.9962,7465859
M03,269,157265.7729,157984.2439,156270.4081,157811.5561,157811.5561,3561
M03,270,157408.6,158074.8047,157076.2878,157596.9819,157596.9819,2797921
M03,271,157685.9534,158934.5332,157541.3858,158805.6017,158805.6017,2996556
M03,272,159503.4302,160130.7384,158953.0737,159264.4813,159264.4813,2822
M03,273,158180.6961,158232.1235,156494.9348,156777.459,156777.459,4544
M03,274,156930.5623,156943.0452,155707.9939,156113.5619,156113.5619,3917
M03,275,155536.939,155791.9098,154290.2388,154459.8967,154459.8967,2601
M03,276,154699.6222,154888.4589,153560.101,153889.518,153889.518,6360
M03,277,154876.2121,155034.983,152833.1374,154115.5943,154115.5943,4735
M03,278,153574.8289,153923.1221,152030.0534,152148.6904,152148.6904,3446
M03,279,151950.5849,152945.8295,150855.8276,151135.629,151135.629,2028
M03,280,153499.6179,154501.7144,153087.6891,154325.4144,154325.4144,2480
M03,281,154559.6943,155189.674,154000.2702,154824.2945,154824.2945,2363
M03,282,155073.2332,155227.3289,154597.1963,154924.0973,154924.0973,3838
M03,283,154417.6105,155526.3942,154062.5382,155402.8012,155402.8012,2403
M03,284,155793.2403,156645.3521,154660.4236,155784.4101,155784.4101,4135
M03,285,155696.9344,156697.6719,153958.5351,154691.3838,154691.3838,3911
M03,286,155211.3004,155470.3734,154364.4072,154529.3866,154529.3866,2421
M03,287,155231.3733,155757.9564,154946.5918,155426.6934,155426.6934,3537
M03,288,155029.2454,156386.3378,154110.7269,156322.4134,156322.4134,4329
M03,289,157543.7801,158068.0344,157164.2464,157937.1224,157937.1224,3596
M03,290,158520.826,158892.8409,157860.1476,158440.5921,158440.5921,3821
M03,291,158126.5034,158126.5034,157435.2885,157773.0223,157773.0223,2972
M03,292,158475.7427,160048.4463,158410.2688,159823.7695,159823.7695,3256
M03,293,160827.1039,162282.0329,160745.9475,162061.9729,162061.9729,4262
M03,294,163068.723,163888.2229,162507.5695,163692.5957,163692.5957,4529
M03,295,163582.4762,163872.7205,162947.2249,163211.7849,163211.7849,3255
M03,296,161934.0634,164054.8852,161934.0634,163066.6079,163066.6079,3358
M03,297,164158.2506,165176.9123,163379.6707,163995.1356,163995.1356,3430
M03,298,164471.4164,165235.1425,163867.3882,165094.8941,165094.8941,3121
M03,299,165984.2015,166225.8292,165476.1135,165780.7503,165780.7503,3553
M03,300,166666.1373,167152.6333,165092.2972,165418.4564,165418.4564,3884
M03,301,164399.1618,164399.1618,162888.38,163500.3314,163500.3314,3778
M03,302,162546.4054,164311.5095,162176.5282,164035.6853,164035.6853,2886
M03,303,165697.062,166145.7134,164096.3524,164664.3608,164664.3608,3939
M03,304,164314.4173,165971.601,164056.9926,165765.4799,165765.4799,3387
M03,305,167301.1167,168406.2633,167085.2437,167357.0526,167357.0526,4418
M03,306,167217.408,167788.3488,166610.062,167509.3871,167509.3871,4010
M03,307,169044.5524,169489.487,167574.9919,167793.2191,167793.2191,3472
M03,308,167414.9527,167430.4386,165889.7756,166335.5749,166335.5749,2635
M03,309,167009.1091,167521.1593,166413.646,167106.7657,167106.7657,3467
M03,310,167331.3587,167535.8301,165303.1388,166073.7202,166073.7202,2205
M03,311,166124.4785,167188.45,165557.4001,167017.8707,167017.8707,3206
M03,312,166553.0243,166775.0216,165027.3595,165211.7747,165211.7747,3469
M03,313,165472.8605,165594.5494,164781.6556,165410.4513,165410.4513,3340
M03,314,165837.289,166380.8176,165248.9407,166158.9627,166158.9627,3760
M03,315,166089.9985,166822.0558,165981.0242,166519.2917,166519.2917,4370
M03,316,167649.2252,169040.7334,167642.8173,168659.8358,168659.8358,2908
M03,317,169664.8614,169954.9965,168214.926,168460.7766,168460.7766,3126
M03,318,167896.9849,167896.9849,165442.0001,165697.2497,165697.2497,3049
M03,319,165514.0752,165775.9342,164433.9879,164632.9961,164632.9961,2519
M03,320,165981.5582,167795.8689,165545.3705,167621.3066,167621.3066,3207
M03,321,168032.4037,168721.8531,166151.0388,166438.4381,166438.4381,3057
M03,322,166478.6059,167495.1983,166048.1224,167341.7147,167341.7147,3708
M03,323,167329.7727,167539.517,166029.6689,167221.0764,167221.0764,6922
M03,324,167467.2512,168125.5005,166808.6332,167230.9484,167230.9484,5144
M03,325,167153.4137,167852.7621,166770.4308,166955.068,166955.068,3066
M03,326,166984.6963,166984.6963,166081.018,166471.536,166471.536,3037
M03,327,166568.9528,166655.1141,164083.0807,164256.6606,164256.6606,3059
M03,328,164766.7086,164785.6246,162607.7881,162806.2215,162806.2215,2609
M03,329,163065.1651,163205.7795,161585.5672,162248.7142,162248.7142,3438
M03,330,161947.4976,162333.174,160820.1385,161218.6242,161218.6242,4174
M03,331,161415.1313,161812.3888,159299.1943,159690.9018,159690.9018,3920
M03,332,158719.1146,160539.8358,157905.2503,159453.8323,159453.8323,3730
M03,333,161524.8851,161613.6145,159411.4128,159699.7373,159699.7373,3868
M03,334,158744.8427,160195.7504,158203.3209,159660.066,159660.066,3386
M03,335,160451.8954,162620.274,160113.559,162319.1814,162319.1814,3648
M03,336,166775.8399,169841.4005,166210.7127,169583.3294,169583.3294,5957
M03,337,170250.7789,170778.5043,167814.1621,168180.7748,168180.7748,4844
M03,338,167577.4743,168275.7479,166795.7139,167680.3714,167680.3714,3325
M03,339,170358.5384,172652.7958,166313.1443,167000.6635,167000.6635,5757
M03,340,168908.431,170640.415,167819.0688,170457.7881,170457.7881,3603
M03,341,170845.6382,172080.2645,170054.547,171481.1141,171481.1141,3204
M03,342,170688.4192,170958.8714,169542.3928,170620.1271,170620.1271,3381
M03,343,169657.446,169886.6796,168402.4767,168750.8578,168750.8578,2775
M03,344,170276.0887,171702.821,169933.1183,171358.8592,171358.8592,3775
M03,345,171583.5316,172113.0086,168903.8734,170362.2056,170362.2056,3244
M03,346,171623.1768,173787.6665,171209.9732,173609.7035,173609.7035,7241
M03,347,172763.8247,173262.699,172054.8672,172280.4637,172280.4637,2438
M03,348,172038.4496,172136.3155,169229.6903,169437.8793,169437.8793,3958
M03,349,170470.0779,170992.6286,169168.1341,170617.0637,170617.0637,3259
M03,350,171584.4878,172413.1527,170862.7436,171572.3756,171572.3756,3788
M03,351,172271.9616,172988.0668,171665.6502,172487.8894,172487.8894,3290
M03,352,170087.0577,170120.7646,168595.0755,169162.1604,169162.1604,2462
M03,353,169671.1235,170190.4806,168738.5926,169936.2724,169936.2724,4524
M03,354,171087.2858,171099.7462,169223.4512,169604.4333,169604.4333,4182
M03,355,169345.8592,169457.5547,166762.1472,166973.4345,166973.4345,2731
M03,356,166900.9793,167374.6612,166106.0678,166855.5091,166855.5091,3940
M03,357,167859.0136,168969.7834,166592.8572,167585.564,167585.564,3736
M03,358,167717.7346,170276.6094,167248.7289,170117.6173,170117.6173,4101
M03,359,172093.0428,172135.1848,169977.3075,170295.2983,170295.2983,3063
M03,360,167865.3118,168464.5354,167271.48,167705.5513,167705.5513,2352
M03,361,167288.4454,168821.879,166493.7157,168583.7657,168583.7657,2351
M03,362,169157.4093,170425.0004,168901.8708,170072.1563,170072.1563,3176
M03,363,169953.9668,170739.759,169424.2706,169750.0313,169750.0313,2973
M03,364,169307.2336,169498.3285,168159.7461,168299.5253,168299.5253,2391
M03,365,169408.7804,170355.9485,169397.4677,170020.4175,170020.4175,2226
M03,366,171959.5441,172075.3391,170609.806,171980.2803,171980.2803,3133
M03,367,172346.2857,172464.694,171589.6978,172051.2352,172051.2352,2927
M03,368,171423.5612,171687.4673,171168.8142,171382.3782,171382.3782,2859
M03,369,172128.6217,172309.4506,169765.5051,170075.4615,170075.4615,5324
M03,370,170722.0561,170722.0561,166955.7134,167453.4382,167453.4382,4392
M03,371,166988.1451,167245.6509,165615.3478,166886.247,166886.247,3851
M03,372,165722.9562,166377.5209,164749.531,165102.2797,165102.2797,3327
M03,373,166821.2063,167427.6736,166303.2751,167128.955,167128.955,3078
M03,374,167469.3177,167816.5391,166367.2941,166588.2532,166588.2532,2752
M03,375,168682.5272,168743.1489,167327.5837,168192.8747,168192.8747,4243
M03,376,167734.1921,168647.0051,167232.2627,168462.5254,168462.5254,5324
M03,377,168189.7176,168677.6082,167803.4506,168380.9558,168380.9558,4903
M03,378,168057.8915,168057.8915,166586.6149,166741.8404,166741.8404,4854
M03,379,167143.7697,167143.7697,163774.3443,164055.3234,164055.3234,3883
M03,380,163727.4268,163727.4268,161834.4655,162435.8773,162435.8773,4947
M03,381,164406.1753,164747.803,163373.0578,163734.4713,163734.4713,3524
M03,382,162901.9573,163384.8259,161693.513,162290.5662,162290.5662,3437
M03,383,163128.4664,164138.3769,162442.5496,162681.0768,162681.0768,3606
M03,384,162652.4807,163284.0266,162047.504,162874.3716,162874.3716,5226
M03,385,163929.8992,163929.8992,161671.7077,162392.227,162392.227,4433
M03,386,161840.8245,162761.5129,160226.0513,160389.9143,160389.9143,5004
M03,387,160458.8532,161831.9317,159902.0379,161421.7141,161421.7141,5522
M03,388,160891.344,160891.344,157909.0998,159304.0009,159304.0009,4426
M03,389,158932.3519,160891.238,157586.2556,159785.166,159785.166,6095
M03,390,157859.8917,157867.9424,156037.2282,157250.033,157250.033,5694
M03,391,156574.6526,159459.422,156440.0288,158325.1132,158325.1132,5666
M03,392,158731.9651,159072.8753,156954.0977,157296.7663,157296.7663,5123
M03,393,157585.6718,160143.6072,156932.3407,159809.1483,159809.1483,4695
M03,394,162105.6776,163342.3818,161608.667,162367.5322,162367.5322,5735
M03,395,162138.9879,162138.9879,158417.0781,158716.283,158716.283,6098
M03,396,159667.6826,160697.3389,158669.6691,160002.3025,160002.3025,5109
M03,397,160474.3722,160738.1558,158720.4145,160334.1213,160334.1213,5835
M03,398,160363.9137,161360.4985,159818.7557,160006.9867,160006.9867,3792
M03,399,161341.2406,161642.021,160385.2541,160851.1279,160851.1279,4397
M03,400,160019.4961,160482.0682,158834.4923,158996.8836,158996.8836,6184
M03,401,159973.7491,159973.7491,156970.6419,157322.5214,157322.5214,6963
M03,402,156019.0351,157818.4071,154795.6369,157363.1417,157363.1417,7930
M03,403,159638.5458,160409.8708,155915.8882,160194.7089,160194.7089,7662
M03,404,161678.5339,161992.0778,160782.1432,161604.6425,161604.6425,7654
M03,405,161357.5564,161494.8962,159615.3413,160483.7037,160483.7037,5926
M03,406,160151.4797,160151.4797,158461.5765,158811.0743,158811.0743,6945
M03,407,160474.7719,161232.2902,158782.8053,160951.2838,160951.2838,6710
M03,408,159970.1619,159998.6316,156890.7316,157307.6258,157307.6258,5305
M03,409,157036.588,157899.8878,156325.1548,157678.4695,157678.4695,5806
M03,410,158322.8689,158655.1395,157119.6709,157560.5764,157560.5764,5793
M03,411,157619.5379,158593.8652,157371.3198,158460.1321,158460.1321,4983
M03,412,158607.4471,159785.5332,157813.7049,159362.3929,159362.3929,5375
M03,413,159246.313,159641.4453,159000.6703,159330.9102,159330.9102,7557
M03,414,160002.0789,160450.7464,158794.2696,159032.6169,159032.6169,5512
M03,415,158393.4826,159405.9871,157644.5894,159284.5085,159284.5085,6899
M03,416,159432.1941,159850.0095,158679.6241,159084.0146,159084.0146,4100
M03,417,160169.1279,160169.5488,156935.6594,157202.8272,157202.8272,4522
M03,418,156484.9191,156876.3703,155820.6437,156239.2188,156239.2188,4966
M03,419,156248.9977,156248.9977,153577.0088,154027.9441,154027.9441,6705
M03,420,155122.6388,164388.0299,154569.2951,162831.4527,162831.4527,12239
M03,421,165795.6374,168344.2954,165070.2028,166845.7586,166845.7586,617
M03,422,166766.7728,167495.8362,165819.8177,166604.2446,166604.2446,6157
M03,423,167936.3062,167936.3062,165460.5592,165815.2347,165815.2347,5805
M03,424,166077.5244,168041.2052,165972.9394,167318.8326,167318.8326,7057
M03,425,166668.2078,167113.6557,165725.8502,165896.6447,165896.6447,7910
M03,426,167076.9367,167076.9367,165048.1432,166192.4371,166192.4371,10004
M03,427,166964.8363,167439.3197,163163.8776,164779.2586,164779.2586,16519
M03,428,162590.2476,163328.035,161821.5353,162458.0877,162458.0877,13034
M03,429,163326.2795,163335.0017,160059.3322,160229.2412,160229.2412,11878
M03,430,161540.7043,161820.9417,159947.7805,160167.3395,160167.3395,7893
M03,431,161060.3552,163550.6025,160151.9729,163414.1002,163414.1002,7322
M03,432,163067.126,163067.126,161667.3968,161998.6984,161998.6984,6080
M03,433,161843.6907,163338.533,160750.538,162408.5121,162408.5121,9387
M03,434,163708.5634,165017.3202,163099.6758,163735.2587,163735.2587,6223
M03,435,163532.0119,164892.2139,163198.1799,164341.2177,164341.2177,5775
M03,436,165948.2599,166074.2258,165001.7203,165784.7793,165784.7793,5840
M03,437,165929.5751,167892.74,165543.1173,167666.7654,167666.7654,10709
M03,438,167907.5869,169081.2891,167373.9532,168812.0391,168812.0391,9919
M03,439,167043.3807,167865.4129,165729.6858,165895.6856,165895.6856,10681
M03,440,168245.694,168817.7939,167393.9458,168224.1089,168224.1089,8318
M03,441,168083.1068,168529.3659,166445.0437,167214.8109,167214.8109,7851
M03,442,166781.5196,166951.4317,164724.9089,166170.5242,166170.5242,10592
M03,443,169054.71,171737.3319,168885.3382,171370.8919,171370.8919,11208
M03,444,171326.6945,171850.6204,170255.1677,171310.6215,171310.6215,8029
M03,445,172181.8992,172953.6199,171509.2298,171826.7728,171826.7728,17940
M03,446,172232.1993,172605.9646,171453.0516,172099.203,172099.203,12182
M03,447,172566.0028,173376.97,172105.3462,172600.7327,172600.7327,13000
M03,448,173777.1554,173866.8628,172092.3845,172928.837,172928.837,8676
M03,449,171940.9683,173199.4732,170770.9179,172614.5812,172614.5812,7865
M03,450,173660.0602,173927.7764,172785.5954,173780.1676,173780.1676,6046
M03,451,174771.3053,175282.1894,173194.3109,173450.9711,173450.9711,8524
M03,452,172430.0927,172861.8102,171722.1303,172552.3189,172552.3189,6423
M03,453,173177.1664,173609.5776,171953.0187,172188.355,172188.355,8413
M03,454,172956.8813,173687.2958,172302.8243,173419.8516,173419.8516,6182
M03,455,173405.8052,174443.7089,172976.2006,173184.7671,173184.7671,5664
M03,456,173613.7517,174091.7686,172715.8221,172983.0103,172983.0103,6568
M03,457,173914.3365,174295.9496,173204.3767,173975.9824,173975.9824,7535
M03,458,174783.6652,175155.1976,174123.4928,174448.2568,174448.2568,7469
M03,459,174235.8703,174268.132,173366.8253,173542.402,173542.402,4571
M03,460,173628.29,173628.29,172020.9388,172373.6438,172373.6438,4111
M03,461,174291.9911,176412.6941,174094.7614,176229.6064,176229.6064,5874
M03,462,176980.5453,177400.8759,175631.7024,176111.0161,176111.0161,6686
M03,463,176052.9732,176466.9964,175491.5054,176230.0545,176230.0545,6672
M03,464,176522.6099,176532.2591,175813.0252,176388.0907,176388.0907,7037
M03,465,175423.497,175444.635,173401.8965,173954.6656,173954.6656,9553
M03,466,175997.5147,176087.7006,174432.151,174837.2675,174837.2675,8030
M03,467,174360.1912,174498.5688,173085.884,173604.0662,173604.0662,7007
M03,468,173923.1318,175126.105,173365.5312,174969.4173,174969.4173,9466
M03,469,174952.0501,175012.9575,173808.2636,174061.8807,174061.8807,7158
M03,470,175041.3906,175041.3906,172414.4202,172874.4076,172874.4076,7154
M03,471,173597.8101,174104.9345,172781.0365,173427.2906,173427.2906,6602
M03,472,174811.5783,174811.5783,173174.4887,173308.7762,173308.7762,6225
M03,473,171954.2175,172726.5017,171314.6879,172497.8911,172497.8911,12225
M03,474,172350.0761,172993.0047,172049.8822,172436.6353,172436.6353,8995
M03,475,173937.8339,175222.391,173860.4948,175025.6838,175025.6838,6291
M03,476,176079.6418,176148.8425,175006.4461,175095.3611,175095.3611,4325
M03,477,176987.9643,178493.8451,176784.5597,178280.5381,178280.5381,4444
M03,478,176850.5652,177584.6321,176490.908,177344.8106,177344.8106,5119
M03,479,177718.3832,178348.808,177224.9579,178154.8646,178154.8646,6873
M03,480,177572.6851,177843.9036,177104.4042,177297.6451,177297.6451,6712
M03,481,178590.1674,179249.364,178273.5817,178995.9276,178995.9276,1263
M03,482,178695.0368,178774.2095,177574.2781,177737.9987,177737.9987,923
M03,483,178031.7046,178031.7046,176270.7912,176403.0861,176403.0861,1135
M03,484,176821.564,178166.8363,176683.8806,178012.1433,178012.1433,1234
M03,485,178481.2139,178603.0704,177484.0846,177932.0235,177932.0235,1149
M03,486,179017.1662,179017.1662,177198.2411,177495.1488,177495.1488,1057
M03,487,176749.928,178071.138,176699.3903,177974.3049,177974.3049,1087
M03,488,177439.6041,177446.7127,176221.4339,176715.5076,176715.5076,1848
M03,489,176675.2559,176675.2559,173411.5474,173679.1241,173679.1241,1920
M03,490,176573.9664,177638.5947,175472.43,176084.6527,176084.6527,2566
M03,491,174779.8781,176035.6763,174356.5392,175826.2363,175826.2363,3852
M03,492,176072.6885,177206.6558,175897.7417,177079.4839,177079.4839,1673
M03,493,178484.9521,179373.38,177967.987,178620.2902,178620.2902,2582
M03,494,179497.743,179976.3295,179208.0206,179804.7814,179804.7814,2140
M03,495,179162.8331,179638.3918,178682.9131,179460.2995,179460.2995,2992
M03,496,180351.3011,180351.3011,178968.6891,179933.9224,179933.9224,1200
M03,497,179496.2341,180072.9845,179014.7615,179529.716,179529.716,1378
M03,498,180198.0819,180777.8845,179859.7225,180268.3559,180268.3559,2135
M03,499,180980.2019,181026.7545,177727.2905,177836.6548,177836.6548,1620
M03,500,178281.3405,178474.7995,177450.8182,177577.6199,177577.6199,2056
M03,501,177054.7391,177332.9574,175312.2929,175552.8506,175552.8506,1489
M03,502,177039.0523,177995.1786,176641.1057,177876.7163,177876.7163,1954
M03,503,177523.1198,178896.0071,177087.9146,178536.3025,178536.3025,1350
M03,504,177791.9758,177815.9173,176129.3023,176269.1035,176269.1035,1417
M03,505,176740.701,176884.3641,174900.8302,175316.4068,175316.4068,2098
M03,506,175693.1316,176561.479,175593.2688,175979.7053,175979.7053,1616
M03,507,178223.9132,178223.9132,175854.0753,176215.4756,176215.4756,1417
M03,508,177703.9208,177738.1676,175650.1271,175876.7631,175876.7631,2531
M03,509,169787.0057,171129.3531,169197.0464,170519.5475,170519.5475,2067
M03,510,172021.9986,174762.9761,171759.6446,174636.4067,174636.4067,3302
M03,511,175870.2792,176967.4415,174931.6962,176819.8582,176819.8582,2825
M03,512,176943.2896,177786.1637,176531.002,177359.3678,177359.3678,3117
M03,513,177759.5802,177759.5802,176380.8952,176675.0205,176675.0205,3582
M03,514,177488.5136,177511.5361,175903.026,176681.8502,176681.8502,3087
M03,515,174746.9982,175854.2429,174728.9648,174885.9611,174885.9611,1624
M03,516,177218.4575,178680.6311,177218.4575,178226.2917,178226.2917,2030
M03,517,179093.4388,179102.4128,177509.3485,178030.9934,178030.9934,1842
M03,518,178791.8038,179619.5055,177383.0872,177704.4431,177704.4431,2110
M03,519,177432.6192,177846.1049,176172.5889,176280.4175,176280.4175,1486
M03,520,176055.7767,176055.7767,174204.7637,175420.5639,175420.5639,2616
M03,521,177096.4263,178111.2843,176783.84,177964.1681,177964.1681,1219
M03,522,177388.1819,177666.994,176527.0863,176680.7749,176680.7749,1719
M03,523,176529.7778,176529.7778,173386.7152,173631.3588,173631.3588,1692
M03,524,174370.7952,174535.6226,173177.5629,173438.5283,173438.5283,1559
M03,525,172549.2855,172809.0009,170684.0568,171235.9855,171235.9855,1692
M03,526,171736.8567,171736.8567,169481.8803,170867.8478,170867.8478,2151
M03,527,168512.2087,168512.2087,164772.2802,165105.6202,165105.6202,2724
M03,528,167201.7095,167941.7562,162367.713,163906.1858,163906.1858,2818
M03,529,164437.3627,165605.4377,162990.4933,165047.6154,165047.6154,2070
M03,530,165898.7036,166224.2836,162172.3524,164586.458,164586.458,3369
M03,531,165904.406,167122.9849,164969.3827,165330.0762,165330.0762,2772
M03,532,161399.9076,161971.0742,158813.0133,161239.6839,161239.6839,4058
M03,533,159614.121,159614.121,151661.4517,153932.6233,153932.6233,4011
M03,534,152346.2911,154719.88,151457.2837,153327.7461,153327.7461,5722
M03,535,147553.6492,147553.6492,139081.1639,140301.2333,140301.2333,5207
M03,536,133276.7866,148457.2693,125483.7944,145613.6104,145613.6104,7408
M03,537,141831.6114,141831.6114,134004.0542,134491.5025,134491.5025,4011
M03,538,135895.4983,137771.5891,130665.3039,131456.9511,131456.9511,4487
M03,539,133261.6628,133833.671,123124.4936,124228.0594,124228.0594,6758
M03,540,119674.5506,126556.7066,115111.7898,121893.1143,121893.1143,6943
M03,541,121862.9568,130244.0217,119601.5333,128093.5481,128093.5481,7047
M03,542,119385.2551,120648.0405,111913.2093,112347.4003,112347.4003,4898
M03,543,115953.9061,117696.6227,109879.706,114315.9204,114315.9204,5421
M03,544,113358.0099,123155.5439,112759.5592,122067.2557,122067.2557,29615
M03,545,125265.583,129687.0152,123079.5485,129027.201,129027.201,7192
M03,546,132573.8623,134204.61,126534.0125,128554.451,128554.451,24477
M03,547,125274.3745,126436.0512,121264.2618,121904.3384,121904.3384,4322
M03,548,126129.5927,128178.7622,123427.5417,126876.817,126876.817,5417
M03,549,127710.0978,127712.9129,121512.2976,122342.8297,122342.8297,3678
M03,550,123928.8278,123996.3258,119067.7962,119458.1548,119458.1548,3912
M03,551,124184.1396,129595.6569,122911.937,129207.0139,129207.0139,4675
M03,552,128368.0109,134963.4129,127940.2296,129197.9883,129197.9883,5141
M03,553,131772.7705,134591.7868,131122.0412,134309.1131,134309.1131,3893
M03,554,133747.1922,133747.1922,130653.5626,131579.0707,131579.0707,3536
M03,555,134706.9322,135961.3127,130162.9997,130842.3688,130842.3688,4954
M03,556,129861.9445,132902.6752,129519.5935,132050.0762,132050.0762,3461
M03,557,136675.6474,136943.5475,133671.8343,136382.2389,136382.2389,4796
M03,558,138134.7769,138135.9889,135696.1037,136375.8293,136375.8293,3804
M03,559,132364.5673,132638.986,130398.9008,131508.3044,131508.3044,4260
M03,560,133009.5684,135660.6091,131812.9799,135265.7987,135265.7987,4121
M03,561,136637.8644,137987.4294,135111.4534,137573.1977,137573.1977,4780
M03,562,135708.2804,137503.0399,135067.6683,135279.0522,135279.0522,3662
M03,563,136258.2406,138172.0261,136226.1377,136619.9471,136619.9471,3048
M03,564,138249.9161,138671.9624,136352.5583,138304.2195,138304.2195,3155
M03,565,139679.7754,142215.4191,139077.2018,141448.3952,141448.3952,3473
M03,566,143908.0841,146089.7295,143794.8684,145358.4503,145358.4503,4370
M03,567,140806.2501,140806.2501,136007.296,136365.5879,136365.5879,3514
M03,568,138643.5993,138992.9756,135286.2535,135501.3921,135501.3921,4073
M03,569,136040.6161,137734.6124,134236.0218,136506.4076,136506.4076,3766
M03,570,136344.691,136463.315,134989.6655,135336.1979,135336.1979,4198
M03,571,138708.9252,138731.3613,136610.6929,136803.9454,136803.9454,3228
M03,572,138125.6901,139295.37,135842.4328,136102.6892,136102.6892,4109
M03,573,134671.6231,135505.0179,132530.7011,134792.7451,134792.7451,4454
M03,574,141335.8144,141351.3474,137290.711,137749.8517,137749.8517,4039
M03,575,135121.0538,135827.9107,133344.6523,133646.2742,133646.2742,3480
M03,576,134261.0777,134261.0777,132005.4001,133409.303,133409.303,2622
M03,577,135232.5742,135232.5742,129693.9593,129955.9194,129955.9194,3679
M03,578,130873.5822,132116.6176,129438.4349,129779.4699,129779.4699,3863
M03,579,129693.9588,132784.6419,129686.047,132527.9116,132527.9116,3284
M03,580,133760.3264,134991.7028,133158.8401,133884.1623,133884.1623,3272
M03,581,133551.5212,134786.9601,132044.1177,132900.7677,132900.7677,4200
M03,582,133518.0949,134480.3204,131994.7936,132415.1062,132415.1062,36563
M03,583,132833.7853,136575.9216,131680.1604,136337.0308,136337.0308,4152
M03,584,137204.0197,139098.3234,136402.0719,138811.0474,138811.0474,5844
M03,585,138117.9906,140011.3485,137180.4801,139768.1434,139768.1434,7315
M03,586,141868.3321,145178.4616,141741.1483,143581.9448,143581.9448,4454
M03,587,145035.7102,146841.3294,144390.0888,146663.1352,146663.1352,15701
M03,588,148473.8988,149791.1084,147788.0643,148144.3759,148144.3759,3860
M03,589,147235.7229,148262.627,145674.6215,146839.029,146839.029,4066
M03,590,147289.2578,148180.2616,146253.3171,147671.2247,147671.2247,5449
M03,591,150600.3179,150974.7698,147879.9913,148566.1852,148566.1852,5145
M03,592,149037.1214,150291.3014,146275.7768,146601.7341,146601.7341,3973
M03,593,146402.0862,147783.245,146059.2838,147339.5916,147339.5916,3105
M03,594,148169.8984,148190.2488,144990.076,145241.0305,145241.0305,4262
M03,595,139860.5812,145981.5294,139478.5994,145656.5105,145656.5105,5187
M03,596,145832.3899,145832.3899,142597.8289,143919.102,143919.102,4093
M03,597,145318.3104,146040.714,141453.2337,144251.6152,144251.6152,6290
M03,598,143501.9687,145627.7917,143049.8646,143800.7172,143800.7172,4042
M03,599,144100.4378,148006.0951,144100.4378,147712.6353,147712.6353,4823
M03,600,148407.6256,150624.929,147547.5396,150120.7739,150120.7739,6010
M03,601,150450.2354,151836.4541,150029.2545,150533.4075,150533.4075,5371
M03,602,151196.1005,153210.1195,150453.2447,152986.7501,152986.7501,4977
M03,603,154442.5566,154558.6166,150612.5929,150933.1276,150933.1276,5563
M03,604,149537.9129,151947.0323,149426.9924,150909.6654,150909.6654,5239
M03,605,152348.1741,152825.4335,151331.9004,152462.9975,152462.9975,5184
M03,606,151484.1096,151941.2913,150335.2339,151634.0469,151634.0469,3718
M03,607,151580.2419,151863.0274,150047.9877,150491.932,150491.932,4031
M03,608,152178.2745,154167.5283,151820.1422,153938.1009,153938.1009,4191
M03,609,153729.003,155503.259,153691.695,154763.9632,154763.9632,4371
M03,610,154739.1458,155103.5232,154081.9677,154722.1492,154722.1492,3305
M03,611,157074.3998,158580.5405,156817.2851,157826.262,157826.262,4530
M03,612,157701.4171,157972.0706,156026.9344,157762.3633,157762.3633,4670
M03,613,158525.3434,158913.9107,156349.7006,156758.9325,156758.9325,5511
M03,614,157498.0549,159034.5905,157375.3832,158738.1396,158738.1396,3854
M03,615,156952.377,157784.3084,156291.0817,157120.6819,157120.6819,4183
M03,616,158602.8056,159220.0857,157111.8489,157798.759,157798.759,3433
M03,617,157401.3107,157491.053,154643.3095,155314.1542,155314.1542,2802
M03,618,156810.7528,158950.3205,154998.0113,155675.2951,155675.2951,4921
M03,619,155206.3034,155732.5457,153659.4546,155506.8158,155506.8158,3966
M03,620,158015.6405,160515.6428,157865.0598,160058.0401,160058.0401,3414
M03,621,161898.8494,162201.1024,160932.6678,161941.9414,161941.9414,4591
M03,622,163111.2297,163831.1509,162759.5149,163571.4456,163571.4456,5170
M03,623,164792.8009,164884.3058,162304.6008,163469.5973,163469.5973,4924
M03,624,163665.6426,165440.6248,163335.2722,165074.6324,165074.6324,4653
M03,625,162688.4501,163915.1241,161826.0004,163457.1392,163457.1392,4060
M03,626,164372.5925,164372.5925,162200.0229,162909.8531,162909.8531,3904
M03,627,164285.3137,166454.9604,164051.9565,166188.2785,166188.2785,3042
M03,628,165674.6345,166493.2944,163334.6751,164139.6935,164139.6935,3923
M03,629,165425.606,166078.3553,162898.9826,163148.22,163148.22,3354
M03,630,163522.1431,163737.7467,161723.9502,162480.9508,162480.9508,4141
M03,631,162474.3612,162475.6104,159516.2141,159638.8232,159638.8232,2996
M03,632,159624.9041,162433.9059,159172.4938,162185.6375,162185.6375,3375
M03,633,163161.0962,164227.2463,161689.5178,162174.9082,162174.9082,4285
M03,634,164144.8141,165332.6291,163315.5892,164485.0202,164485.0202,3574
M03,635,163564.6193,164248.207,162859.1288,163950.3537,163950.3537,3218
M03,636,163284.0376,164406.0234,162877.0606,163342.4589,163342.4589,3342
M03,637,164151.7001,164942.825,163902.3742,164304.3035,164304.3035,4030
M03,638,164038.9278,164438.064,163202.832,164246.5388,164246.5388,5572
M03,639,165829.506,166089.1426,164787.7425,165199.2801,165199.2801,3258
M03,640,167087.0739,167554.9902,163704.6368,164671.5982,164671.5982,4152
M03,641,163541.4718,163787.7099,162132.4549,163492.9661,163492.9661,4758
M03,642,164001.2047,166096.3167,163903.5073,165911.5361,165911.5361,2659
M03,643,165055.0763,165313.4384,164299.6848,164573.0468,164573.0468,2787
M03,644,164776.5182,165286.7689,164225.093,164503.1762,164503.1762,3237
M03,645,165483.8778,165947.9942,165223.39,165323.818,165323.818,3286
M03,646,166253.9401,167667.794,166162.5548,167254.5478,167254.5478,5910
M03,647,167240.9414,167500.4207,166086.7871,166791.8763,166791.8763,3411
M03,648,166431.2711,167206.6547,165725.4919,167045.7865,167045.7865,3521
M03,649,168456.1859,168599.5868,167399.025,167684.2358,167684.2358,2792
M03,650,169235.7838,170593.9019,169108.8533,170110.0034,170110.0034,4960
M03,651,171019.9046,171543.0784,164621.8691,165618.2743,165618.2743,5984
M03,652,166505.4742,168536.9334,165595.0921,167136.1997,167136.1997,4769
M03,653,167179.2852,168250.4634,166506.9088,168010.5712,168010.5712,3390
M03,654,168095.0737,168397.903,167140.6828,167344.5976,167344.5976,1843
M03,655,164653.3715,166391.8884,164330.1634,164791.6231,164791.6231,2975
M03,656,164697.0561,165708.6061,163733.2471,165266.8386,165266.8386,2741
M03,657,165474.6521,166542.3831,164517.7691,164904.1926,164904.1926,2663
M03,658,163112.1086,164246.1362,162883.2669,163993.8803,163993.8803,2947
M03,659,165407.3044,166959.1804,164763.9648,166796.2947,166796.2947,3760
M03,660,166389.1534,166874.4161,165732.5427,166343.6825,166343.6825,2515
M03,661,168004.1325,168677.6728,165852.8244,166641.6334,166641.6334,3414
M03,662,166464.328,167309.7203,165818.2664,167061.9859,167061.9859,2473
M03,663,167535.1813,168384.3865,167008.7563,168141.988,168141.988,2432
M03,664,167958.2605,168448.4226,167124.061,167353.8051,167353.8051,2425
M03,665,167597.1577,167597.1577,165182.8808,166081.0971,166081.0971,3165
M03,666,166746.4163,167511.4389,162990.8645,163401.6198,163401.6198,3190
M03,667,164473.482,164513.3416,161590.6414,162464.3905,162464.3905,3121
M03,668,163895.0183,163960.0558,160404.9558,161932.49,161932.49,3051
M03,669,159929.5741,160024.2996,156557.011,156804.1885,156804.1885,2969
M03,670,157664.517,159707.2795,156550.5175,159355.6032,159355.6032,3014
M03,671,161797.8592,162996.1269,160888.5162,162763.6814,162763.6814,3057
M03,672,164413.0122,164667.4557,162925.0433,163536.0105,163536.0105,2229
M03,673,163435.2814,164154.1653,162401.5725,163431.156,163431.156,3974
M03,674,164081.333,165485.4425,164081.333,165306.7104,165306.7104,2703
M03,675,167369.5109,168688.7731,166781.3895,167442.1954,167442.1954,3161
M03,676,167340.9115,168563.6343,166723.0526,168354.3689,168354.3689,2425
M03,677,170212.1949,171650.2612,169428.968,171267.6481,171267.6481,3155
M03,678,173151.5507,174290.9489,172539.5996,173058.3154,173058.3154,3101
M03,679,173040.028,174584.7978,172353.0044,174258.4255,174258.4255,3483
M03,680,173731.7873,174536.249,172325.6543,173206.3354,173206.3354,3672
M03,681,174636.7986,175472.6333,174075.0603,174778.6532,174778.6532,2136
M03,682,173792.1404,174891.8758,172321.9939,174526.0438,174526.0438,3092
M03,683,176213.273,176213.273,170286.6364,170548.249,170548.249,6622
M03,684,172197.7839,173013.1479,171175.0842,172397.7258,172397.7258,2267
M03,685,173522.7601,174387.4357,173060.7412,174009.2231,174009.2231,2375
M03,686,173731.7875,175071.613,173238.7949,174265.1086,174265.1086,2560
M03,687,174714.3319,175609.517,172071.5326,174457.9118,174457.9118,3533
M03,688,174826.7649,175647.4352,173868.0834,174944.0011,174944.0011,2923
M03,689,175802.8713,176159.9749,175209.3904,175617.7352,175617.7352,2370
M03,690,175146.7557,175468.3413,172124.3355,172974.054,172974.054,2199
M03,691,172573.1311,174103.6728,171625.728,173959.8586,173959.8586,2805
M03,692,174624.3373,174624.3373,170803.4967,171438.4471,171438.4471,5665
M03,693,170831.5119,172878.0774,170775.6793,171750.4545,171750.4545,4121
M03,694,170991.2687,171887.1917,168678.925,170278.8019,170278.8019,2606
M03,695,171887.2983,172265.0862,169536.3393,171358.0181,171358.0181,3261
M03,696,171584.8874,173146.5873,171422.0117,172744.9791,172744.9791,4707
M03,697,173894.6173,176153.3796,173482.3346,175818.457,175818.457,4131
M03,698,177797.3542,178916.5377,177442.9488,178783.5534,178783.5534,9347
M03,699,179403.9601,181638.645,179163.7981,181370.7818,181370.7818,3945
M03,700,182783.0197,184388.6932,182738.3633,184181.5912,184181.5912,5390
M03,701,184210.6555,185742.3038,182927.8471,185575.9583,185575.9583,5869
M03,702,187018.1282,188156.362,184978.3073,187662.184,187662.184,7126
M03,703,185730.5604,186811.9907,185025.5108,186010.7134,186010.7134,3114
M03,704,186228.8352,187189.3704,185172.7203,186848.5158,186848.5158,5364
M03,705,189602.7705,189883.5836,187897.3339,188987.2963,188987.2963,4419
M03,706,188620.9032,189636.9935,187794.0115,189485.0047,189485.0047,3569
M03,707,188325.7639,189731.7509,186677.9807,187029.0963,187029.0963,5385
M03,708,186979.8228,188180.7402,185789.5442,187621.6259,187621.6259,3701
M03,709,190137.1988,190597.7582,188342.1171,189762.5424,189762.5424,3642
M03,710,191964.7061,193092.2087,191557.4509,192751.888,192751.888,3763
M03,711,191988.9585,192313.4781,187734.0212,188034.9107,188034.9107,3652
M03,712,187809.6346,189493.4418,186164.2713,189057.5604,189057.5604,3071
M03,713,190459.9664,190813.3859,189043.6195,189706.6671,189706.6671,3004
M03,714,191790.1271,193063.2123,190418.7828,192738.0032,192738.0032,3211
M03,715,192240.9338,192241.4542,189836.0664,191761.807,191761.807,3301
M03,716,193806.0609,194026.1533,192292.8116,192643.4016,192643.4016,6695
M03,717,191654.2358,193724.0125,191654.2358,193429.1012,193429.1012,6001
M03,718,193727.0324,195269.1194,193402.9229,195131.8645,195131.8645,3811
M03,719,196161.4408,196908.009,195155.7312,196332.3857,196332.3857,3621
M03,720,197726.7638,198903.2847,197300.0933,198642.176,198642.176,4279
M03,721,198517.5609,198709.8097,197164.3844,198346.9071,198346.9071,2502
M03,722,197228.8781,198296.4099,195712.6261,197394.5535,197394.5535,5373
M03,723,198570.1913,198950.4765,197140.8371,198436.1731,198436.1731,4035
M03,724,197168.5206,197436.4964,195269.9105,197065.357,197065.357,3668
M03,725,200374.9138,200941.3625,199638.7405,200775.6882,200775.6882,2877
M03,726,200120.3194,201054.0852,199492.5945,200616.7,200616.7,3228
M03,727,201755.7143,201755.7143,200057.9958,201475.437,201475.437,2693
M03,728,200040.9336,200567.3826,191477.4585,194166.4959,194166.4959,5515
M03,729,194544.0808,196896.6201,192760.49,196582.611,196582.611,5542
M03,730,197680.1017,199572.362,196936.9645,199275.7038,199275.7038,2167
M03,731,198945.3845,200264.3959,198075.1432,199924.5057,199924.5057,3120
M03,732,202078.6491,203163.4435,202055.7148,202936.4437,202936.4437,2072
M03,733,204072.7342,205138.6557,203622.5012,204702.3954,204702.3954,2616
M03,734,204109.3132,204189.6957,202269.8924,203926.4589,203926.4589,3304
M03,735,205166.698,205784.7761,204517.9912,205159.045,205159.045,2615
M03,736,204307.8963,205159.0629,204247.4709,204665.7557,204665.7557,17159
M03,737,206625.3213,207103.3331,204414.7095,206915.7824,206915.7824,2920
M03,738,204107.4842,206013.5843,203537.0682,205807.6948,205807.6948,2429
M03,739,207370.6609,207370.6609,204160.8461,205482.7776,205482.7776,4906
M03,740,206832.7241,206977.5642,204759.0914,204995.441,204995.441,3856
M03,741,207718.9657,209388.0482,207293.232,209080.1952,209080.1952,4789
M03,742,209761.6885,209980.9397,208501.3474,209834.1401,209834.1401,4770
M03,743,211091.5908,212553.2851,210453.9996,212330.1742,212330.1742,2600
M03,744,212136.5876,212269.8519,209194.8823,210978.7553,210978.7553,6044
M03,745,211957.1938,212946.5995,210883.2886,212606.0726,212606.0726,5218
M03,746,212478.3387,212478.3387,208794.5013,209816.6677,209816.6677,3146
M03,747,209464.1229,209724.609,206658.0309,207342.4261,207342.4261,3292
M03,748,210624.9309,213207.3347,210216.7366,212769.8479,212769.8479,2198
M03,749,212859.0243,214431.0329,212278.1325,214077.1873,214077.1873,2536
M03,750,213957.4047,214330.8582,210977.5516,211942.3577,211942.3577,4127
M03,751,211851.0325,212201.0054,208592.3332,208790.7969,208790.7969,4067
M03,752,211092.8026,211133.384,206898.0149,207209.4573,207209.4573,3231
M03,753,207149.9203,207158.349,202373.4066,202974.1877,202974.1877,4390
M03,754,198833.6644,200266.287,197491.7219,199002.5868,199002.5868,5625
M03,755,204207.9176,204208.7418,198769.3404,199308.9257,199308.9257,3170
M03,756,199671.1598,208864.7003,198881.7739,208163.1689,208163.1689,4373
M03,757,209639.9022,213736.1909,209639.9022,212215.8304,212215.8304,5960
M03,758,214239.2397,215498.853,211188.9446,214344.5504,214344.5504,4784
M03,759,215433.1004,217472.1866,214206.8867,217158.0285,217158.0285,7270
M03,760,218817.277,218996.8493,216818.6821,217531.93,217531.93,7162
M03,761,219913.982,221533.6992,219913.982,220782.9359,220782.9359,4372
M03,762,220139.5693,221643.0867,218898.2827,219476.159,219476.159,4601
M03,763,219674.5877,220346.0208,217494.4686,219475.6841,219475.6841,3496
M03,764,218606.8851,220429.5806,218570.4352,220169.2575,220169.2575,2511
M03,765,221408.9598,222223.171,219889.7893,221106.674,221106.674,3089
M03,766,222889.5762,224298.933,222798.1619,223947.5163,223947.5163,3115
M03,767,225045.2391,225546.5677,222741.4391,223774.5959,223774.5959,4195
M03,768,223136.584,223485.071,221374.5528,221878.735,221878.735,2874
M03,769,221661.4948,221661.4948,218598.2674,219187.6614,219187.6614,3575
M03,770,218073.0434,218902.8457,215461.1245,216590.8307,216590.8307,3257
M03,771,217967.7906,218291.1192,212431.3504,212974.8696,212974.8696,3317
M03,772,215592.41,217026.0618,214147.7921,214542.6195,214542.6195,3325
M03,773,212604.9994,217378.1098,212113.0041,216953.1023,216953.1023,9313
M03,774,219004.5718,219768.0303,218081.4351,218284.7834,218284.7834,6839
M03,775,215163.0657,215777.8475,209313.8501,210210.8118,210210.8118,4839
M03,776,213063.2255,214393.9616,211747.3122,213500.6309,213500.6309,4392
M03,777,215065.9912,215843.6579,213136.1916,215232.0287,215232.0287,3883
M03,778,217539.7681,220976.9649,216573.4909,220568.6146,220568.6146,3255
M03,779,216660.9063,218555.8532,215500.1766,216805.6145,216805.6145,4398
M03,780,217192.5957,218778.3394,215658.4947,216710.8988,216710.8988,3793
M03,781,216857.1494,218277.4189,215419.7218,215945.4831,215945.4831,3134
M03,782,216491.3335,218189.4035,215133.5879,217820.3144,217820.3144,2675
M03,783,220664.7338,220775.2707,219137.6067,220127.4256,220127.4256,1905
M03,784,220262.8536,220948.697,215476.7222,216558.1831,216558.1831,2804
M03,785,216869.6454,217131.5306,212707.6795,215253.4186,215253.4186,4104
M03,786,216515.2548,217582.9278,215150.578,215469.3909,215469.3909,20
M03,787,217102.5071,217641.0084,214014.5738,214371.7307,214371.7307,22
M03,788,215175.0938,215754.6347,210032.2515,211122.5141,211122.5141,2624
M03,789,208303.3375,213086.2999,207049.3644,212466.9456,212466.9456,3546
M03,790,213994.5998,213994.5998,211430.0764,213533.477,213533.477,2419
M03,791,213017.7384,214676.7273,212102.5251,213766.1352,213766.1352,2890
M03,792,212691.5514,212982.5198,209845.7984,210101.9895,210101.9895,1964
M03,793,209102.8673,209298.2293,204999.0533,205865.0509,205865.0509,3165
M03,794,209744.0542,210880.8534,208590.4235,209912.169,209912.169,2124
M03,795,211605.6629,215623.8869,211605.6629,215058.2327,215058.2327,2107
M03,796,214398.431,214403.5682,211799.8117,212085.3177,212085.3177,2426
M03,797,213463.572,214422.1925,211794.1666,214154.0075,214154.0075,1670
M03,798,212926.6394,212959.6791,206796.4501,209259.0646,209259.0646,2851
M03,799,209995.5888,210595.0345,207851.6043,208977.3277,208977.3277,1941
M03,800,210535.8225,213197.75,209753.1392,212179.3288,212179.3288,2135
M03,801,212027.4248,213016.9648,210736.8107,211436.417,211436.417,5005
M03,802,213892.2343,214595.354,212678.0296,213238.3452,213238.3452,1968
M03,803,209968.0332,209968.0332,204550.3197,205364.9343,205364.9343,4045
M03,804,205373.7436,208094.9913,204448.496,207738.2152,207738.2152,2072
M03,805,208506.6282,210118.7211,206348.105,209756.9525,209756.9525,2976
M03,806,209250.9268,209908.6344,208219.3333,208807.4719,208807.4719,2529
M03,807,206656.0719,207000.8397,204164.0949,206693.2007,206693.2007,2224
M03,808,207614.2086,207636.9123,203183.1885,204328.0608,204328.0608,2433
M03,809,201766.9982,204491.6008,200504.573,204226.1772,204226.1772,3298
M03,810,204898.8744,206617.996,204067.2815,204961.5491,204961.5491,2447
M03,811,206003.3675,208014.8282,205810.4626,206811.7852,206811.7852,3131
M03,812,208030.8651,210544.8262,207925.4112,210265.0646,210265.0646,2111
M03,813,209716.5337,212857.3247,209716.5337,212568.2208,212568.2208,3173
M03,814,215179.1626,216390.1133,212782.7828,213770.5845,213770.5845,2929
M03,815,211009.6554,211901.0921,208176.2415,208536.5299,208536.5299,4423
M03,816,206040.3405,208201.5511,204643.0136,207584.9516,207584.9516,3366
M03,817,209558.8484,210051.4425,206419.9446,206866.0675,206866.0675,2790
M03,818,207282.8701,208023.7486,205939.3661,207745.6254,207745.6254,2463
M03,819,209790.9787,210364.0986,208659.2583,210099.9299,210099.9299,1920
M03,820,212476.2121,212997.434,212115.6176,212503.5115,212503.5115,2682
M03,821,209499.7381,210516.0136,209165.5495,209906.8954,209906.8954,3155
M03,822,209569.4259,209569.4259,206924.5705,207521.6042,207521.6042,3606
M03,823,209403.0851,209403.0851,207580.9386,208690.5898,208690.5898,4111
M03,824,210585.8636,213327.1059,210295.4135,213122.105,213122.105,4523
M03,825,215499.0664,216906.9534,215380.5945,216389.9546,216389.9546,3060
M03,826,213167.864,213977.3302,212072.3784,212375.5707,212375.5707,2742
M03,827,213342.2142,213887.1973,211315.4254,211606.0697,211606.0697,1650
M03,828,214950.337,218216.1333,214944.8948,217997.7037,217997.7037,3800
M03,829,217807.9469,218367.4534,216685.6463,217484.2753,217484.2753,3766
M03,830,218954.5131,219122.3387,217028.298,217729.9843,217729.9843,2148
M03,831,218363.042,219105.3592,217165.5579,218869.0196,218869.0196,1848
M03,832,219555.3013,220217.0214,218536.9813,219496.9779,219496.9779,2510
M03,833,221476.4371,222114.6027,220948.0701,221655.7923,221655.7923,3100
M03,834,220440.8056,222740.4444,219172.033,222415.9369,222415.9369,3100
M03,835,221700.5671,222386.6782,220599.3229,221135.8239,221135.8239,2709
M03,836,221353.4577,222058.466,220076.5429,221782.822,221782.822,2881
M03,837,222315.9594,222962.8074,221550.8484,222788.7784,222788.7784,2974
M03,838,223506.3626,223598.1254,221735.8954,222364.7969,222364.7969,3469
M03,839,223621.2873,224251.985,222865.1257,224037.1478,224037.1478,4465
M03,840,223527.698,223543.5194,222275.6066,222874.7559,222874.7559,2560
M03,841,223126.461,223320.251,220212.5255,221168.7513,221168.7513,3033
M03,842,223941.5649,224811.0371,223142.8543,224613.9849,224613.9849,1899
M03,843,225711.0762,226417.9228,225331.5354,225700.6258,225700.6258,1661
M03,844,226329.3957,226754.4484,223931.9751,226584.6092,226584.6092,2029
M03,845,226438.0892,226943.248,226092.374,226529.1878,226529.1878,3246
M03,846,226180.3276,226326.4416,224652.0648,224979.4947,224979.4947,2633
M03,847,223255.6834,224975.984,222905.5731,224116.9631,224116.9631,1866
M03,848,225496.2092,225574.8799,221348.3297,224536.9633,224536.9633,2475
M03,849,221362.6636,224526.6008,220733.9991,224293.1597,224293.1597,2542
M03,850,226781.7197,227519.592,225218.7204,225511.0049,225511.0049,1785
M03,851,226216.2601,226216.2601,223444.8793,223624.2583,223624.2583,2934
M03,852,225027.8215,226382.3676,224472.8232,225818.1129,225818.1129,1723
M03,853,225481.0893,225890.0736,224360.9925,225685.2566,225685.2566,2059
M03,854,227306.1117,227306.1117,225366.9361,225632.5915,225632.5915,1259
M03,855,227255.0857,227344.0157,225886.3141,226195.7614,226195.7614,1796
M03,856,225719.111,226682.9825,224851.1962,224997.2582,224997.2582,2133
M03,857,226242.8114,226242.8114,224706.3095,224867.8725,224867.8725,1284
M03,858,225921.3832,226323.5843,224814.6192,226137.3368,226137.3368,1298
M03,859,226715.5702,227732.383,226377.5852,227563.8108,227563.8108,1669
M03,860,227117.1059,228210.3618,226813.544,227058.3802,227058.3802,1605
M03,861,227323.3842,228121.079,226601.9369,227903.5121,227903.5121,1686
M03,862,227772.364,227932.6368,225038.8241,225640.178,225640.178,1215
M03,863,226207.8331,226412.4316,225000.6046,225682.0497,225682.0497,1230
M03,864,224974.3563,225257.2441,223156.2138,223856.0452,223856.0452,5757
M03,865,225319.0629,225797.8322,224681.0491,225639.072,225639.072,1724
M03,866,226890.1849,227651.3494,226076.0123,227331.102,227331.102,2000
M03,867,227644.0554,228921.4608,227556.1205,228460.4492,228460.4492,1511
M03,868,229519.2162,229719.2753,228453.1496,229069.4412,229069.4412,1372
M03,869,226491.6092,227413.7449,225625.8129,226260.886,226260.886,5013
M03,870,226522.8847,226661.7908,224711.1157,225510.3611,225510.3611,1656
M03,871,225444.8461,227045.4692,225344.6604,226916.4121,226916.4121,1857
M03,872,227651.2355,228282.2898,226301.2547,227685.3166,227685.3166,2688
M03,873,228294.4015,228803.511,227425.6383,227721.386,227721.386,4422
M03,874,226855.6862,226979.7412,224447.658,225070.8425,225070.8425,1392
M03,875,227370.0622,227370.0622,223610.4919,226377.3337,226377.3337,1724
M03,876,227524.5342,227885.7184,226953.9663,227349.8286,227349.8286,1911
M03,877,226114.8991,226619.7526,225007.9355,225234.6386,225234.6386,1936
M03,878,229194.742,229565.1199,228773.6096,229408.5407,229408.5407,1679
M03,879,229817.2501,233113.6311,229654.5221,232834.0872,232834.0872,1549
M03,880,231651.3461,233342.2788,231493.216,232930.3942,232930.3942,3171
M03,881,235338.3003,235944.5672,233847.402,234976.9454,234976.9454,3084
M03,882,235499.4231,236110.5401,234281.3759,234572.6187,234572.6187,1423
M03,883,235467.5026,236329.1743,234335.5701,235541.7143,235541.7143,2368
M03,884,234158.2552,235527.0186,233502.4083,234559.6234,234559.6234,1941
M03,885,233686.5058,233806.4426,231280.7152,232812.4067,232812.4067,1394
M03,886,236124.6408,237131.0124,235672.7543,237000.8481,237000.8481,2150
M03,887,237343.1563,239832.0799,237315.2305,239613.8063,239613.8063,2897
M03,888,240076.5435,240946.3782,239216.6312,240521.5607,240521.5607,1393
M03,889,239341.5117,240587.3666,238569.8371,240317.6851,240317.6851,1462
M03,890,243525.922,243722.4933,241100.7174,241598.414,241598.414,3315
M03,891,238687.555,240349.3557,238059.4608,239424.0164,239424.0164,1471
M03,892,239644.2711,240011.432,237684.1582,239041.6701,239041.6701,1408
M03,893,239851.8933,241473.0115,239376.6061,241196.1297,241196.1297,1520
M03,894,241901.2046,242466.7071,241180.2621,241371.1786,241371.1786,1174
M03,895,241916.966,242452.6658,241336.5051,241747.1199,241747.1199,1840
M03,896,241075.4931,242479.3229,240268.245,242205.2392,242205.2392,1330
M03,897,242984.218,245697.5831,242900.5738,245402.0649,245402.0649,1439
M03,898,246457.9297,249182.6601,245869.637,248867.5516,248867.5516,2434
M03,899,247582.8457,248247.9683,245441.3472,245759.8613,245759.8613,1542
M03,900,248042.6579,250067.3153,247455.8105,249895.26,249895.26,1164
M03,901,248356.1942,249261.4105,247416.5449,248983.6868,248983.6868,1322
M03,902,253397.1269,253849.292,252480.3413,252899.4961,252899.4961,1241
M03,903,253678.1183,254261.6471,251882.0045,253073.6069,253073.6069,1596
M03,904,252777.1059,252874.0692,250931.3173,252342.6155,252342.6155,1090
M03,905,249243.7274,249936.1471,248866.7224,249809.6699,249809.6699,1060
M03,906,251860.7197,252087.8066,250488.2864,251496.094,251496.094,1118
M03,907,252094.4744,252094.4744,250937.8056,251079.1962,251079.1962,1404
M03,908,252650.3202,254481.5238,252298.3706,254248.3339,254248.3339,1921
M03,909,254989.5907,256389.4536,254207.7502,256116.0683,256116.0683,5852
M03,910,254069.4941,255469.3779,251767.6434,252384.1509,252384.1509,2845
M03,911,251573.2861,254009.7313,250522.1088,250956.4736,250956.4736,3632
M03,912,254069.2338,256038.5744,252346.6109,255695.184,255695.184,2021
M03,913,254775.6288,254828.5636,253536.4631,253747.2435,253747.2435,4532
M03,914,255849.252,258431.4015,255353.4373,258121.5341,258121.5341,9488
M03,915,258429.7832,259178.2754,257518.1683,257955.9871,257955.9871,2316
M03,916,261678.4963,262149.45,259870.7385,260698.1959,260698.1959,1249
M03,917,261070.6834,261081.7296,255699.2529,258393.1556,258393.1556,4439
M03,918,255737.0539,257385.0847,254938.6207,256240.4948,256240.4948,3354
M03,919,257231.6378,257264.7606,254940.9895,255403.5265,255403.5265,1800
M03,920,253945.4483,253946.779,252485.207,253409.908,253409.908,2244
M03,921,255396.2123,257148.6593,254571.8926,256071.2477,256071.2477,2075
M03,922,256246.449,258228.0366,255412.3042,258081.1998,258081.1998,2768
M03,923,257475.9189,257568.5724,253772.6649,254244.6071,254244.6071,1532
M03,924,257824.171,259043.8453,257669.6049,258018.8143,258018.8143,1210
M03,925,259977.1147,261069.3503,259415.7961,260404.9206,260404.9206,1255
M03,926,259354.3955,260978.9259,258110.4466,259510.1883,259510.1883,8737
M03,927,258333.024,259563.4228,257643.1147,259359.3675,259359.3675,1358
M03,928,262339.5294,263277.4044,261614.1302,262846.4688,262846.4688,1912
M03,929,262779.5916,263917.062,262303.0551,263713.593,263713.593,2748
M03,930,267378.7953,268009.2086,266545.4306,267155.0452,267155.0452,2538
M03,931,268780.7781,269165.4176,266349.7163,266876.2456,266876.2456,1900
M03,932,266184.7096,266530.53,263209.3828,263858.3554,263858.3554,9885
M03,933,265911.2875,266184.5417,261279.3132,263170.6966,263170.6966,1448
M03,934,263287.2191,264907.1512,261159.2082,262325.7662,262325.7662,1979
M03,935,265192.9763,265219.9207,261093.7596,263328.3846,263328.3846,2252
M03,936,263060.7448,265216.2461,262169.7171,264580.3537,264580.3537,1514
M03,937,266158.7574,266492.6578,263950.2409,264616.4525,264616.4525,1868
M03,938,263102.9786,263102.9786,257488.562,258380.7245,258380.7245,1732
M03,939,258162.0158,259350.1509,254849.851,255788.1716,255788.1716,1813
M03,940,256511.6994,259278.9847,255554.3279,258927.0089,258927.0089,1537
M03,941,261355.2101,261617.3041,259281.7984,259919.6294,259919.6294,1200
M03,942,260032.3514,260405.9915,256914.4648,257861.1199,257861.1199,1690
M03,943,262278.3513,263248.6558,259643.7855,262972.6306,262972.6306,1431
M03,944,262185.3954,262448.1877,260472.0415,261422.8891,261422.8891,1377
M03,945,260330.9344,261242.9772,258915.5705,260579.4495,260579.4495,1603
M03,946,259516.5792,259523.2543,256781.4338,257915.3274,257915.3274,1354
M03,947,259406.7336,261571.0944,258329.9857,261295.4154,261295.4154,1449
M03,948,263022.3681,263883.4105,261984.5913,262509.2386,262509.2386,1525
M03,949,261711.847,261916.0726,259317.5774,259846.6085,259846.6085,1257
M03,950,258160.6269,259218.8366,257151.8339,257424.4883,257424.4883,4042
M03,951,259096.7769,259998.7719,256537.9431,257659.1713,257659.1713,1666
M03,952,257009.2842,257301.503,249698.2506,251652.249,251652.249,2236
M03,953,249966.1777,253634.8001,248821.1477,252899.2603,252899.2603,2440
M03,954,253795.4351,254350.9998,250793.8557,251645.9474,251645.9474,1858
M03,955,253048.2119,255379.2917,252094.0541,254917.591,254917.591,1338
M03,956,252817.2852,252817.2852,247345.17,247836.6924,247836.6924,1835
M03,957,246181.3859,248764.9014,243396.5466,247185.2217,247185.2217,1702
M03,958,248623.3835,252581.1201,246867.1233,247723.8786,247723.8786,1549
M03,959,249322.167,251410.9297,249239.284,250708.326,250708.326,2395
M03,960,251570.8366,254759.7972,251130.7935,254530.6088,254530.6088,1668
M03,961,252967.7381,253838.295,249014.7849,249256.2397,249256.2397,1964
M03,962,249840.1568,249855.0717,245125.1561,245382.5268,245382.5268,1498
M03,963,248924.1571,252321.4437,248341.5171,251136.2998,251136.2998,2357
M03,964,252241.9291,254601.724,252084.5383,254371.991,254371.991,2815
M03,965,255103.3687,255357.2552,252976.2201,254998.0809,254998.0809,1784
M03,966,253897.7575,254603.69,252678.1614,254286.8914,254286.8914,1215
M03,967,254746.8743,255176.3925,251036.1744,251211.2581,251211.2581,1176
M03,968,250448.6569,251581.6771,249344.838,250695.9496,250695.9496,1346
M03,969,250163.5442,250577.8149,248225.013,248726.1056,248726.1056,1787
M03,970,252387.6364,252793.9701,249959.5871,250904.3871,250904.3871,1020
M03,971,250161.1504,250336.4236,245545.0331,245806.9914,245806.9914,1734
M03,972,243703.2155,243793.2793,237732.8786,240705.2879,240705.2879,2703
M03,973,242247.867,244745.6978,241074.476,242243.5321,242243.5321,1544
M03,974,244249.0708,245930.1026,243694.8122,245677.8543,245677.8543,1332
M03,975,248351.9648,249390.3419,247897.0574,248630.169,248630.169,1377
M03,976,249108.0775,249352.9229,245846.6728,247191.9617,247191.9617,1303
M03,977,247514.5976,249964.5364,245753.2589,249565.6613,249565.6613,1183
M03,978,251144.976,252020.2448,250706.093,251781.0641,251781.0641,1114
M03,979,251298.1386,252186.9655,250396.425,250925.611,250925.611,1115
M03,980,250675.7907,251780.9736,249910.1175,250844.7233,250844.7233,1668
M03,981,249610.4811,252024.7835,249596.4917,251353.9154,251353.9154,1455
M04,0,348.0711,352.1604,348.0711,351.118,351.118,225
M04,1,349.7418,349.7683,347.6486,348.7349,348.7349,146
M04,2,352.1573,352.8513,352.1573,352.1573,352.1573,7
M04,3,353.7473,353.7473,353.7473,353.7473,353.7473,3
M04,4,351.6826,351.6826,350.2704,351.3362,351.3362,143
M04,5,350.3622,350.924,350.3622,350.924,350.924,51
M04,6,354.6211,354.7285,353.2781,353.8422,353.8422,216
M04,7,352.3509,353.2873,352.1369,353.2873,353.2873,25
M04,8,353.9341,356.7062,353.9341,355.4268,355.4268,43
M04,9,356.2609,357.4118,356.2341,357.4118,357.4118,39
M04,10,358.5945,359.562,356.5522,359.562,359.562,77
M04,11,356.5393,356.5393,355.7612,355.7612,355.7612,676
M04,12,355.6409,356.4163,355.6409,356.1222,356.1222,153
M04,13,355.8375,356.5072,355.8375,356.5072,356.5072,503
M04,14,354.3041,354.3306,354.2776,354.2776,354.2776,159
M04,15,363.3181,363.6664,363.3181,363.3181,363.3181,65
M04,16,362.3666,363.9964,359.8017,363.9964,363.9964,13
M04,17,361.879,361.9861,361.6916,361.879,361.879,834099
M04,18,357.3653,359.7946,355.7903,356.4844,356.4844,169890
M04,19,357.475,359.9873,355.9515,357.8759,357.8759,15585
M04,20,359.927,361.7483,358.0521,360.0609,360.0609,5388
M04,21,357.7304,358.6854,352.2125,353.8042,353.8042,8786
M04,22,353.1116,355.5256,352.5545,353.6156,353.6156,2202
M04,23,356.0558,357.5192,351.0803,352.8364,352.8364,1685
M04,24,353.5364,355.0568,349.562,349.8554,349.8554,1466
M04,25,353.71,354.7842,350.9976,353.6563,353.6563,1537
M04,26,352.0023,352.2954,349.6039,349.9237,349.9237,1492
M04,27,352.9168,353.37,351.3705,353.0234,353.0234,441
M04,28,355.3448,356.7131,355.0497,356.3107,356.3107,212
M04,29,355.0998,361.1478,352.7552,361.1478,361.1478,1197
M04,30,361.4888,362.5315,360.8738,361.5155,361.5155,311
M04,31,360.408,362.3778,357.9858,360.1951,360.1951,315
M04,32,359.8173,360.2976,354.507,354.5871,354.5871,853
M04,33,351.9102,353.1568,351.2736,352.7589,352.7589,366
M04,34,352.67,355.1776,352.67,354.9642,354.9642,215
M04,35,356.3728,357.473,356.2923,356.4264,356.4264,1305
M04,36,357.3251,358.7972,356.1741,356.1741,356.1741,2292
M04,37,354.3075,354.5469,349.2524,349.9974,349.9974,1933
M04,38,351.7814,353.2791,351.7814,351.8082,351.8082,183
M04,39,350.2988,352.3571,347.9998,348.2939,348.2939,128
M04,40,350.2484,352.6201,350.2484,352.0605,352.0605,520
M04,41,354.9778,355.6215,353.5295,353.5295,353.5295,58
M04,42,355.3899,358.6168,355.3361,358.6168,358.6168,59
M04,43,359.2573,359.2573,356.0087,356.0087,356.0087,89
M04,44,353.457,353.9906,351.9896,352.1497,352.1497,187
M04,45,350.4254,351.9156,349.4141,351.9156,351.9156,294
M04,46,351.3943,351.3943,351.3943,351.3943,351.3943,1
M04,47,353.8534,353.8534,353.6933,353.8534,353.8534,43
M04,48,353.4126,354.0007,353.4126,354.0007,354.0007,59
M04,49,352.3516,352.3516,352.3516,352.3516,352.3516,1
M04,50,348.5851,348.9044,348.5851,348.9044,348.9044,116
M04,51,350.2684,352.2746,349.7066,352.2479,352.2479,19
M04,52,348.819,348.819,348.819,348.819,348.819,13
M04,53,351.5073,355.8998,351.5073,353.7303,353.7303,105
M04,54,354.3737,354.3737,354.3737,354.3737,354.3737,1
M04,55,357.9365,359.562,357.9365,359.562,359.562,26
M04,56,361.8881,363.4715,360.9757,363.4715,363.4715,30
M04,57,357.9345,358.0146,357.9345,358.0146,358.0146,841671
M04,58,359.7966,360.1711,353.751,354.2324,354.2324,171343
M04,59,355.3991,356.2312,354.7817,355.077,355.077,17686
M04,60,353.2346,357.8131,352.6224,357.2541,357.2541,2099
M04,61,355.57,355.8618,352.4133,353.554,353.554,2229
M04,62,354.5322,358.6584,354.4789,355.597,355.597,2289
M04,63,353.1982,353.2511,350.3111,350.7614,350.7614,896
M04,64,353.5427,355.2751,351.5438,354.9819,354.9819,1260
M04,65,354.7341,355.9316,353.1374,355.6123,355.6123,896
M04,66,355.7802,357.5921,355.194,357.5921,357.5921,340
M04,67,358.3078,365.0724,358.3078,362.6928,362.6928,402
M04,68,361.4494,361.5297,357.0089,358.0254,358.0254,109
M04,69,354.7167,357.3986,354.7167,357.0799,357.0799,219
M04,70,359.5399,361.6312,359.5399,361.2826,361.2826,198
M04,71,359.7426,359.7692,357.3407,359.5291,359.5291,1222
M04,72,356.9406,359.7834,356.9406,358.9863,358.9863,158
M04,73,358.3193,360.0729,356.4594,357.841,357.841,1215
M04,74,357.3247,357.5643,355.4084,355.781,355.781,974
M04,75,353.4354,353.5414,350.3886,350.3886,350.3886,225
M04,76,353.1485,354.5595,353.0952,354.4797,354.4797,87
M04,77,351.6532,351.9188,350.5908,350.9095,350.9095,939
M04,78,350.7347,350.8947,350.7347,350.8947,350.8947,1831
M04,79,349.7646,351.4665,349.0998,351.0942,351.0942,1964
M04,80,348.7782,350.5359,348.7782,350.5359,350.5359,161
M04,81,348.7885,348.9479,346.1856,346.2919,346.2919,89
M04,82,348.9632,349.0432,347.2571,347.2571,347.2571,73
M04,83,348.1152,348.1152,348.1152,348.1152,348.1152,12
M04,84,349.1559,349.1559,349.1559,349.1559,349.1559,1
M04,85,348.9324,349.4382,348.8259,349.3583,349.3583,13
M04,86,349.815,350.3224,349.3878,350.3224,350.3224,1088
M04,87,349.6643,349.6643,349.6643,349.6643,349.6643,228
M04,88,351.1725,353.474,351.1725,353.474,353.474,24
M04,89,349.2698,349.2698,349.2698,349.2698,349.2698,9
M04,90,350.2573,350.2573,349.355,349.355,349.355,13
M04,91,347.7486,347.7752,343.5636,343.5636,343.5636,25
M04,92,341.6838,342.5043,340.228,341.4985,341.4985,87
M04,93,343.427,343.427,342.6025,342.6025,342.6025,7
M04,94,338.388,339.7045,338.388,339.7045,339.7045,6
M04,95,343.6395,344.8941,343.6395,344.3869,344.3869,155
M04,96,340.9532,340.9532,340.9532,340.9532,340.9532,164
M04,97,343.1658,343.1658,343.1658,343.1658,343.1658,32
M04,98,345.8944,345.8944,345.8944,345.8944,345.8944,1
M04,99,346.7641,346.7641,346.7641,346.7641,346.7641,3
M04,100,343.8795,343.8795,343.8795,343.8795,343.8795,1255651
M04,101,343.5011,345.0095,342.7601,344.4273,344.4273,170095
M04,102,344.5218,346.0578,343.3567,344.2835,344.2835,13074
M04,103,344.2987,344.5373,341.7269,343.2912,343.2912,2254
M04,104,345.5759,346.4306,344.5343,345.3622,345.3622,424
M04,105,346.5523,348.6175,345.9623,348.0007,348.0007,1157
M04,106,344.0513,345.1928,343.5204,344.3168,344.3168,1127
M04,107,343.8226,344.9878,343.2401,343.9021,343.9021,269
M04,108,346.3669,347.4632,346.2332,347.1156,347.1156,1969
M04,109,346.1864,346.9057,345.0939,346.0798,346.0798,218
M04,110,343.068,343.1473,341.7199,342.3543,342.3543,502
M04,111,344.2068,345.6432,343.3822,344.9782,344.9782,421
M04,112,344.3382,347.1254,344.3382,346.1433,346.1433,135
M04,113,344.6682,347.4581,338.504,338.6634,338.6634,1838
M04,114,340.9038,340.9038,339.706,339.706,339.706,111
M04,115,341.3514,342.179,339.0022,340.5238,340.5238,99
M04,116,339.7944,339.7944,338.9412,338.9412,338.9412,23
M04,117,335.4454,337.0925,334.7281,336.6408,336.6408,140
M04,118,337.8967,338.4563,337.6036,337.7102,337.7102,220
M04,119,338.9268,339.0868,337.5931,337.5931,337.5931,118
M04,120,336.131,336.131,333.3193,333.3193,333.3193,265
M04,121,333.1416,333.1416,332.2925,332.4252,332.4252,3562
M04,122,333.1524,333.1524,331.3159,332.1144,332.1144,1108
M04,123,332.0686,332.8654,331.7498,332.3342,332.3342,146
M04,124,331.8911,331.8911,329.2093,329.2093,329.2093,87
M04,125,328.2922,332.5347,328.0005,331.8718,331.8718,109
M04,126,332.1462,332.6224,331.6436,332.6224,332.6224,29
M04,127,332.6227,332.6227,332.3047,332.3047,332.3047,21
M04,128,334.5722,335.6624,334.4392,334.5456,334.5456,118
M04,129,334.4043,334.5907,332.5676,333.7655,333.7655,202
M04,130,333.8319,333.8319,331.0616,331.0616,331.0616,87
M04,131,330.6323,332.1777,330.6323,331.7247,331.7247,23
M04,132,331.7716,332.3847,330.4122,330.4122,330.4122,6
M04,133,331.6628,331.9565,330.4352,330.4352,330.4352,6
M04,134,324.0092,324.0092,324.0092,324.0092,324.0092,1
M04,135,328.7545,328.7545,327.5485,328.6473,328.6473,224
M04,136,326.7472,326.9602,322.6203,325.4692,325.4692,116
M04,137,327.4759,327.4759,327.4759,327.4759,327.4759,1
M04,138,326.5208,327.0552,326.5208,327.0552,327.0552,3
M04,139,323.9,323.9,323.9,323.9,323.9,1
M04,140,327.2744,327.2744,327.2744,327.2744,327.2744,1
M04,141,325.0147,325.0147,324.3529,324.3529,324.3529,3
M04,142,324.8016,324.8016,324.8016,324.8016,324.8016,782675
M04,143,327.0584,327.4329,325.8812,326.7374,326.7374,194933
M04,144,323.9735,326.0176,322.0091,324.8495,324.8495,8512
M04,145,325.611,325.824,323.3478,324.2797,324.2797,3230
M04,146,322.4163,323.6373,320.054,321.328,321.328,1296
M04,147,320.3151,323.5275,319.9434,322.3593,322.3593,2517
M04,148,321.7116,321.7116,319.6452,320.1751,320.1751,952
M04,149,319.8357,321.6894,319.8357,320.3123,320.3123,2102
M04,150,321.2429,322.091,319.6261,321.4019,321.4019,672
M04,151,322.7551,322.9678,321.9845,322.0642,322.0642,143
M04,152,323.8217,324.8633,321.9789,323.4478,323.4478,230
M04,153,320.4068,320.513,316.2392,316.2392,316.2392,250
M04,154,316.2207,317.3868,316.1412,316.1942,316.1942,303
M04,155,315.6123,315.692,312.1049,312.8754,312.8754,226
M04,156,311.9317,313.7928,308.7943,312.7293,312.7293,395
M04,157,310.8917,312.6119,310.8917,311.3681,311.3681,203
M04,158,315.8389,317.2251,315.7323,316.3721,316.3721,207
M04,159,314.2484,314.9879,314.2484,314.9879,314.9879,67
M04,160,315.7027,316.1255,315.7027,316.1255,316.1255,54
M04,161,315.5072,315.7725,314.3399,314.897,314.897,291
M04,162,314.4218,320.4434,314.4218,319.9924,319.9924,37
M04,163,322.7623,323.0557,321.4022,322.4156,322.4156,495
M04,164,319.4755,321.4034,317.5212,318.8681,318.8681,400
M04,165,319.4777,319.4777,318.7355,319.2921,319.2921,2478
M04,166,319.6271,319.6802,317.1346,317.5854,317.5854,1582
M04,167,320.5749,320.867,318.4503,318.769,318.769,575
M04,168,317.4074,317.4074,316.3705,317.1149,317.1149,76
M04,169,316.78,317.7098,316.78,317.4176,317.4176,69
M04,170,318.4741,318.4741,317.3878,317.3878,317.3878,23
M04,171,318.5923,318.5923,317.2097,317.3427,317.3427,87
M04,172,316.8419,316.8419,316.8419,316.8419,316.8419,39
M04,173,316.647,318.2164,316.647,317.977,317.977,69
M04,174,320.5164,320.5164,320.4366,320.4366,320.4366,125
M04,175,322.9169,322.9169,322.0046,322.5412,322.5412,71
M04,176,318.8127,318.8127,318.8127,318.8127,318.8127,3
M04,177,318.3886,318.3886,318.3886,318.3886,318.3886,1
M04,178,318.4568,318.4568,317.952,317.952,317.952,6
M04,179,319.5626,319.5626,319.5626,319.5626,319.5626,1
M04,180,321.8613,321.8613,321.8613,321.8613,321.8613,1
M04,181,318.568,318.568,318.568,318.568,318.568,1
M04,182,318.3056,318.3056,318.3056,318.3056,318.3056,1
M04,183,318.928,319.1137,318.3708,318.3708,318.3708,72
M04,184,318.3235,318.3235,318.3235,318.3235,318.3235,55442
M04,185,315.599,316.3123,311.8739,312.3495,312.3495,16153
M04,186,315.0285,317.7478,314.5753,317.6411,317.6411,1215
M04,187,316.3712,316.3712,314.8314,315.1765,315.1765,521
M04,188,316.6562,320.1068,315.9396,319.1513,319.1513,1384
M04,189,320.0309,320.0309,318.4342,318.8866,318.8866,266
M04,190,316.6693,318.0688,316.1148,316.1148,316.1148,1610
M04,191,317.1764,319.3491,317.1235,318.2627,318.2627,117
M04,192,317.37,317.37,312.7984,312.9834,312.9834,804
M04,193,313.5492,314.4749,313.5492,313.9724,313.9724,29
M04,194,317.8024,318.5239,317.8024,317.8024,317.8024,3481
M04,195,320.3591,327.4449,319.8778,327.1508,327.1508,399
M04,196,325.13,325.13,323.6395,324.1984,324.1984,408
M04,197,326.3406,328.9836,326.3406,327.4085,327.4085,413
M04,198,326.0643,326.9677,326.0643,326.1174,326.1174,1368
M04,199,328.2867,328.2867,327.6976,327.6976,327.6976,3
M04,200,325.6355,325.6355,325.6355,325.6355,325.6355,500
M04,201,327.1863,327.1863,327.1863,327.1863,327.1863,174
M04,202,324.2065,324.2065,322.9092,323.3328,323.3328,53
M04,203,326.0651,329.5259,326.0651,328.3546,328.3546,101
M04,204,326.9754,326.9754,325.9665,325.9665,325.9665,121
M04,205,329.9756,329.9756,327.4447,327.4447,327.4447,22
M04,206,326.3741,326.5063,325.8981,325.8981,325.8981,62
M04,207,326.3439,326.3439,326.3439,326.3439,326.3439,625
M04,208,326.5237,326.5237,324.4226,325.1673,325.1673,220
M04,209,324.096,324.2559,323.0299,323.1099,323.1099,402
M04,210,323.5774,329.0617,323.5774,329.0617,329.0617,44
M04,211,328.6306,328.6306,327.9911,327.9911,327.9911,58
M04,212,328.4115,328.6517,327.3707,328.198,328.198,48
M04,213,328.9257,329.7543,327.0816,327.0816,327.0816,13
M04,214,327.2507,327.2507,326.6114,326.6114,326.6114,3
M04,215,323.946,323.946,323.946,323.946,323.946,7
M04,216,324.0781,324.0781,323.6756,323.6756,323.6756,47
M04,217,319.5456,319.5456,319.4659,319.4659,319.4659,3
M04,218,317.0284,318.3534,317.0284,317.7969,317.7969,18
M04,219,322.3098,322.3098,322.3098,322.3098,322.3098,1
M04,220,322.2083,322.2083,322.2083,322.2083,322.2083,1
M04,221,324.7867,326.682,324.7867,325.8812,325.8812,17
M04,222,325.419,325.419,325.419,325.419,325.419,1
M04,223,327.3882,328.3234,325.7049,325.7049,325.7049,36
M04,224,325.315,325.315,325.315,325.315,325.315,1
M04,225,324.7349,324.7349,323.7274,323.7274,323.7274,3
M04,226,324.817,325.2962,324.817,324.817,324.817,7
M04,227,324.9885,325.0151,322.1426,322.1426,322.1426,17
M04,228,323.4768,326.1202,323.4768,326.1202,326.1202,814224
M04,229,324.3518,326.3972,324.2189,325.1752,325.1752,197562
M04,230,324.9835,325.2225,322.8596,323.9481,323.9481,6336
M04,231,323.6818,326.7531,323.364,326.7001,326.7001,2293
M04,232,326.5243,329.2829,326.3651,329.2033,329.2033,1523
M04,233,327.5565,329.3829,326.8418,327.7153,327.7153,1570
M04,234,329.4405,332.5,329.2542,331.7019,331.7019,708
M04,235,333.6587,333.6587,331.5493,332.0833,332.0833,427
M04,236,330.6805,331.4502,329.5391,329.6453,329.6453,401
M04,237,333.8974,333.9778,333.5756,333.6561,333.6561,257
M04,238,332.2322,332.2322,331.5643,332.0185,332.0185,654
M04,239,331.0897,331.0897,329.0633,329.8365,329.8365,111
M04,240,329.8624,332.0184,329.8624,332.0184,332.0184,34
M04,241,332.0983,332.3644,331.4065,332.3644,332.3644,95
M04,242,334.6307,334.6307,333.6447,333.6447,333.6447,737
M04,243,331.3563,336.7936,331.3563,336.7936,336.7936,161
M04,244,334.7927,335.0584,333.066,333.066,333.066,293
M04,245,335.9614,338.1473,335.9614,337.8807,337.8807,92
M04,246,339.0935,341.2574,339.0667,339.0667,339.0667,183
M04,247,337.852,338.0108,337.852,338.0108,338.0108,1407
M04,248,338.2764,340.0296,338.2764,339.9765,339.9765,2649
M04,249,339.7872,340.6646,339.6809,339.867,339.867,64
M04,250,342.8784,342.8784,340.6387,341.5453,341.5453,517
M04,251,342.1294,343.512,342.1028,343.4588,343.4588,31
M04,252,344.6719,344.6719,339.6385,341.6092,341.6092,119
M04,253,342.6602,342.6602,342.6069,342.6602,342.6602,6
M04,254,340.2723,340.9898,339.6611,340.9898,340.9898,157
M04,255,341.2417,343.8823,341.1884,343.8823,343.8823,341
M04,256,343.443,343.443,343.443,343.443,343.443,1
M04,257,344.4876,344.4876,343.1803,343.3937,343.3937,37
M04,258,343.6389,344.0378,342.7615,342.7615,342.7615,21
M04,259,344.2595,344.9533,343.2188,343.2188,343.2188,10
M04,260,342.894,342.894,342.894,342.894,342.894,6
M04,261,344.108,344.4011,343.2821,343.9482,343.9482,32
M04,262,343.0431,343.0431,343.0431,343.0431,343.0431,9
M04,263,341.0233,341.2361,341.0233,341.0233,341.0233,23
M04,264,342.3329,342.9205,341.5316,342.7068,342.7068,46
M04,265,340.3526,340.3526,340.193,340.3526,340.3526,3
M04,266,345.829,345.829,345.829,345.829,345.829,1
M04,267,347.4095,349.092,346.7685,347.8368,347.8368,174
M04,268,348.1666,348.1666,348.1666,348.1666,348.1666,658970
M04,269,349.3506,352.8164,348.7374,349.2173,349.2173,170335
M04,270,352.0486,353.4888,351.1685,351.9686,351.9686,5973
M04,271,350.6572,350.7634,349.3558,349.7542,349.7542,3029
M04,272,350.4583,350.4583,347.8527,349.448,349.448,2159
M04,273,346.7787,347.8366,346.7522,347.5986,347.5986,1124
M04,274,350.3518,350.6187,348.3498,349.551,349.551,1259
M04,275,347.0734,349.0713,346.8869,348.8049,348.8049,587
M04,276,347.8398,349.0351,347.3882,348.9554,348.9554,408
M04,277,349.3199,349.3199,347.006,347.6177,347.6177,390
M04,278,346.6164,347.1456,345.9814,346.4047,346.4047,352
M04,279,348.8443,350.0146,347.9134,348.6316,348.6316,461
M04,280,345.891,347.6933,344.9898,347.1632,347.1632,2617
M04,281,350.7859,352.1745,350.7859,351.9876,351.9876,584
M04,282,351.5094,356.6188,351.403,356.6188,356.6188,1243
M04,283,357.8527,358.3326,356.7329,358.146,358.146,1863
M04,284,355.1711,356.1315,352.3965,353.0902,353.0902,1331
M04,285,351.0994,352.9819,350.2509,352.4251,352.4251,1987
M04,286,353.4229,354.061,352.4657,352.5454,352.5454,555
M04,287,352.2094,352.7949,352.2094,352.6884,352.6884,3098
M04,288,354.2751,354.3285,351.2866,351.6068,351.6068,1875
M04,289,351.7119,352.4041,349.1562,349.5023,349.5023,420
M04,290,350.9474,350.9474,344.7158,346.7217,346.7217,340
M04,291,342.7046,343.1045,341.7449,342.518,342.518,87
M04,292,343.5305,343.5305,342.1959,342.1959,342.1959,391
M04,293,343.0108,343.0108,341.8116,342.4245,342.4245,45
M04,294,341.7522,342.7127,341.7522,342.4993,342.4993,36
M04,295,344.5659,345.9793,344.4326,345.8726,345.8726,34
M04,296,343.1148,343.1148,342.5301,342.5301,342.5301,29
M04,297,346.3968,346.8249,346.3968,346.8249,346.8249,3
M04,298,348.8758,348.8758,348.8758,348.8758,348.8758,1
M04,299,344.8457,344.8457,344.8457,344.8457,344.8457,3
M04,300,347.1876,348.2017,347.0808,347.4278,347.4278,82
M04,301,345.4318,346.7365,345.4318,346.2306,346.2306,27
M04,302,349.1288,349.1288,348.5678,348.6212,348.6212,63
M04,303,349.2961,349.2961,349.2424,349.2424,349.2424,7
M04,304,348.7445,348.7445,348.7445,348.7445,348.7445,1
M04,305,349.5837,349.5837,349.5837,349.5837,349.5837,1
M04,306,352.5522,353.1394,352.5522,352.8725,352.8725,67
M04,307,349.9272,349.9272,349.5815,349.5815,349.5815,3
M04,308,349.3204,349.3204,349.3204,349.3204,349.3204,695206
M04,309,349.8857,350.6077,344.3502,344.9118,344.9118,278960
M04,310,341.8035,344.1624,340.8758,342.7047,342.7047,4343
M04,311,343.8174,344.9086,342.1938,342.9124,342.9124,1831
M04,312,342.6118,343.8371,342.1324,343.5973,343.5973,1704
M04,313,343.7091,344.1616,342.6711,343.3099,343.3099,558
M04,314,342.6648,343.1959,339.7177,342.24,342.24,850
M04,315,345.9655,345.9655,343.7161,345.537,345.537,595
M04,316,346.7626,349.4192,346.6552,348.0775,348.0775,205
M04,317,346.8057,348.515,346.8057,348.1411,348.1411,98
M04,318,348.3778,349.7403,347.7099,349.7403,349.7403,219
M04,319,348.1044,348.131,343.2038,343.2038,343.2038,1183
M04,320,346.6377,346.6377,345.512,345.8872,345.8872,1842
M04,321,342.1976,342.8634,341.5317,342.7303,342.7303,1716
M04,322,342.6269,342.6269,339.1611,339.2678,339.2678,2046
M04,323,338.8668,338.8668,338.3612,338.5209,338.5209,1023
M04,324,339.0555,339.8025,338.8687,339.3489,339.3489,85
M04,325,340.9487,340.9487,340.9487,340.9487,340.9487,440
M04,326,337.1269,338.032,337.0204,337.8989,337.8989,690
M04,327,337.006,338.8925,336.8466,338.8925,338.8925,1553
M04,328,343.9243,343.978,342.6352,342.6352,342.6352,307
M04,329,343.3167,343.3167,343.3167,343.3167,343.3167,2477
M04,330,344.6789,344.7057,342.6131,343.0155,343.0155,1719
M04,331,341.6551,342.0817,341.4152,341.9484,341.9484,365
M04,332,342.954,344.1877,342.954,343.6782,343.6782,230
M04,333,340.547,340.9764,339.8494,340.6812,340.6812,207
M04,334,338.3566,340.7809,338.3566,340.7809,340.7809,48
M04,335,342.6472,342.6472,342.1395,342.5136,342.5136,35
M04,336,342.0945,342.896,342.0945,342.896,342.896,27
M04,337,341.3916,341.3916,341.3916,341.3916,341.3916,16
M04,338,345.3301,346.9773,345.3031,346.5722,346.5722,113
M04,339,343.3952,343.689,342.8342,343.4753,343.4753,20
M04,340,342.6155,346.1835,341.3107,346.1835,346.1835,186
M04,341,349.0042,349.0042,348.1706,348.1706,348.1706,18
M04,342,347.3574,347.3574,347.1163,347.1967,347.1967,180
M04,343,343.6278,343.6812,343.5743,343.5743,343.5743,9
M04,344,341.0283,341.0283,339.5629,339.5629,339.5629,3
M04,345,340.6766,340.6766,340.6766,340.6766,340.6766,67
M04,346,339.6958,339.6958,339.6958,339.6958,339.6958,1
M04,347,340.8134,340.8134,340.8134,340.8134,340.8134,1
M04,348,342.4885,342.4885,342.4885,342.4885,342.4885,1
M04,349,343.1745,343.1745,343.1745,343.1745,343.1745,29
M04,350,341.4409,341.4409,341.4409,341.4409,341.4409,1
M04,351,341.2461,341.2461,341.2461,341.2461,341.2461,651595
M04,352,339.0086,341.3669,337.5512,341.0489,341.0489,169580
M04,353,343.8608,348.8543,343.8074,348.6941,348.6941,8666
M04,354,349.1583,354.7149,349.1583,353.3525,353.3525,2661
M04,355,352.7019,353.8471,351.7697,352.4622,352.4622,963
M04,356,356.2002,360.06,355.5033,356.0394,356.0394,1919
M04,357,356.2045,358.319,354.9733,358.0246,358.0246,475
M04,358,355.9099,359.8078,355.0289,358.0724,358.0724,762
M04,359,356.9235,357.1106,353.7973,353.9576,353.9576,795
M04,360,355.7389,355.7389,353.2484,355.2033,355.2033,643
M04,361,354.4633,356.4935,354.4633,355.799,355.799,438
M04,362,354.9293,357.4615,354.9293,356.9551,356.9551,517
M04,363,359.0516,361.7203,357.4237,357.6372,357.6372,2744
M04,364,359.5433,359.8924,358.4693,359.4628,359.4628,269
M04,365,362.2447,362.2447,360.1775,361.5198,361.5198,94
M04,366,359.2561,359.4164,359.2561,359.4164,359.4164,406
M04,367,367.9467,370.9829,367.414,370.9829,370.9829,233
M04,368,374.5177,374.5177,370.3357,371.9073,371.9073,116
M04,369,374.4764,378.365,373.4377,376.6871,376.6871,386
M04,370,376.8508,380.8901,376.0004,376.0004,376.0004,317
M04,371,376.4625,378.0945,376.088,377.6397,377.6397,3545
M04,372,376.0899,377.1056,374.1653,376.4641,376.4641,1542
M04,373,378.2292,381.9086,378.2292,378.6052,378.6052,1074
M04,374,369.2712,371.7213,368.2592,369.0049,369.0049,667
M04,375,372.714,380.0284,372.6336,376.331,376.331,118
M04,376,379.3758,380.1711,374.6303,375.8498,375.8498,151
M04,377,380.8038,380.8038,373.2591,375.0043,375.0043,68
M04,378,369.4306,369.7218,368.8219,369.7218,369.7218,45
M04,379,371.7061,372.5057,369.4937,372.5057,372.5057,157
M04,380,377.4816,377.5351,377.4816,377.5351,377.5351,168
M04,381,379.1906,379.1906,373.9448,373.9448,373.9448,19
M04,382,374.3137,375.512,374.3137,375.4588,375.4588,24
M04,383,379.281,379.4419,378.4765,378.4765,378.4765,86
M04,384,377.7356,377.7624,375.4376,376.5599,376.5599,43
M04,385,374.7464,379.202,374.7464,379.202,379.202,19
M04,386,378.9197,384.7541,378.1738,379.9321,379.9321,198
M04,387,386.0257,386.4277,381.8988,381.8988,381.8988,70
M04,388,378.1508,378.1508,377.8059,378.1508,378.1508,3
M04,389,378.9529,379.6742,378.3385,379.3536,379.3536,16
M04,390,379.27,379.27,379.27,379.27,379.27,61
M04,391,377.1004,377.1004,377.1004,377.1004,377.1004,13
M04,392,380.2305,380.2839,379.0813,379.0813,379.0813,16
M04,393,379.8661,379.8661,379.8661,379.8661,379.8661,702549
M04,394,380.4245,382.4516,379.3043,381.3313,381.3313,236338
M04,395,381.8211,383.0215,376.4591,380.4339,380.4339,10208
M04,396,376.8932,385.9463,374.1158,379.4569,379.4569,8048
M04,397,387.6129,387.6129,383.4102,386.9704,386.9704,6324
M04,398,385.9491,393.7998,385.9491,392.4333,392.4333,2959
M04,399,393.8314,395.2516,390.6158,394.5549,394.5549,1380
M04,400,392.6115,402.3103,392.5316,401.6175,401.6175,2485
M04,401,397.8874,400.5694,396.1879,397.7015,397.7015,1256
M04,402,403.0258,403.3737,400.1895,400.4571,400.4571,236
M04,403,399.929,404.9816,397.8171,402.4152,402.4152,796
M04,404,400.6876,406.2586,393.6044,398.5122,398.5122,2180
M04,405,401.7905,407.2817,400.987,406.0495,406.0495,1045
M04,406,406.0871,406.8619,403.6288,406.0336,406.0336,258
M04,407,406.4769,406.4769,401.1713,403.2509,403.2509,6056
M04,408,402.2544,402.3611,398.4379,400.4395,400.4395,592
M04,409,398.887,401.1778,398.887,400.7782,400.7782,1435
M04,410,401.2067,401.2334,399.5805,401.1267,401.1267,1125
M04,411,399.9682,400.5568,399.6204,400.5568,400.5568,2354
M04,412,400.1434,409.2795,400.1434,409.0116,409.0116,3011
M04,413,410.5604,410.587,405.5322,406.0643,406.0643,1023
M04,414,407.8368,410.9279,407.3039,410.6348,410.6348,524
M04,415,409.5505,409.5505,409.4706,409.4706,409.4706,8759
M04,416,409.4078,412.55,404.6414,406.4787,406.4787,2300
M04,417,404.6892,406.2287,402.5922,403.2292,403.2292,889
M04,418,404.9649,411.4533,404.4597,411.081,411.081,449
M04,419,412.8892,414.0087,409.1042,413.2357,413.2357,159
M04,420,415.7533,415.7801,405.0579,406.2106,406.2106,413
M04,421,404.354,406.6725,400.9429,401.3959,401.3959,159
M04,422,401.0931,402.1563,398.1692,399.2856,399.2856,203
M04,423,398.4594,398.4594,395.3749,396.279,396.279,74
M04,424,396.0968,397.398,395.6985,396.8138,396.8138,26
M04,425,398.0864,402.3075,397.874,397.874,397.874,88
M04,426,397.0714,397.0714,396.0061,397.0714,397.0714,3
M04,427,402.4864,402.5398,399.8951,401.5514,401.5514,67
M04,428,400.3584,402.2828,400.3584,402.2828,402.2828,10
M04,429,402.3926,402.5259,397.1657,402.0192,402.0192,26
M04,430,397.8425,399.5178,397.8425,398.4541,398.4541,31
M04,431,399.1261,400.2679,399.1261,400.2679,400.2679,6
M04,432,404.2076,406.3947,404.2076,406.3947,406.3947,15
M04,433,404.1151,408.8895,404.1151,408.6494,408.6494,81
M04,434,409.2262,409.3066,403.0648,403.0648,403.0648,67
M04,435,401.8929,401.8929,401.8929,401.8929,401.8929,25519
M04,436,401.6416,402.1489,396.6752,400.2798,400.2798,25880
M04,437,395.7083,395.7083,387.1376,387.7196,387.7196,3264
M04,438,392.6825,397.1743,389.9019,396.2385,396.2385,684
M04,439,392.4529,399.6556,391.7885,398.938,398.938,632
M04,440,400.2628,405.8227,400.049,402.8557,402.8557,3887
M04,441,402.9447,403.7744,400.6699,403.1053,403.1053,766
M04,442,401.0173,401.2838,396.8333,399.1252,399.1252,420
M04,443,397.0152,401.5201,396.9885,399.0943,399.0943,145
M04,444,402.5226,402.5226,400.0397,402.0954,402.0954,360
M04,445,400.4252,400.4252,394.9668,396.0797,396.0797,246
M04,446,395.9903,396.7866,392.0089,393.5484,393.5484,177
M04,447,395.8781,398.305,395.0513,397.8249,397.8249,1103
M04,448,395.922,397.6505,392.6513,392.9172,392.9172,1211
M04,449,392.7566,394.3467,392.2265,394.3467,394.3467,1238
M04,450,394.1337,395.9901,394.0276,395.7514,395.7514,855
M04,451,396.0758,396.5551,395.8894,396.3155,396.3155,272
M04,452,396.1968,396.1968,393.963,394.2024,394.2024,228
M04,453,394.0018,394.0283,393.5502,393.5502,393.5502,329
M04,454,394.7692,395.805,394.7692,395.6988,395.6988,211
M04,455,398.008,400.8652,396.7797,400.2511,400.2511,353
M04,456,398.5567,401.9811,397.9196,398.0523,398.0523,300
M04,457,398.9362,398.9362,395.1965,395.1965,395.1965,108
M04,458,393.9126,394.2042,393.9126,394.2042,394.2042,1316
M04,459,396.1897,398.3742,394.538,397.7881,397.7881,1023
M04,460,397.0539,401.5655,397.0539,401.1144,401.1144,606
M04,461,399.9524,400.1112,397.8348,399.1583,399.1583,754
M04,462,403.5091,403.5091,402.5482,402.5482,402.5482,315
M04,463,400.6539,400.6539,393.6622,393.6622,393.6622,97
M04,464,393.5138,395.5833,393.5138,395.371,395.371,1640
M04,465,398.2649,398.2649,391.6053,391.6053,391.6053,1719
M04,466,390.4429,390.4429,388.3699,388.3699,388.3699,70
M04,467,391.4903,391.4903,388.3551,390.0165,390.0165,74
M04,468,385.5958,385.5958,383.5285,384.8537,384.8537,19
M04,469,390.6615,392.4045,390.6615,391.9754,391.9754,175
M04,470,389.3863,391.5144,389.3597,391.5144,391.5144,257
M04,471,394.3076,394.3076,393.8245,393.8245,393.8245,40
M04,472,392.1062,392.1062,391.4936,391.8132,391.8132,462
M04,473,388.9998,390.7491,388.9998,390.4841,390.4841,53
M04,474,391.2475,391.7523,389.8394,391.4335,391.4335,101
M04,475,390.6981,390.6981,390.6981,390.6981,390.6981,51
M04,476,390.2043,390.2043,388.743,388.743,388.743,59
M04,477,388.8904,388.8904,388.4634,388.7569,388.7569,44
M04,478,390.6659,390.6659,390.6659,390.6659,390.6659,1030895
M04,479,389.8461,390.0596,387.4181,387.7916,387.7916,274741
M04,480,387.0048,390.1996,386.6054,390.1996,390.1996,21209
M04,481,389.5568,389.9829,387.0269,389.4236,389.4236,6565
M04,482,390.7049,395.7304,390.1436,395.1423,395.1423,4339
M04,483,392.0513,393.6169,390.3796,391.1226,391.1226,1957
M04,484,391.0529,391.928,390.4165,391.6363,391.6363,2899
M04,485,393.2981,393.5647,388.8185,389.0585,389.0585,2994
M04,486,388.5012,389.9393,388.4479,388.6344,388.6344,4462
M04,487,388.5763,390.3054,388.5763,389.0817,389.0817,1188
M04,488,388.2202,391.4839,388.2202,389.8918,389.8918,1253
M04,489,389.9984,392.3251,386.9844,387.7776,387.7776,2799
M04,490,388.8054,392.2069,388.8054,392.1272,392.1272,1508
M04,491,391.337,391.7352,391.337,391.6556,391.6556,313
M04,492,392.7678,393.5138,392.7411,392.901,392.901,1292
M04,493,393.8338,393.8338,393.8338,393.8338,393.8338,852
M04,494,392.2997,393.0971,391.6086,392.911,392.911,955
M04,495,393.3234,393.6963,392.7907,392.7907,392.7907,391
M04,496,393.7835,393.8366,393.1459,393.8366,393.8366,1170
M04,497,398.5294,401.3136,398.5294,401.3136,401.3136,154
M04,498,399.6744,401.5597,399.6213,400.7631,400.7631,378
M04,499,402.6865,402.6865,402.6865,402.6865,402.6865,2550
M04,500,402.5794,403.2448,401.8874,403.0851,403.0851,1305
M04,501,402.4766,405.0289,402.4766,403.992,403.992,946
M04,502,402.3158,405.125,402.2893,404.0119,404.0119,697
M04,503,405.2894,411.2756,405.2894,410.3486,410.3486,333
M04,504,420.2991,420.2991,415.0853,416.6281,416.6281,1359
M04,505,416.6395,421.4522,416.6395,420.249,420.249,154
M04,506,418.6619,425.1551,411.4002,412.7519,412.7519,691
M04,507,413.005,413.005,409.7131,411.9431,411.9431,172
M04,508,412.6531,414.6749,411.1102,414.329,414.329,52
M04,509,417.5298,417.6906,415.1169,415.1169,415.1169,169
M04,510,412.5858,412.5858,409.4381,411.4388,411.4388,95
M04,511,413.0984,414.6729,412.4579,414.1925,414.1925,37
M04,512,412.9376,413.0438,411.0265,411.1592,411.1592,302
M04,513,410.9167,412.1595,410.7845,412.1595,412.1595,322
M04,514,417.4286,419.2757,415.2067,416.6523,416.6523,143
M04,515,410.4566,412.3899,410.4566,411.9132,411.9132,133
M04,516,412.2788,415.3316,412.0399,415.3316,415.3316,46
M04,517,411.4338,415.3464,411.4338,415.3464,415.3464,133
M04,518,422.2432,422.2965,420.2443,420.2443,420.2443,71
M04,519,419.5807,419.5807,417.6643,417.6643,417.6643,10
M04,520,417.8017,417.8017,417.8017,417.8017,417.8017,771434
M04,521,420.3677,422.5538,418.9281,422.1539,422.1539,199985
M04,522,418.2317,422.3784,417.3279,420.7569,420.7569,3207
M04,523,423.8441,423.9505,417.2718,419.6665,419.6665,3451
M04,524,420.1388,420.1388,412.1765,412.8689,412.8689,2937
M04,525,415.8297,417.8377,414.3572,417.0613,417.0613,3885
M04,526,417.4456,420.67,416.9082,420.5356,420.5356,317
M04,527,417.7139,419.5824,416.5394,418.7015,418.7015,1350
M04,528,420.9712,422.4197,420.7834,422.4197,422.4197,395
M04,529,416.863,416.916,414.4747,415.4565,415.4565,1421
M04,530,417.3031,418.2362,416.1833,417.8896,417.8896,115
M04,531,416.764,418.0646,416.764,418.0646,418.0646,258
M04,532,419.6164,421.4537,419.3501,421.4537,421.4537,209
M04,533,421.0318,427.5613,421.0318,426.4153,426.4153,923
M04,534,428.1762,430.8245,427.9354,430.022,430.022,1694
M04,535,428.3484,432.2146,427.4151,431.0414,431.0414,364
M04,536,433.312,440.1891,433.312,440.082,440.082,566
M04,537,441.6848,449.5749,439.8189,445.7898,445.7898,1417
M04,538,437.0688,439.3536,433.6681,437.547,437.547,1467
M04,539,436.9616,438.0513,434.9416,435.8984,435.8984,6526
M04,540,436.8276,441.3261,436.1356,436.5348,436.5348,2131
M04,541,436.9389,437.5249,416.6409,416.6409,416.6409,879
M04,542,420.9213,427.4056,418.3701,423.1536,423.1536,1818
M04,543,426.833,440.4317,426.6991,439.575,439.575,1901
M04,544,436.6306,436.7633,432.889,435.4895,435.4895,271
M04,545,434.323,443.7666,434.2965,442.0423,442.0423,480
M04,546,446.064,450.1754,439.7633,446.064,446.064,585
M04,547,450.1328,451.5924,439.9417,444.4003,444.4003,486
M04,548,442.6899,443.4844,435.1157,439.3795,439.3795,158
M04,549,439.7308,442.3587,433.9973,435.6961,435.6961,144
M04,550,435.1604,437.9516,416.393,422.4804,422.4804,758
M04,551,419.5775,423.5471,403.2996,403.8057,403.8057,262
M04,552,419.4104,419.4104,388.1371,397.1716,397.1716,610
M04,553,392.0096,410.2587,392.0096,406.8437,406.8437,386
M04,554,408.1129,409.3074,392.1335,392.1335,392.1335,1163
M04,555,394.025,396.7112,391.2324,393.2537,393.2537,885
M04,556,396.1303,396.2638,396.1303,396.2638,396.2638,48
M04,557,399.2816,415.6476,395.2763,415.6476,415.6476,139
M04,558,424.0565,448.7645,424.0565,442.0283,442.0283,1356
M04,559,444.8508,444.8508,432.8042,433.1226,433.1226,1607
M04,560,444.7297,444.7297,441.9443,441.9443,441.9443,9
M04,561,432.3555,432.3555,432.3555,432.3555,432.3555,301786
M04,562,436.3797,439.4641,427.3394,431.2746,431.2746,52932
M04,563,430.6088,431.2207,419.2497,421.2183,421.2183,8908
M04,564,420.8356,428.877,420.8356,423.0335,423.0335,6853
M04,565,422.6802,433.3874,421.3783,431.9261,431.9261,3836
M04,566,433.0817,436.1475,431.8287,435.5343,435.5343,1899
M04,567,434.416,452.4423,433.5627,447.1891,447.1891,3281
M04,568,449.5029,457.1108,439.5092,441.3118,441.3118,3751
M04,569,443.8454,445.7859,441.9315,442.7024,442.7024,2438
M04,570,443.7491,463.3651,443.7491,463.3651,463.3651,2628
M04,571,457.1486,466.3872,454.1488,463.2015,463.2015,2122
M04,572,466.6723,471.5069,462.0767,466.6457,466.6457,2258
M04,573,462.9331,464.3969,458.4884,459.6861,459.6861,2044
M04,574,462.5742,467.8119,458.2985,459.7416,459.7416,497
M04,575,458.9938,461.4818,450.754,451.9044,451.9044,677
M04,576,448.0388,452.1843,446.4443,452.1843,452.1843,340
M04,577,449.19,451.8634,439.3698,444.2137,444.2137,2117
M04,578,450.0713,458.749,447.0992,458.749,458.749,1381
M04,579,462.8986,465.8618,462.7118,462.7118,462.7118,1615
M04,580,464.421,464.421,456.5652,458.9619,458.9619,717
M04,581,460.2963,460.2963,454.9808,454.9808,454.9808,503
M04,582,458.5463,458.5463,456.0086,456.9168,456.9168,3970
M04,583,456.8177,457.7528,454.6806,455.0546,455.0546,1189
M04,584,455.747,455.747,445.5415,446.4428,446.4428,1073
M04,585,447.6967,451.6518,443.4231,449.7937,449.7937,977
M04,586,453.6999,455.4053,452.9004,454.8457,454.8457,1071
M04,587,452.2868,453.0577,451.1438,453.0577,453.0577,251
M04,588,455.9648,455.9648,450.6666,450.6666,450.6666,1511
M04,589,448.4268,457.8943,448.2673,457.8943,457.8943,2774
M04,590,456.9737,457.6885,451.0439,452.6587,452.6587,1030
M04,591,454.1359,454.7228,450.9079,452.2685,452.2685,2303
M04,592,455.481,459.1799,455.481,456.848,456.848,959
M04,593,451.895,457.0194,451.8685,455.0546,455.0546,1481
M04,594,460.5065,465.5274,459.4916,464.192,464.192,2132
M04,595,462.253,465.8932,462.253,465.8932,465.8932,2242
M04,596,468.2214,472.1683,461.8476,461.8476,461.8476,711
M04,597,464.5111,465.9226,464.5111,464.5111,464.5111,539
M04,598,466.3952,466.5284,464.7976,466.129,466.129,52
M04,599,461.0801,461.0801,454.138,454.138,454.138,1683
M04,600,459.7228,461.8528,459.7228,461.8528,461.8528,20
M04,601,458.1209,458.1209,452.3891,452.3891,452.3891,129
M04,602,447.4357,453.9923,447.4357,453.9923,453.9923,433007
M04,603,451.7232,456.6123,450.5868,452.7803,452.7803,70518
M04,604,458.7067,463.9108,457.7192,463.5371,463.5371,5222
M04,605,462.1286,463.8811,458.597,461.4382,461.4382,2901
M04,606,465.2335,465.9008,459.5749,460.4824,460.4824,2265
M04,607,455.6569,455.6569,444.6238,448.1344,448.1344,8901
M04,608,450.5467,457.0344,450.5467,457.0344,457.0344,2491
M04,609,455.0568,455.0568,443.5727,445.593,445.593,4722
M04,610,445.7523,451.1413,444.9028,450.8493,450.8493,1919
M04,611,449.1796,456.1509,448.4905,454.5074,454.5074,2086
M04,612,456.9674,463.5446,455.849,456.2218,456.2218,2274
M04,613,462.1079,463.9433,457.5326,460.7247,460.7247,1087
M04,614,453.0487,457.8027,453.0487,454.2044,454.2044,1067
M04,615,458.8508,458.8508,451.7691,456.2781,456.2781,611
M04,616,458.0296,458.9051,456.9948,458.9051,458.9051,72
M04,617,457.4012,461.2692,457.4012,461.2692,461.2692,165
M04,618,458.2672,459.2205,454.7716,456.7577,456.7577,367
M04,619,459.9726,467.1776,459.9193,465.8968,465.8968,4034
M04,620,466.2458,469.5397,464.9973,466.6443,466.6443,4319
M04,621,466.1917,471.7422,465.873,470.6268,470.6268,2067
M04,622,468.2308,469.4946,464.5972,464.9395,464.9395,3079
M04,623,467.9941,468.8176,467.4894,468.1004,468.1004,646
M04,624,467.0507,468.7697,466.7068,468.7697,468.7697,2082
M04,625,471.5266,471.6325,470.0694,470.2019,470.2019,1706
M04,626,473.5444,477.7808,472.7717,477.7275,477.7275,2928
M04,627,477.8006,478.9728,470.3949,472.3662,472.3662,947
M04,628,470.4619,473.2739,469.215,473.2739,473.2739,722
M04,629,475.2673,475.7723,475.2673,475.347,475.347,575
M04,630,474.0035,477.9506,472.4141,477.9506,477.9506,2343
M04,631,480.4099,484.7833,480.4099,484.1433,484.1433,640
M04,632,480.8873,481.867,476.4123,476.4123,476.4123,1253
M04,633,478.0803,478.0803,476.0149,476.1473,476.1473,671
M04,634,474.9529,476.5317,474.9529,476.5317,476.5317,506
M04,635,475.9282,481.3757,475.9282,481.1365,481.1365,1018
M04,636,481.1582,483.1296,481.1582,482.5702,482.5702,522
M04,637,479.8912,479.8912,475.4922,476.6582,476.6582,441
M04,638,477.2185,480.2964,477.2185,479.8188,479.8188,78
M04,639,482.6308,485.3818,482.6308,485.0079,485.0079,284
M04,640,483.3008,488.712,483.3008,488.712,488.712,396
M04,641,492.4631,494.8219,491.5619,494.0533,494.0533,679
M04,642,494.117,499.8284,494.0641,499.5111,499.5111,392
M04,643,498.3429,501.781,498.3429,501.781,501.781,1500
M04,644,506.6085,516.2788,506.5553,514.414,514.414,1064
M04,645,514.0152,517.528,513.2435,517.528,517.528,2474
M04,646,515.8864,515.9656,515.7279,515.9656,515.9656,598028
M04,647,519.4875,519.9373,510.6503,513.9047,513.9047,90676
M04,648,516.8258,525.4457,516.6666,520.592,520.592,9327
M04,649,527.9645,527.9645,520.3016,523.0954,523.0954,1875
M04,650,521.8563,533.8238,521.2739,529.8523,529.8523,6418
M04,651,536.5236,543.4687,533.0775,538.4057,538.4057,4309
M04,652,544.6214,549.2808,543.157,546.2189,546.2189,880
M04,653,543.1911,547.1583,535.0703,535.2034,535.2034,2563
M04,654,535.753,540.3534,533.4,535.2242,535.2242,752
M04,655,534.4761,535.4322,505.686,513.2819,513.2819,3076
M04,656,509.3565,515.6076,495.7419,512.5086,512.5086,1339
M04,657,510.4716,520.0089,509.2496,519.8229,519.8229,238
M04,658,517.7017,520.025,517.2478,517.2478,517.2478,614
M04,659,517.4288,526.824,517.4288,526.824,526.824,321
M04,660,527.7232,528.1715,520.0754,527.2749,527.2749,273
M04,661,523.3139,523.3139,512.3983,517.6843,517.6843,1198
M04,662,512.1827,514.0561,507.196,510.2303,510.2303,329
M04,663,512.935,513.992,504.4521,511.2437,511.2437,597
M04,664,510.2599,512.8506,508.145,509.599,509.599,234
M04,665,508.959,509.2231,504.8134,504.8134,504.8134,536
M04,666,507.1244,518.0386,507.1244,515.3565,515.3565,894
M04,667,518.2306,524.506,510.9712,510.9712,510.9712,7468
M04,668,511.663,523.3986,510.4417,521.6196,521.6196,2524
M04,669,525.3329,525.6796,520.8796,524.6929,524.6929,516
M04,670,519.7443,526.262,519.7443,521.4664,521.4664,612
M04,671,522.9415,522.9415,514.1962,514.1962,514.1962,216
M04,672,515.4759,515.9283,511.7238,512.9479,512.9479,595
M04,673,510.5683,513.6933,507.867,509.509,509.509,2061
M04,674,509.8902,511.7386,502.549,510.4447,510.4447,859
M04,675,507.2466,512.3272,506.6411,511.9324,511.9324,756
M04,676,517.7955,522.7495,517.7955,520.4856,520.4856,2234
M04,677,515.0663,516.5235,513.4236,513.4236,513.4236,232
M04,678,517.1785,518.9854,516.3016,518.9854,518.9854,175
M04,679,516.8408,520.1969,516.8408,516.9729,516.9729,231
M04,680,521.828,521.8546,520.604,521.5353,521.5353,433
M04,681,512.0879,513.9366,510.6882,512.352,512.352,222
M04,682,522.1129,522.5412,521.7114,522.5412,522.5412,117
M04,683,515.8364,515.8364,499.1914,503.9093,503.9093,152
M04,684,508.8774,508.8774,505.0204,505.0204,505.0204,981
M04,685,499.9067,499.9067,495.7486,495.7486,495.7486,18
M04,686,493.5451,498.0234,493.5451,498.0234,498.0234,1147
M04,687,491.6496,492.0204,491.6496,492.0204,492.0204,13
M04,688,498.9611,498.9611,498.9611,498.9611,498.9611,33797
M04,689,494.7537,499.7368,493.6727,499.4468,499.4468,9543
M04,690,499.8621,501.6313,496.3765,498.4098,498.4098,1855
M04,691,499.8372,506.6022,499.4128,506.2838,506.2838,2161
M04,692,502.1503,507.2145,502.1503,503.8207,503.8207,1708
M04,693,503.1943,507.6196,499.4313,506.7981,506.7981,4386
M04,694,504.7807,507.7989,496.2556,503.3245,503.3245,3152
M04,695,493.4655,497.5995,493.2022,495.9669,495.9669,150
M04,696,500.5448,500.5448,497.8213,499.3814,499.3814,1056
M04,697,505.2057,510.4448,504.0943,507.9046,507.9046,2058
M04,698,510.2277,510.8907,509.5913,509.8299,509.8299,304
M04,699,505.3316,505.4104,496.1552,496.5496,496.5496,607
M04,700,501.4348,507.0338,499.5243,504.5129,504.5129,103
M04,701,498.1585,500.5216,496.1368,499.7076,499.7076,771
M04,702,501.1566,501.7638,501.1566,501.7638,501.7638,163
M04,703,507.8562,507.9893,505.7793,507.6165,507.6165,139
M04,704,504.3814,506.7954,503.0019,506.7954,506.7954,1018
M04,705,509.2044,512.85,509.2044,512.1315,512.1315,3763
M04,706,510.0264,510.0264,503.1087,503.8773,503.8773,2668
M04,707,499.7149,503.2394,498.7417,500.2672,500.2672,967
M04,708,501.7905,504.8348,501.261,503.6965,503.6965,776
M04,709,506.3555,507.4721,506.3023,507.4721,507.4721,562
M04,710,496.8749,498.2825,496.8749,498.2825,498.2825,821
M04,711,495.8552,496.8332,491.2829,493.0801,493.0801,799
M04,712,495.1596,501.486,495.1596,499.0405,499.0405,2295
M04,713,498.1119,503.9098,498.1119,502.7662,502.7662,596
M04,714,502.6205,507.1378,502.6205,507.1378,507.1378,2154
M04,715,500.8677,504.3587,498.6196,501.0792,501.0792,2416
M04,716,505.6758,517.9873,505.6758,517.2693,517.2693,421
M04,717,516.8462,521.6397,516.8462,519.3761,519.3761,982
M04,718,518.2802,520.2943,489.5251,491.1417,491.1417,2516
M04,719,492.0129,493.5837,489.8922,490.9918,490.9918,888
M04,720,498.3603,498.3603,492.1799,493.5592,493.5592,693
M04,721,495.284,497.8015,494.648,496.238,496.238,720
M04,722,497.1572,500.627,497.1043,499.4616,499.4616,821
M04,723,496.5444,499.9084,495.5908,499.9084,499.9084,19
M04,724,500.7864,500.7864,499.7521,499.7521,499.7521,196
M04,725,497.8356,497.8356,497.8356,497.8356,497.8356,489
M04,726,495.1663,495.1663,492.5655,493.9189,493.9189,182
M04,727,495.9011,496.2721,495.9011,496.2721,496.2721,5543
M04,728,486.6426,487.4383,485.1573,487.4383,487.4383,2750
M04,729,481.7651,481.7651,473.8643,475.3128,475.3128,3675
M04,730,476.8268,477.965,476.8268,477.965,477.965,685128
M04,731,480.7003,483.6014,471.2785,474.2594,474.2594,214985
M04,732,474.3508,474.9354,468.3185,471.8794,471.8794,9481
M04,733,471.4787,482.3426,471.4521,481.8645,481.8645,5923
M04,734,479.6541,484.6061,478.7273,483.4674,483.4674,2569
M04,735,484.1772,487.5653,483.1449,486.1889,486.1889,5636
M04,736,488.1364,489.9663,484.8216,486.8635,486.8635,3573
M04,737,484.7318,492.7557,480.5879,491.4095,491.4095,4373
M04,738,492.1749,495.5565,491.8579,494.2356,494.2356,366
M04,739,493.5695,493.5695,482.969,484.9781,484.9781,649
M04,740,483.7429,487.9386,482.3708,483.8485,483.8485,584
M04,741,487.4458,489.4343,484.9536,487.7905,487.7905,349
M04,742,482.5511,482.6036,479.186,480.7634,480.7634,878
M04,743,485.0032,490.3201,484.9238,489.9763,489.9763,3377
M04,744,491.5668,493.738,489.9781,491.4609,491.4609,3332
M04,745,495.2094,501.0223,495.2094,498.6443,498.6443,1240
M04,746,497.3818,499.2578,497.3554,498.2537,498.2537,979
M04,747,499.1923,505.3368,495.0341,497.7091,497.7091,443
M04,748,499.225,499.225,493.602,495.0874,495.0874,704
M04,749,493.0559,496.1721,492.3956,495.0893,495.0893,263
M04,750,496.9006,497.5888,496.4771,497.5888,497.5888,161
M04,751,502.321,502.4006,496.5439,497.4714,497.4714,250
M04,752,496.9801,496.9801,496.5574,496.5574,496.5574,1051
M04,753,498.602,502.8192,497.9124,501.546,501.546,1492
M04,754,505.3866,506.5322,504.2411,504.3476,504.3476,396
M04,755,505.2844,513.978,505.2844,513.8723,513.8723,481
M04,756,514.3216,517.2354,514.2157,517.2354,517.2354,359
M04,757,513.0524,515.1287,499.7792,501.1985,501.1985,1051
M04,758,507.0473,508.1286,504.2518,504.3309,504.3309,370
M04,759,504.1899,504.1899,484.6618,484.6618,484.6618,172
M04,760,483.2912,489.4034,483.2912,489.4034,489.4034,64
M04,761,487.7743,490.597,485.2418,486.1651,486.1651,556
M04,762,492.4651,492.6241,491.2989,491.2989,491.2989,651
M04,763,484.7335,488.4283,484.7335,488.3228,488.3228,493
M04,764,485.4422,485.4422,484.2747,485.4157,485.4157,101
M04,765,476.8593,487.6825,476.8593,486.7828,486.7828,42
M04,766,491.4182,496.418,490.514,496.2319,496.2319,55
M04,767,491.3653,492.0765,491.3653,491.3653,491.3653,18
M04,768,490.5152,490.7267,489.9334,490.7267,490.7267,28
M04,769,493.5986,493.5986,490.1839,491.0045,491.0045,90
M04,770,491.6407,491.6407,490.2895,490.2895,490.2895,175
M04,771,487.6415,487.6415,487.6415,487.6415,487.6415,653251
M04,772,486.3366,491.4812,483.1971,484.8855,484.8855,89178
M04,773,488.7313,497.7524,487.8557,490.1375,490.1375,5178
M04,774,492.435,493.8332,488.0557,490.9049,490.9049,4737
M04,775,491.7851,492.2347,483.3225,484.0894,484.0894,3996
M04,776,485.8478,487.8603,484.5238,485.1593,485.1593,3832
M04,777,483.0551,483.0551,470.0309,471.6392,471.6392,7862
M04,778,471.3713,476.4152,470.4781,475.7322,475.7322,4301
M04,779,483.4817,488.9119,481.5385,487.6342,487.6342,785
M04,780,488.4064,488.7776,485.4365,486.6563,486.6563,614
M04,781,490.4526,492.7151,488.9621,489.9203,489.9203,1822
M04,782,485.2469,486.4333,480.0794,481.134,481.134,1754
M04,783,483.4036,484.0658,479.2185,482.503,482.503,801
M04,784,480.975,481.6354,472.0999,474.7149,474.7149,3758
M04,785,472.9204,473.9532,468.4185,469.0275,469.0275,1900
M04,786,469.2397,471.4853,466.5713,468.5263,468.5263,1828
M04,787,463.5358,469.6574,463.5358,466.5572,466.5572,395
M04,788,473.9765,480.2997,473.9765,480.0075,480.0075,534
M04,789,479.1621,479.6123,475.6669,477.7852,477.7852,1737
M04,790,476.032,476.032,473.554,473.554,473.554,4894
M04,791,477.1106,477.243,467.8941,469.9334,469.9334,3242
M04,792,469.0227,469.0492,455.9449,458.4119,458.4119,5029
M04,793,460.3806,463.0044,455.9281,456.5112,456.5112,1297
M04,794,451.8965,458.1618,451.7114,458.1618,458.1618,2986
M04,795,458.1851,458.8207,451.1667,454.2919,454.2919,1473
M04,796,452.9556,455.8488,451.2834,451.2834,451.2834,1652
M04,797,446.4691,449.2156,444.9902,448.4233,448.4233,936
M04,798,452.3265,452.5122,444.1009,445.1623,445.1623,4266
M04,799,447.582,455.8902,447.3165,455.6513,455.6513,978
M04,800,452.1717,454.6258,451.4857,454.2563,454.2563,1251
M04,801,455.1774,458.3164,453.753,454.307,454.307,58
M04,802,457.9513,459.7127,453.4409,458.9121,458.9121,265
M04,803,455.6958,456.3282,453.9305,455.5377,455.5377,482
M04,804,458.2771,458.7003,456.6104,457.8273,457.8273,2323
M04,805,460.4604,464.3876,457.8865,458.205,458.205,1580
M04,806,462.2461,463.4376,455.8914,458.6451,458.6451,453
M04,807,461.1293,461.1293,458.8531,460.9176,460.9176,43
M04,808,456.064,456.064,456.064,456.064,456.064,173
M04,809,453.1315,453.1315,453.1315,453.1315,453.1315,20
M04,810,458.029,459.4607,458.029,459.4607,459.4607,87
M04,811,457.4202,457.5522,455.2555,455.3611,455.3611,49
M04,812,455.5532,458.4379,455.5532,458.4379,458.4379,112
M04,813,450.8498,450.8498,450.8498,450.8498,450.8498,429818
M04,814,453.1156,453.5394,443.9792,445.9389,445.9389,79243
M04,815,447.2992,455.2957,445.3864,455.2957,455.2957,2229
M04,816,451.0421,456.8558,450.9364,456.248,456.248,2125
M04,817,458.9018,459.3799,457.3083,458.6628,458.6628,880
M04,818,460.4648,465.2377,460.4648,464.3578,464.3578,2911
M04,819,461.4452,461.4452,459.0621,460.7567,460.7567,1731
M04,820,457.6962,463.4965,457.3271,463.1801,463.1801,3931
M04,821,463.1335,463.1335,458.5043,461.1496,461.1496,1546
M04,822,459.9706,459.9706,456.2449,457.4339,457.4339,127
M04,823,461.6184,465.1062,458.5033,464.9198,464.9198,1042
M04,824,462.9821,464.2052,460.6955,461.2805,461.2805,3374
M04,825,463.1577,470.5572,463.1577,469.8918,469.8918,1161
M04,826,468.6159,471.0246,468.5365,470.8923,470.8923,2105
M04,827,469.2122,470.8973,465.8684,465.8684,465.8684,443
M04,828,469.3759,471.4982,468.3678,471.4982,471.4982,4755
M04,829,471.9236,474.8616,470.5208,474.3852,474.3852,735
M04,830,473.9257,473.9257,470.0428,470.4918,470.4918,523
M04,831,474.5567,476.7886,470.8105,472.1389,472.1389,1068
M04,832,473.1947,473.6472,471.2785,473.5141,473.5141,1881
M04,833,472.4273,472.9581,471.8169,471.8965,471.8965,376
M04,834,467.9206,469.4555,466.9679,469.2437,469.2437,2357
M04,835,473.2952,475.4212,467.3425,469.8671,469.8671,607
M04,836,468.6269,468.6269,466.5374,467.4367,467.4367,59
M04,837,473.9409,475.1333,473.9409,474.7094,474.7094,51
M04,838,475.9696,476.0495,472.4029,472.6691,472.6691,524
M04,839,472.9542,473.6444,472.3435,473.6444,473.6444,195
M04,840,472.881,479.9125,472.5374,479.9125,479.9125,44
M04,841,489.5153,489.5153,486.381,486.381,486.381,7
M04,842,486.691,489.3424,486.638,487.1948,487.1948,40
M04,843,486.2726,486.5108,484.7904,485.9285,485.9285,1315
M04,844,484.0238,484.0238,483.0956,483.3343,483.3343,10
M04,845,485.2518,488.4874,485.0914,487.6852,487.6852,328
M04,846,484.0845,488.9665,484.0845,487.6399,487.6399,129
M04,847,488.9317,493.5834,488.2181,493.5834,493.5834,41
M04,848,494.5668,494.5668,493.8529,493.8529,493.8529,10
M04,849,493.8632,498.7585,493.1223,497.8059,497.8059,1150
M04,850,492.3156,497.4618,492.1309,496.6173,496.6173,270
M04,851,497.1309,498.3525,497.1309,498.3525,498.3525,16
M04,852,498.1182,498.7798,498.1182,498.7798,498.7798,124
M04,853,496.9736,501.092,496.9736,501.092,501.092,194
M04,854,503.3502,503.3502,503.3502,503.3502,503.3502,573763
M04,855,505.9623,507.8562,503.6682,505.6688,505.6688,122159
M04,856,501.3781,503.4655,497.2561,502.6992,502.6992,8109
M04,857,503.7155,506.6503,500.4633,503.1338,503.1338,1826
M04,858,500.3702,502.8995,499.5271,502.557,502.557,4105
M04,859,504.1395,504.1395,492.5713,494.2088,494.2088,3354
M04,860,495.4854,502.4301,491.4299,500.9192,500.9192,1138
M04,861,496.5085,498.9247,494.5913,498.1631,498.1631,282
M04,862,501.5137,503.2062,499.7949,500.3766,500.3766,2780
M04,863,504.9846,505.7307,503.4655,504.5315,504.5315,466
M04,864,498.9826,502.1811,494.7004,500.7008,500.7008,601
M04,865,503.5984,503.9693,496.7898,497.3726,497.3726,1148
M04,866,492.8509,492.9566,487.6483,492.2699,492.2699,139
M04,867,494.3079,494.5198,491.1298,491.1563,491.1563,217
M04,868,490.8391,491.0239,477.5875,490.8655,490.8655,367
M04,869,477.6244,480.656,466.4997,467.6069,467.6069,3595
M04,870,467.9488,472.3498,465.8933,465.8933,465.8933,1079
M04,871,466.9506,471.28,466.4226,470.3825,470.3825,126
M04,872,472.3424,473.2694,470.356,470.462,470.462,317
M04,873,471.2047,474.5124,471.1782,471.6281,471.6281,463
M04,874,468.9244,470.9014,468.0545,468.0545,468.0545,262
M04,875,468.4262,471.1403,467.7675,468.1364,468.1364,108
M04,876,470.7645,470.7645,470.7645,470.7645,470.7645,2836
M04,877,467.3838,467.4627,460.8865,463.7011,463.7011,1346
M04,878,464.2463,466.8033,463.7454,466.8033,466.8033,173
M04,879,466.348,467.7924,464.5359,466.4005,466.4005,143
M04,880,471.1809,473.618,471.0749,472.214,472.214,70
M04,881,472.171,478.2757,472.171,473.9681,473.9681,1017
M04,882,474.8275,477.3881,474.4315,475.5666,475.5666,760
M04,883,474.3947,480.0706,474.3947,475.0811,475.0811,492
M04,884,475.7859,477.5006,474.5197,477.4742,477.4742,752
M04,885,474.3512,475.1143,473.5355,475.1143,475.1143,441
M04,886,475.8413,476.8677,473.8675,476.1834,476.1834,256
M04,887,481.9285,486.1548,481.9285,484.9055,484.9055,2250
M04,888,484.8231,485.1936,482.6525,483.976,483.976,318
M04,889,481.6229,481.9651,477.5175,477.5175,477.5175,261
M04,890,477.7038,480.3794,477.7038,479.1343,479.1343,105
M04,891,480.167,483.1069,479.6373,479.6373,479.6373,423
M04,892,479.6769,479.6769,477.8187,478.5886,478.5886,432
M04,893,475.0298,478.049,475.0298,478.049,478.049,7
M04,894,474.9283,475.2977,474.9283,475.2977,475.2977,3
M04,895,478.2132,478.2132,476.807,477.205,477.205,57
M04,896,479.5531,479.5531,478.4365,478.4365,478.4365,3
M04,897,477.7484,477.7484,477.7484,477.7484,477.7484,673461
M04,898,476.1142,482.9663,475.9825,482.5973,482.5973,90888
M04,899,480.9057,481.5634,475.8809,476.8543,476.8543,9695
M04,900,481.2947,482.9677,479.2765,482.8084,482.8084,4173
M04,901,478.5345,478.8514,476.871,477.9536,477.9536,9711
M04,902,477.1852,482.9875,476.394,477.5017,477.5017,9847
M04,903,477.8834,478.6487,473.9776,476.3791,476.3791,1883
M04,904,474.7211,474.8002,463.8013,464.2233,464.2233,2417
M04,905,462.3237,462.4028,446.2669,454.3876,454.3876,5314
M04,906,457.9349,459.6833,455.6831,457.9879,457.9879,4417
M04,907,456.1323,462.7077,456.1323,462.2323,462.2323,1701
M04,908,460.853,461.5642,459.7468,460.6686,460.6686,2309
M04,909,464.7887,469.8112,464.5508,469.256,469.256,1327
M04,910,472.4929,475.3913,471.1634,475.152,475.152,709
M04,911,472.5252,474.2433,470.4899,471.8115,471.8115,676
M04,912,475.4608,476.4448,473.1204,473.8119,473.8119,886
M04,913,471.2115,473.6734,470.0202,471.2644,471.2644,777
M04,914,476.2072,477.1147,474.6324,475.3797,475.3797,770
M04,915,470.223,477.6331,470.223,477.2097,477.2097,115
M04,916,476.5014,477.7184,476.5014,477.7184,477.7184,72
M04,917,474.2772,474.5154,472.1599,473.2715,473.2715,2588
M04,918,475.5289,476.8059,473.8262,476.8059,476.8059,197
M04,919,475.3515,478.8308,475.2724,478.8308,478.8308,3537
M04,920,484.1482,484.7074,481.3789,481.6985,481.6985,2147
M04,921,480.8307,480.8307,476.9118,480.5924,480.5924,252
M04,922,477.6286,478.2607,476.5751,477.5232,477.5232,367
M04,923,480.5818,480.7674,478.8855,479.3891,479.3891,92
M04,924,480.5839,484.0149,480.056,483.2232,483.2232,171
M04,925,483.4996,483.4996,474.7602,475.6077,475.6077,161
M04,926,471.2034,473.5837,471.2034,473.5837,473.5837,207
M04,927,477.1571,477.1571,474.2921,476.8123,476.8123,152
M04,928,473.7905,473.7905,473.7905,473.7905,473.7905,1
M04,929,476.444,478.0944,474.9,477.0296,477.0296,1832
M04,930,475.6191,479.5485,473.3888,479.1502,479.1502,2445
M04,931,476.3411,476.3411,473.3569,473.3569,473.3569,186
M04,932,473.4274,473.4274,460.4886,463.314,463.314,4583
M04,933,464.3995,465.5085,461.9175,461.9175,461.9175,1716
M04,934,462.0239,464.6614,461.7866,464.6614,464.6614,574
M04,935,467.7419,471.4048,466.8925,471.4048,471.4048,314
M04,936,470.329,472.3409,467.7612,470.329,470.329,57
M04,937,468.0266,468.0266,460.4504,462.967,462.967,99
M04,938,461.5796,461.5796,460.3397,461.5796,461.5796,234
M04,939,461.3359,462.0471,460.2298,460.8882,460.8882,2532
M04,940,461.2372,461.794,457.8435,460.2297,460.2297,52661
M04,941,456.463,459.5458,453.5646,453.591,453.591,20617
M04,942,456.5096,465.7165,456.245,464.3937,464.3937,3039
M04,943,466.0158,468.2206,464.4751,466.733,466.733,7347
M04,944,466.6767,467.8404,462.7095,467.1263,467.1263,1381
M04,945,465.7419,465.7419,461.703,464.5012,464.5012,300
M04,946,468.4078,469.3662,464.5205,468.7272,468.7272,193
M04,947,467.9695,467.9695,465.4204,466.7746,466.7746,1044
M04,948,466.4464,472.5524,465.7031,466.2606,466.2606,850
M04,949,468.6626,468.9827,467.4886,468.129,468.129,420
M04,950,462.8399,467.0934,462.2851,464.5307,464.5307,421
M04,951,463.8278,472.705,463.8278,472.4943,472.4943,499
M04,952,472.0709,474.0991,472.0182,473.2562,473.2562,1043
M04,953,472.1377,472.3745,464.7971,464.9549,464.9549,2628
M04,954,466.2578,468.5076,465.702,467.1048,467.1048,796
M04,955,469.1685,471.1216,466.5027,467.0834,467.0834,165
M04,956,469.3798,472.2893,469.2211,471.8925,471.8925,406
M04,957,471.5123,472.4913,471.2477,471.3006,471.3006,427
M04,958,473.9087,479.1593,473.0866,476.1362,476.1362,1645
M04,959,470.7786,474.6355,470.6999,473.8484,473.8484,411
M04,960,479.2673,479.2673,473.915,475.0013,475.0013,1082
M04,961,475.276,477.0269,475.276,476.9739,476.9739,1682
M04,962,475.0661,478.1883,475.0661,476.6801,476.6801,1437
M04,963,474.7886,475.8213,469.8901,472.1143,472.1143,1871
M04,964,473.6255,475.6392,473.4135,475.6392,475.6392,424
M04,965,473.7174,475.0402,472.9766,473.2411,473.2411,659
M04,966,468.4002,468.4002,466.7576,467.2344,467.2344,334
M04,967,470.3018,476.0197,470.1959,474.6432,474.6432,305
M04,968,474.9197,480.7937,474.9197,480.6085,480.6085,763
M04,969,482.8627,485.6265,482.8362,485.6265,485.6265,850
M04,970,484.3287,486.0792,482.8965,485.4161,485.4161,538
M04,971,483.2578,493.6334,483.0196,489.0279,489.0279,2402
M04,972,488.3703,491.6895,488.3703,490.8201,490.8201,944
M04,973,494.3921,496.2785,490.885,496.2785,496.2785,666
M04,974,496.2992,496.9381,496.2992,496.7251,496.7251,283
M04,975,492.009,492.009,492.009,492.009,492.009,3
M04,976,493.866,495.7485,493.866,495.7485,495.7485,6
M04,977,494.0746,494.0746,494.0746,494.0746,494.0746,30
M04,978,489.4841,489.4841,489.4841,489.4841,489.4841,65
M04,979,491.724,491.724,482.1383,482.2185,482.2185,46
M04,980,476.3316,476.3316,473.1481,473.1481,473.1481,862
M04,981,471.2953,471.2953,468.2462,468.9559,468.9559,610
M04,982,476.656,476.7358,475.1125,475.1125,475.1125,586073
M04,983,476.6987,478.6144,473.3464,474.1978,474.1978,84028
M04,984,474.0095,480.4398,469.9706,471.2727,471.2727,14712
M04,985,468.4778,472.622,467.8179,470.2727,470.2727,3617
M04,986,473.7304,473.7304,468.3305,468.3571,468.3571,4855
M04,987,467.056,471.7067,466.7917,470.8876,470.8876,2264
M04,988,471.2897,472.031,470.4955,470.5749,470.5749,1273
M04,989,471.825,473.575,469.916,472.6469,472.6469,1011
M04,990,472.9102,472.9102,470.0303,471.1928,471.1928,4302
M04,991,473.2021,473.2021,470.0978,470.8407,470.8407,1583
M04,992,471.9968,475.0835,470.7461,474.4183,474.4183,1672
M04,993,475.4834,476.2028,475.3235,475.9897,475.9897,725
M04,994,473.4349,473.4349,468.6661,469.037,469.037,1027
M04,995,469.759,472.7624,466.1708,468.4832,468.4832,909
M04,996,474.2621,478.8156,474.2621,478.4162,478.4162,70
M04,997,480.4927,482.8632,480.4394,480.4394,480.4394,1876
M04,998,479.1079,479.9078,477.828,478.2813,478.2813,684
M04,999,477.7119,479.0719,476.7786,476.7786,476.7786,1726
M04,1000,474.5945,479.6966,474.4617,478.7399,478.7399,1860
M04,1001,478.374,479.7514,476.9966,479.7514,479.7514,668
M04,1002,480.7959,481.3537,479.999,480.2912,480.2912,497
M04,1003,482.9171,484.5161,481.1847,482.4373,482.4373,466
M04,1004,483.2364,483.7456,480.0741,483.7456,483.7456,1912
M04,1005,479.3101,483.1143,477.7937,482.2364,482.2364,946
M04,1006,483.3562,484.0712,482.3763,483.9918,483.9918,267
M05,0,533.1304,535.546,532.8583,535.5302,535.5302,2900841859
M05,1,537.997,541.2914,537.9811,541.0302,541.0302,3359203336
M05,2,539.6265,541.607,539.5789,540.5552,540.5552,3572601037
M05,3,543.9583,546.3721,543.2792,546.3123,546.3123,3115107018
M05,4,546.0371,547.1998,545.0277,547.0405,547.0405,2983617301
M05,5,548.3217,549.9142,547.6661,548.3497,548.3497,3060930719
M05,6,545.8595,546.9032,543.9727,546.3923,546.3923,3129433040
M05,7,547.2101,550.1102,547.1724,550.1102,550.1102,3539259635
M05,8,549.1675,552.6705,549.0604,552.3513,552.3513,2989584295
M05,9,555.0236,556.725,549.0112,550.554,550.554,4126054837
M05,10,554.6089,558.9999,553.2925,558.1078,558.1078,3611737883
M05,11,557.0134,557.6952,555.0576,556.1448,556.1448,3530061402
M05,12,554.9177,556.4482,554.0227,556.4423,556.4423,3398691865
M05,13,558.7285,563.4762,558.5217,563.4642,563.4642,3333472633
M05,14,560.8104,562.2327,559.9282,561.6175,561.6175,3221551203
M05,15,562.799,564.2923,558.7225,561.2404,561.2404,3493089522
M05,16,564.9571,565.4176,561.9202,563.5697,563.5697,3415927861
M05,17,565.9016,570.9476,565.6433,570.9476,570.9476,3086647035
M05,18,573.4535,574.1315,570.3035,570.7135,570.7135,3108030657
M05,19,565.7917,566.7924,562.9016,563.7325,563.7325,3674746499
M05,20,564.3471,565.7119,560.4877,562.6336,562.6336,3966375069
M05,21,558.1886,562.0553,557.4454,559.2846,559.2846,3505556752
M05,22,559.0908,559.0908,549.3478,549.7777,549.7777,3730782853
M05,23,546.37,550.8209,525.8611,528.0079,528.0079,5519524977
M05,24,521.7442,538.9562,517.4122,537.7789,537.7789,5200887948
M05,25,536.2423,543.5598,534.3253,534.3911,534.3911,4300771567
M05,26,533.25,533.3016,512.506,512.5933,512.5933,5217396468
M05,27,517.9375,525.2812,504.1837,521.475,521.475,5647719086
M05,28,523.0669,530.1806,520.2301,526.8856,526.8856,3411075837
M05,29,523.6569,528.1232,521.8384,526.9557,526.9557,3107084787
M05,30,529.4366,539.5992,528.9693,538.9062,538.9062,3596705279
M05,31,543.1934,546.8068,538.4611,546.7447,546.7447,3592885545
M05,32,543.0609,548.4932,542.6567,544.0725,544.0725,3716721958
M05,33,542.019,544.9272,538.7884,540.6794,540.6794,3358747693
M05,34,543.9989,549.4418,540.1516,540.1597,540.1597,3402821465
M05,35,537.9001,542.036,535.3897,536.6181,536.6181,3765356798
M05,36,541.8989,548.276,541.4878,548.1843,548.1843,3029226764
M05,37,549.7413,554.3806,549.0255,554.1733,554.1733,3110060186
M05,38,550.3651,552.0872,543.1937,543.2056,543.2056,3409235741
M05,39,551.6314,553.1818,543.5706,543.6287,543.6287,4106587474
M05,40,538.144,541.2497,527.1303,530.7018,530.7018,4168800506
M05,41,529.9062,537.3519,527.6003,536.3554,536.3554,3416510587
M05,42,534.1974,543.5681,533.1394,542.1434,542.1434,3550737031
M05,43,542.7918,543.1696,539.0303,542.3823,542.3823,3103322187
M05,44,535.9655,540.0038,534.2965,539.2523,539.2523,3186258857
M05,45,543.8349,545.3673,541.8249,545.0727,545.0727,2925257216
M05,46,549.1824,555.8973,548.9091,555.8973,555.8973,3083269658
M05,47,554.8916,556.1721,552.6486,553.3962,553.3962,2974944758
M05,48,555.0485,556.9548,548.3636,549.6815,549.6815,3081441958
M05,49,551.9904,552.5973,546.0845,547.0994,547.0994,3176541255
M05,50,548.198,549.9415,545.6503,546.8167,546.8167,3535599463
M05,51,549.0818,551.3336,548.962,549.3693,549.3693,4954171263
M05,52,545.9092,545.9092,536.5916,540.2418,540.2418,3093293145
M05,53,537.796,539.6123,536.8056,538.1703,538.1703,3040939145
M05,54,539.86,544.6621,538.826,539.2515,539.2515,3288529137
M05,55,533.8951,534.752,524.022,524.4386,524.4386,3487061307
M05,56,526.8326,529.0142,514.7262,515.198,515.198,3851906640
M05,57,518.4679,526.7833,514.9961,526.2271,526.2271,3155563441
M05,58,527.7219,529.1483,513.5871,516.8512,516.8512,3554257005
M05,59,515.845,520.0625,512.2418,514.6004,514.6004,3594756413
M05,60,517.9653,526.8133,517.0361,523.2075,523.2075,3230988640
M05,61,524.5994,525.5656,508.7327,514.3263,514.3263,3366895823
M05,62,515.6966,521.0621,512.3782,520.1291,520.1291,3277800536
M05,63,512.5351,525.5903,510.4664,524.5648,524.5648,3003547131
M05,64,529.1759,532.1071,527.6266,530.2671,530.2671,3042978813
M05,65,527.5228,529.7279,515.6497,519.2784,519.2784,3156493767
M05,66,520.9487,528.1882,519.6768,520.1485,520.1485,2802312194
M05,67,524.7705,530.1487,524.2475,528.4422,528.4422,3193536013
M05,68,527.2759,530.7739,526.3506,526.9369,526.9369,2715183050
M05,69,530.0156,534.1877,530.0156,532.0447,532.0447,2832165222
M05,70,530.8621,531.5284,524.5459,526.7769,526.7769,2855900793
M05,71,530.0158,533.2692,529.0352,531.5522,531.5522,2570962945
M05,72,535.6189,539.7166,535.4817,538.3341,538.3341,2860701893
M05,73,539.7951,541.265,538.5043,539.5022,539.5022,3003799130
M05,74,540.1913,540.5273,536.3396,538.5854,538.5854,3048611894
M05,75,535.46,535.7344,529.1062,531.0014,531.0014,3240387860
M05,76,530.6987,532.1785,527.2452,529.6851,529.6851,2884982631
M05,77,537.1507,537.7017,524.4312,527.8856,527.8856,3311232720
M05,78,522.7507,524.8101,518.3365,523.6395,523.6395,3387587741
M05,79,527.5287,532.4684,526.6354,530.5705,530.5705,3129256754
M05,80,536.1973,536.5741,532.8985,535.083,535.083,3057718720
M05,81,536.139,536.2109,529.2496,529.2516,529.2516,3544522014
M05,82,522.3228,524.7556,518.8545,524.6628,524.6628,3197029613
M05,83,527.7481,529.0664,523.2664,524.0558,524.0558,3553091065
M05,84,521.1167,522.9132,514.482,521.4439,521.4439,3540052430
M05,85,520.381,530.2032,519.1642,528.7124,528.7124,3247168595
M05,86,531.9603,532.5577,528.8562,530.43,530.43,2904136381
M05,87,530.5247,531.7327,527.5326,530.8545,530.8545,2994324843
M05,88,530.6587,535.2458,529.8701,534.5563,534.5563,3707317258
M05,89,535.6768,539.8532,535.5817,539.2512,539.2512,3020243994
M05,90,539.8407,541.8552,538.7997,540.836,540.836,2609029098
M05,91,547.6348,548.3607,545.035,545.9669,545.9669,2581480162
M05,92,538.3901,538.3901,535.0867,536.976,536.976,2997817680
M05,93,540.5632,543.5803,540.4735,542.5241,542.5241,2924807633
M05,94,542.4446,544.8879,540.7793,542.5284,542.5284,3321838015
M05,95,538.5404,538.9665,536.9212,537.6723,537.6723,3017649275
M05,96,543.1877,543.9423,541.2635,542.7151,542.7151,2463404609
M05,97,545.0813,545.8576,541.8048,542.3144,542.3144,3141447651
M05,98,538.5663,542.4061,537.6852,542.3982,542.3982,3122305648
M05,99,544.5314,544.7368,539.8337,543.8974,543.8974,2975783271
M05,100,541.9434,542.6916,540.2302,541.4917,541.4917,2781863412
M05,101,536.5033,537.606,530.8906,533.4788,533.4788,3773912001
M05,102,538.8355,544.2011,538.8355,543.1383,543.1383,2912539662
M05,103,540.407,540.7089,536.3752,537.2869,537.2869,4101895223
M05,104,537.3486,540.9518,537.3486,540.4952,540.4952,3425995674
M05,105,545.7495,547.2405,545.5246,546.7847,546.7847,3241046757
M05,106,546.7287,547.5543,544.9484,546.7963,546.7963,3318215913
M05,107,548.4628,552.2756,547.5086,552.2677,552.2677,3366626674
M05,108,553.0422,554.0506,550.1163,552.1513,552.1513,3576063937
M05,109,552.7662,555.4742,552.3165,555.4022,555.4022,2912819338
M05,110,550.8677,552.8551,550.8657,551.2284,551.2284,2964778693
M05,111,552.6944,553.5277,551.3412,552.9424,552.9424,3325758230
M05,112,552.67,553.3698,550.0355,550.2297,550.2297,3690745358
M05,113,552.6276,553.7891,551.2992,552.4846,552.4846,3055967043
M05,114,548.5695,549.5629,545.3999,548.9408,548.9408,5170838344
M05,115,550.3281,552.1586,548.603,551.9119,551.9119,2957575088
M05,116,545.8413,548.4276,544.0919,547.9397,547.9397,3302351450
M05,117,550.9895,552.01,549.8317,550.5101,550.5101,2952229762
M05,118,548.8794,548.8794,543.9461,545.0105,545.0105,3306301040
M05,119,546.6876,547.3569,545.0816,545.5173,545.5173,4813830243
M05,120,543.2711,543.2711,534.503,538.1473,538.1473,3801190882
M05,121,538.1869,540.3201,536.8978,538.3727,538.3727,3148981053
M05,122,545.0731,548.5971,539.2656,539.3156,539.3156,3545314846
M05,123,534.9996,540.0846,533.6713,538.4927,538.4927,3163908224
M05,124,541.1164,544.317,539.3108,539.3783,539.3783,3180277630
M05,125,534.4852,538.8935,533.2996,538.7848,538.7848,2636760461
M05,126,542.2717,542.9284,537.8852,538.2939,538.2939,1686488913
M05,127,540.2855,542.9907,538.6652,542.7488,542.7488,2650347925
M05,128,540.1742,545.4483,539.3534,544.5427,544.5427,2543522239
M05,129,549.2967,551.0837,548.329,550.9888,550.9888,2793327717
M05,130,554.1648,555.5598,553.7037,555.2141,555.2141,3002123629
M05,131,548.0999,549.3006,546.3155,546.9563,546.9563,2800150724
M05,132,551.381,554.5667,551.0621,554.3825,554.3825,2669327814
M05,133,552.6883,554.1901,551.6528,553.5538,553.5538,2401831797
M05,134,554.7553,555.5148,553.9679,554.9674,554.9674,2442841938
M05,135,557.1037,562.0669,557.0837,561.1402,561.1402,2821398791
M05,136,556.9431,558.0148,555.8614,557.789,557.789,2727126785
M05,137,557.0581,557.5895,555.1545,556.0904,556.0904,2762046594
M05,138,556.857,557.8795,555.9555,556.3169,556.3169,2965320528
M05,139,553.725,555.5925,552.9278,555.27,555.27,2342856504
M05,140,562.4643,564.3208,560.558,562.4084,562.4084,3002700288
M05,141,562.6314,568.6816,562.6314,568.2902,568.2902,3065851093
M05,142,562.9744,564.9757,562.9287,563.3615,563.3615,3191570543
M05,143,564.0336,564.1963,557.2847,559.3644,559.3644,3206230931
M05,144,556.746,557.2872,552.6203,553.5071,553.5071,2885001477
M05,145,554.0765,556.9813,553.7472,555.3701,555.3701,3513399916
M05,146,557.8047,558.7261,554.7757,556.2606,556.2606,3231254224
M05,147,550.8985,556.6878,550.0841,556.1586,556.1586,3018546451
M05,148,558.2379,560.3606,557.794,560.3548,560.3548,2817364215
M05,149,559.6787,562.2404,558.8294,561.6709,561.6709,2727193022
M05,150,565.8373,567.3253,565.8373,566.3386,566.3386,2841481121
M05,151,566.7106,567.8314,565.9766,566.8911,566.8911,2884040786
M05,152,566.3378,567.3863,565.3051,565.6222,565.6222,2911600910
M05,153,560.5751,561.2267,557.9904,559.4654,559.4654,2924120953
M05,154,557.9255,559.4879,554.8599,555.2633,555.2633,2863150588
M05,155,559.8192,562.8342,559.5619,562.2106,562.2106,2808247330
M05,156,555.0681,555.0681,550.0709,553.1878,553.1878,3518352022
M05,157,560.4143,564.1848,560.4143,562.2451,562.2451,2961257108
M05,158,560.5114,563.9298,559.605,562.8436,562.8436,2796374104
M05,159,565.2864,566.4412,564.6308,565.9044,565.9044,2309658558
M05,160,564.3901,566.7017,564.3526,564.6761,564.6761,2827905116
M05,161,562.7793,564.0677,561.8076,562.9426,562.9426,2466632347
M05,162,568.2272,569.9138,566.9835,567.5696,567.5696,2625213660
M05,163,565.1835,567.9103,565.1835,567.62,567.62,2280785567
M05,164,569.5155,572.1926,569.5155,571.8945,571.8945,2457036465
M05,165,576.2069,576.6676,574.628,575.4264,575.4264,2749736503
M05,166,573.6764,576.8171,573.2373,576.3306,576.3306,2598209382
M05,167,574.3858,575.0808,571.6767,572.8436,572.8436,2639563352
M05,168,573.5179,575.091,572.204,574.1412,574.1412,2704709631
M05,169,574.5935,575.2321,572.247,574.5459,574.5459,2787731360
M05,170,569.8713,570.3876,566.9801,569.282,569.282,3075671437
M05,171,575.3426,576.0219,571.0903,573.2334,573.2334,2905643169
M05,172,564.9188,567.9814,564.1034,565.5923,565.5923,2599216835
M05,173,569.9803,571.0762,568.9022,569.1376,569.1376,2393597460
M05,174,565.982,570.1112,565.0379,569.1986,569.1986,2454638575
M05,175,571.9165,573.1758,570.1165,572.0412,572.0412,2924282358
M05,176,570.4407,572.3922,570.3501,571.8841,571.8841,2812374476
M05,177,569.2222,569.5983,567.1443,568.9481,568.9481,2724673687
M05,178,574.4414,574.6036,570.9458,571.4681,571.4681,2600281509
M05,179,569.4675,573.4921,569.4064,572.1408,572.1408,2900029417
M05,180,572.0787,573.2124,571.5315,572.3444,572.3444,2768351259
M05,181,576.3161,579.2907,576.3161,578.4913,578.4913,3068396704
M05,182,580.5892,581.4096,578.6814,579.1875,579.1875,4817313775
M05,183,580.3622,580.7515,578.5348,579.8736,579.8736,3115625259
M05,184,578.248,578.6834,576.6548,577.023,577.023,2899324860
M05,185,575.1601,577.9541,572.4588,572.9892,572.9892,3261583823
M05,186,566.4925,569.5219,566.0295,566.9498,566.9498,2759834433
M05,187,573.542,575.6114,573.0433,574.3205,574.3205,3109503025
M05,188,576.7426,578.8653,575.091,576.4076,576.4076,3042259650
M05,189,572.7721,574.2648,571.9042,572.6996,572.6996,3231825267
M05,190,582.5641,584.1876,580.5114,581.336,581.336,3242276661
M05,191,574.9934,575.078,568.0151,571.4993,571.4993,3537662329
M05,192,571.0393,572.4362,564.4978,567.7007,567.7007,3265776341
M05,193,566.7382,569.0859,563.6953,568.0972,568.0972,2985366350
M05,194,565.8889,568.3076,564.2713,565.4629,565.4629,2867949793
M05,195,568.3776,568.4013,550.768,550.9301,550.9301,3944356211
M05,196,545.4925,549.0815,532.4566,535.9651,535.9651,4637650004
M05,197,543.903,544.9297,535.8343,543.2335,543.2335,3743622039
M05,198,543.674,546.0659,540.7626,541.1088,541.1088,3003754795
M05,199,547.1752,556.3526,547.1474,555.6525,555.6525,3047249250
M05,200,551.3137,552.347,545.4587,550.8313,550.8313,3000358109
M05,201,552.2532,553.0495,543.0253,545.7058,545.7058,3595058320
M05,202,548.0448,552.4104,545.0061,546.4889,546.4889,3308056883
M05,203,552.8969,553.8935,547.9698,549.2972,549.2972,3075443523
M05,204,535.0143,541.4163,529.1942,538.8798,538.8798,4515034132
M05,205,542.9127,543.8486,525.863,526.6979,526.6979,4358710088
M05,206,526.8771,536.2963,525.4904,532.9222,532.9222,4092393813
M05,207,526.7326,531.5737,518.8944,524.9221,524.9221,4384911568
M05,208,524.9713,529.7071,509.4902,516.8697,516.8697,4007090063
M05,209,519.1605,527.9584,518.1107,527.4079,527.4079,4604295337
M05,210,536.7743,542.9424,536.7743,537.9925,537.9925,4810400791
M05,211,533.1402,537.8662,531.4275,537.6112,537.6112,4496944969
M05,212,542.0164,544.2078,533.1304,537.5961,537.5961,3792530573
M05,213,537.4809,541.0097,535.8189,539.8347,539.8347,3272644918
M05,214,544.0979,547.7578,543.8356,547.4856,547.4856,2889235790
M05,215,545.6555,553.7239,545.6555,553.4761,553.4761,3517121651
M05,216,551.6574,553.3027,549.4185,551.7459,551.7459,3240435695
M05,217,549.8662,549.8662,543.9899,547.2902,547.2902,3966336952
M05,218,549.2077,549.6156,538.9262,539.7617,539.7617,3080787553
M05,219,539.7487,544.6024,536.7693,538.1928,538.1928,3962395120
M05,220,540.9131,542.6714,530.6101,533.7375,533.7375,3805676148
M05,221,531.9908,540.2585,527.4936,539.2354,539.2354,3487269788
M05,222,537.0052,542.5776,535.7449,540.5075,540.5075,3522743433
M05,223,545.3503,545.8336,535.4349,537.36,537.36,3349105400
M05,224,528.9336,531.8905,524.3349,526.4011,526.4011,4090169101
M05,225,523.122,525.6788,521.5631,521.5847,521.5847,3174846729
M05,226,516.1773,518.9587,515.7323,516.0204,516.0204,1560201329
M05,227,520.97,525.763,520.97,525.5861,525.5861,3108373521
M05,228,524.6072,528.3058,523.0592,528.2348,528.2348,2981400034
M05,229,531.4254,541.8014,530.0295,541.76,541.76,3313486217
M05,230,539.1467,542.4521,536.3829,539.3102,539.3102,3177119320
M05,231,539.8717,544.4308,538.8857,544.2908,544.2908,4689167619
M05,232,551.7461,553.6601,548.3611,551.7204,551.7204,3549728685
M05,233,547.519,548.2077,530.7437,531.3105,531.3105,4184137229
M05,234,525.1295,531.5647,516.8529,531.5253,531.5253,4909789582
M05,235,529.9256,533.3281,516.5123,518.4696,518.4696,3760869670
M05,236,522.4277,525.734,512.9694,523.7899,523.7899,3914800974
M05,237,526.1917,528.1488,517.6721,520.7292,520.7292,3880308039
M05,238,526.6114,532.0018,525.0325,525.193,525.193,3738308063
M05,239,523.7766,526.0402,519.5548,522.1691,522.1691,3531196943
M05,240,518.3996,519.4622,511.3343,512.5388,512.5388,3738211892
M05,241,508.0602,510.0957,496.2527,499.2727,499.2727,4147522940
M05,242,504.8582,507.6371,498.707,502.1485,502.1485,4393596931
M05,243,503.178,510.7324,491.7021,495.2581,495.2581,4528476701
M05,244,492.7681,495.3061,481.7967,486.9755,486.9755,5128691879
M05,245,485.4181,493.1029,474.2286,475.8176,475.8176,7451744348
M05,246,470.2554,472.1713,460.5665,460.5665,460.5665,2102296728
M05,247,466.1573,486.7989,462.8945,486.7871,486.7871,3743740062
M05,248,481.5658,490.7535,472.7803,490.7003,490.7003,3971467312
M05,249,494.1436,498.3953,489.0257,491.5668,491.5668,3249223604
M05,250,493.0585,495.0908,489.8779,494.6192,494.6192,3123217204
M05,251,489.4831,497.8877,487.6077,496.0182,496.0182,3472116390
M05,252,493.3048,493.5463,483.8106,484.5885,484.5885,3502000776
M05,253,486.9349,499.4786,486.9349,498.2722,498.2722,3911568773
M05,254,501.8093,507.8553,499.6225,504.5958,504.5958,3765789271
M05,255,506.9516,509.2632,502.895,508.1952,508.1952,3747793233
M05,256,507.6616,510.6761,505.4755,508.6375,508.6375,3227746580
M05,257,510.2519,515.0719,507.9738,514.8379,514.8379,3230274817
M05,258,512.12,513.7346,510.0007,513.7326,513.7326,2797041604
M05,259,508.8404,510.6172,506.8881,509.294,509.294,3651900993
M05,260,512.4184,517.9646,512.4184,517.4136,517.4136,3250785956
M05,261,516.8283,519.0045,516.4191,517.0951,517.0951,3872300263
M05,262,513.4834,520.5246,512.9088,518.7338,518.7338,3459418517
M05,263,523.7371,528.5177,523.0082,527.5773,527.5773,4077058974
M05,264,523.5444,523.5444,515.5452,518.6239,518.6239,3431868236
M05,265,519.6121,521.5208,513.5934,518.6725,518.6725,3261174306
M05,266,519.3329,520.9782,517.0047,520.0197,520.0197,2931838498
M05,267,525.9531,528.91,525.9313,527.4018,527.4018,3375124929
M05,268,521.4543,521.4543,517.332,521.2336,521.2336,3480170410
M05,269,520.9374,522.127,518.2115,519.9743,519.9743,3259864473
M05,270,524.4482,531.725,523.4046,529.8693,529.8693,3730964015
M05,271,529.2874,533.9112,527.9393,532.9553,532.9553,4592503942
M05,272,534.0632,536.8972,532.9881,534.8952,534.8952,3498801410
M05,273,535.0909,538.7484,533.5606,538.7247,538.7247,3220661768
M05,274,540.4313,542.5389,539.5776,542.2853,542.2853,3456900662
M05,275,538.6885,539.2853,536.5416,538.011,538.011,2803263696
M05,276,539.6597,540.0151,533.6485,537.3799,537.3799,3659040428
M05,277,528.4075,531.4908,526.3409,531.4534,531.4534,3464185279
M05,278,536.6578,537.7757,534.9543,536.1434,536.1434,3138492196
M05,279,540.3149,545.3913,540.3149,544.7047,544.7047,3516151483
M05,280,544.7446,547.0323,544.4138,545.2853,545.2853,3439496532
M05,281,544.833,547.6927,542.3963,545.2758,545.2758,3479838814
M05,282,545.7881,548.8371,545.7881,548.8253,548.8253,3058280007
M05,283,545.0274,548.5798,544.6357,547.09,547.09,3232031369
M05,284,550.6871,552.8331,549.6983,551.8067,551.8067,3564885054
M05,285,547.456,547.7198,544.3665,546.4005,546.4005,2901132966
M05,286,550.758,553.4379,550.4491,553.1348,553.1348,3165412591
M05,287,556.1769,557.9896,554.3205,554.5427,554.5427,3563366983
M05,288,551.9821,554.1091,551.4108,552.2865,552.2865,3400068001
M05,289,554.221,555.8632,551.7615,555.1912,555.1912,3350304036
M05,290,552.0804,553.1932,550.9715,551.3636,551.3636,3767811999
M05,291,555.4441,557.3894,553.2924,556.5299,556.5299,3446459245
M05,292,558.7586,559.2569,549.4849,554.4781,554.4781,3734404254
M05,293,555.1333,555.5366,552.8606,554.1877,554.1877,3351367950
M05,294,551.7487,551.7487,547.4814,548.0272,548.0272,3468502756
M05,295,548.1257,548.2684,542.6891,544.6387,544.6387,3485453596
M05,296,545.0658,547.7284,543.3652,547.5169,547.5169,3131151477
M05,297,546.2784,553.5134,546.2784,553.3743,553.3743,3079984493
M05,298,553.9584,556.1406,553.8372,554.7891,554.7891,2830747271
M05,299,554.8546,559.1075,554.8546,557.0623,557.0623,3431795388
M05,300,556.3915,557.3062,555.0216,556.0154,556.0154,3403619025
M05,301,560.2256,564.1999,560.2256,562.5556,562.5556,5458827994
M05,302,558.7678,561.3017,558.6451,560.8127,560.8127,3100916363
M05,303,564.7875,567.1057,561.3103,563.1593,563.1593,3354075806
M05,304,558.8612,561.2693,555.1287,557.4578,557.4578,3547713372
M05,305,557.3987,565.4225,556.9361,564.3491,564.3491,3432153730
M05,306,568.0709,568.3984,559.2738,559.3218,559.3218,4014102351
M05,307,553.0614,555.7871,550.8875,553.5262,553.5262,2879319959
M05,308,558.4016,561.8183,556.6803,559.5531,559.5531,2934446115
M05,309,559.7273,560.8866,553.3752,556.8788,556.8788,2867872907
M05,310,556.1257,558.1666,554.0215,557.3214,557.3214,2996574463
M05,311,556.45,557.9768,554.6714,557.656,557.656,3453807923
M05,312,565.7398,569.8647,565.7398,569.4258,569.4258,3239962149
M05,313,568.0675,568.9904,566.188,567.8694,567.8694,2891097798
M05,314,569.0053,570.8175,566.8448,568.473,568.473,3134970149
M05,315,567.1256,568.5642,565.7739,568.1912,568.1912,2983949839
M05,316,572.2899,574.0916,572.0577,573.9924,573.9924,2991604970
M05,317,570.5737,572.0532,569.0566,572.0177,572.0177,3075836574
M05,318,573.5943,573.6538,570.9613,571.929,571.929,2695735676
M05,319,570.1524,571.8027,569.7092,571.5059,571.5059,2615656467
M05,320,571.0226,571.3188,569.0619,570.3118,570.3118,2882687190
M05,321,576.095,578.0173,575.6005,577.3957,577.3957,3353122205
M05,322,577.6611,577.9154,575.3094,577.1169,577.1169,2892479577
M05,323,578.4268,579.1816,576.1328,577.394,577.394,3330474031
M05,324,579.5963,579.9858,575.5038,576.4976,576.4976,3187638936
M05,325,575.6683,576.3797,573.1098,575.7119,575.7119,3377691553
M05,326,572.1189,574.2367,571.6393,573.9327,573.9327,2768798100
M05,327,574.1074,579.3001,573.8194,578.7812,578.7812,3403479841
M05,328,577.5498,578.1069,575.9849,576.2211,576.2211,3217196579
M05,329,584.1184,584.9381,580.8977,583.556,583.556,3197324481
M05,330,577.4002,580.1768,575.7721,580.1768,580.1768,3065045018
M05,331,581.6206,583.3889,581.3773,582.1052,582.1052,2879545273
M05,332,580.9248,583.1163,578.3477,582.6436,582.6436,3836115297
M05,333,585.2552,585.6119,579.5123,579.5856,579.5856,3484936361
M05,334,579.055,580.9415,574.7629,578.1356,578.1356,3544078890
M05,335,581.4725,585.1727,581.4725,584.734,584.734,2952265790
M05,336,574.0091,579.6192,571.9017,578.6622,578.6622,3029751769
M05,337,577.8852,577.8852,567.8809,572.1361,572.1361,3565150006
M05,338,567.7263,571.3441,566.4783,567.6888,567.6888,3361685842
M05,339,565.169,568.3566,560.5367,567.3191,567.3191,3398322255
M05,340,568.1716,573.7698,560.6881,571.8031,571.8031,3483039509
M05,341,562.3982,562.3982,554.7231,556.7904,556.7904,3433155669
M05,342,558.6532,565.0754,558.6532,561.4839,561.4839,2900964949
M05,343,557.3214,564.8896,556.2741,563.3641,563.3641,2910814670
M05,344,564.3614,571.5448,564.3614,568.4165,568.4165,2896421092
M05,345,565.2881,570.6035,564.4239,565.4719,565.4719,3075797808
M05,346,564.6578,567.0262,562.5418,564.3181,564.3181,2920775176
M05,347,563.2346,566.1671,563.2346,565.2752,565.2752,2900710519
M05,348,563.9303,565.7883,562.953,563.9718,563.9718,2978462739
M05,349,562.6862,562.6862,556.4954,559.8179,559.8179,3693287385
M05,350,561.5247,563.2991,559.1021,560.2658,560.2658,2482126482
M05,351,561.4264,563.5055,555.7825,555.9431,555.9431,3617591527
M05,352,557.6492,558.0049,552.8147,556.2042,556.2042,3331214943
M05,353,551.0527,553.4373,549.0359,551.4324,551.4324,2938969996
M05,354,546.7329,547.2923,543.6437,543.9481,543.9481,3294593784
M05,355,545.3309,547.618,540.8279,543.9276,543.9276,3755729256
M05,356,551.1673,559.5167,551.1673,559.2733,559.2733,3463183112
M05,357,563.7509,565.5893,560.3161,565.3632,565.3632,3436000178
M05,358,561.4354,566.1178,560.2325,564.4088,564.4088,3312172131
M05,359,566.1966,572.5673,566.1966,570.2592,570.2592,3062985577
M05,360,571.2195,574.9685,571.1562,571.3977,571.3977,2804014366
M05,361,576.1213,577.5778,571.2119,572.6387,572.6387,3285702209
M05,362,572.9214,574.0821,571.3215,572.3471,572.3471,2939686122
M05,363,570.4134,572.192,569.5734,571.4805,571.4805,2822676922
M05,364,575.8498,577.3717,574.4135,575.8817,575.8817,2569777754
M05,365,575.987,577.4859,575.4987,575.9711,575.9711,2710796187
M05,366,577.8658,582.653,577.6133,580.0606,580.0606,3046138216
M05,367,580.7672,582.9924,578.9536,581.9424,581.9424,2928642191
M05,368,585.9338,587.6144,582.3383,586.8436,586.8436,4087770386
M05,369,587.8924,590.1701,586.7297,587.4444,587.4444,4309602378
M05,370,581.8382,582.5282,580.3853,580.6416,580.6416,2870209507
M05,371,588.3856,588.5334,582.4394,582.713,582.713,3506970492
M05,372,578.4805,579.7695,575.8945,576.0507,576.0507,3361017012
M05,373,578.2286,580.1378,578.0128,579.2704,579.2704,2720514860
M05,374,584.6652,586.866,583.8898,586.4234,586.4234,4580177899
M05,375,591.5203,592.8182,587.7001,590.1109,590.1109,2981614997
M05,376,589.2882,590.9877,587.551,590.948,590.948,2940148861
M05,377,595.1847,598.7341,595.1607,598.7301,598.7301,1740379199
M05,378,595.385,597.3362,592.137,596.614,596.614,2174139728
M05,379,593.2278,593.4248,591.3006,592.4672,592.4672,2907304443
M05,380,588.4757,591.7261,588.0629,591.2757,591.2757,2754810345
M05,381,594.7069,597.4285,593.7758,595.4569,595.4569,2873603385
M05,382,593.8777,594.4142,591.7355,593.9351,593.9351,2796376562
M05,383,598.3126,600.4163,598.0158,600.3864,600.3864,2628200432
M05,384,601.481,601.481,599.6813,600.7835,600.7835,2580607866
M05,385,598.9831,599.5578,596.7996,597.3743,597.3743,2957721465
M05,386,591.8132,591.8447,587.7071,587.7406,587.7406,2868835836
M05,387,592.9467,596.8102,591.7962,596.1793,596.1793,3090556094
M05,388,595.2429,595.5916,589.616,589.7646,589.7646,2866926371
M05,389,593.5204,595.2679,592.4694,594.1374,594.1374,2983339053
M05,390,590.9202,593.1223,589.7008,593.0375,593.0375,3277800304
M05,391,592.1904,596.3019,591.8053,596.296,596.296,3548195629
M05,392,599.2455,599.2554,595.4667,596.7442,596.7442,3310814596
M05,393,597.8835,600.8062,597.7526,600.3856,600.3856,3028128116
M05,394,599.0459,599.2717,597.0315,598.3526,598.3526,2636274683
M05,395,595.3822,597.2688,594.052,596.475,596.475,3325450586
M05,396,599.7519,599.9865,588.1912,592.6254,592.6254,3961649801
M05,397,592.0035,598.6122,585.0333,586.6879,586.6879,4581024308
M05,398,584.0462,584.3637,578.1362,581.6953,581.6953,3563739220
M05,399,570.3772,570.3772,555.4293,559.8812,559.8812,3990704317
M05,400,566.4338,571.0307,563.7097,570.5101,570.5101,3853692145
M05,401,563.5851,570.1936,557.0909,568.5789,568.5789,4517865913
M05,402,573.8442,582.2669,573.4994,582.1421,582.1421,3644376611
M05,403,580.0968,581.134,574.087,577.7491,577.7491,3100844764
M05,404,574.5816,574.6824,567.8753,569.7648,569.7648,3063023606
M05,405,570.6783,583.0775,569.9513,579.7118,579.7118,3309588528
M05,406,574.7072,574.7072,563.8829,564.0735,564.0735,3816640334
M05,407,565.4332,567.5132,561.3229,565.7114,565.7114,4002013241
M05,408,569.0087,574.747,569.0087,573.7638,573.7638,3121123072
M05,409,580.7262,584.2183,580.7262,582.7533,582.7533,2728826606
M05,410,578.2892,579.2044,574.4438,574.6241,574.6241,2752495153
M05,411,578.0955,579.4191,577.2784,578.5684,578.5684,2793038635
M05,412,580.9353,582.5488,575.6967,579.3516,579.3516,2708915116
M05,413,578.31,581.4766,563.192,565.6038,565.6038,3876469955
M05,414,570.2569,572.7574,568.1284,572.5803,572.5803,2890243989
M05,415,571.9882,573.1052,565.5529,567.2472,567.2472,3300329245
M05,416,565.4506,571.1322,563.8242,570.7192,570.7192,3134587436
M05,417,575.6713,579.653,574.7416,578.4821,578.4821,2920681200
M05,418,582.5822,583.2447,577.8674,580.4737,580.4737,2769201755
M05,419,575.0043,576.0677,571.6125,574.4627,574.4627,3017520229
M05,420,579.0345,581.8399,578.4782,581.6301,581.6301,2811330474
M05,421,587.9578,592.9743,587.9578,591.0162,591.0162,3634085690
M05,422,592.7005,593.6352,591.1453,592.3783,592.3783,3072083243
M05,423,591.8697,592.0677,588.0987,589.8892,589.8892,3769409376
M05,424,586.6071,588.2617,583.8429,588.2617,588.2617,4088243805
M05,425,589.1586,593.016,587.9532,593.016,593.016,3451847133
M05,426,597.4423,599.7573,595.8221,597.5396,597.5396,3384766849
M05,427,596.9063,597.9209,595.0613,595.9511,595.9511,3483271097
M05,428,596.561,597.7117,595.4182,596.8696,596.8696,4020938573
M05,429,591.5168,593.598,591.1337,593.4973,593.4973,3338981178
M05,430,594.1702,595.4233,589.631,595.2055,595.2055,2981238841
M05,431,591.2767,593.561,589.8625,590.5755,590.5755,3018109947
M05,432,595.6088,597.1828,590.9088,592.3719,592.3719,5492907546
M05,433,591.4941,594.5968,591.2423,593.1357,593.1357,2997282829
M05,434,596.9616,598.0651,588.0741,589.8377,589.8377,3735018839
M05,435,587.5449,591.7946,584.4789,590.8148,590.8148,2667762645
M05,436,592.5994,592.907,588.2289,590.9898,590.9898,2714362991
M05,437,593.3543,593.72,585.4163,588.648,588.648,2934769084
M05,438,588.5455,591.8739,588.5455,590.4636,590.4636,2933218813
M05,439,592.5083,594.2638,583.5741,583.8819,583.8819,3396872448
M05,440,582.9204,582.9204,572.9851,575.5123,575.5123,3435477298
M05,441,568.5709,573.645,562.7697,573.5464,573.5464,3158359244
M05,442,577.9804,584.9473,577.9804,584.6047,584.6047,2760359660
M05,443,585.0393,588.1232,583.3403,583.9583,583.9583,2627451715
M05,444,576.7541,577.7554,571.2757,571.3548,571.3548,2882997807
M05,445,575.0746,578.6738,574.3456,576.7142,576.7142,2795277606
M05,446,580.1033,586.0483,579.8191,583.9951,583.9951,3008517231
M05,447,588.1321,594.1284,588.1321,589.5612,589.5612,3305814227
M05,448,584.1386,585.5232,583.5733,584.2055,584.2055,2379570461
M05,449,590.3836,596.2743,590.3836,594.7653,594.7653,3270994663
M05,450,592.5709,594.1288,591.6829,592.5729,592.5729,2853521644
M05,451,593.382,594.8691,591.6063,592.8244,592.8244,2770558580
M05,452,593.9773,594.6036,589.9083,591.8685,591.8685,3064491837
M05,453,595.3266,597.4823,595.1022,597.3611,597.3611,3054357087
M05,454,595.5724,596.332,592.4686,592.6565,592.6565,3062032298
M05,455,594.2436,596.3812,593.6878,596.3296,596.3296,3142518804
M05,456,592.7412,592.9948,589.9178,591.8584,591.8584,3186508033
M05,457,594.1447,598.9065,593.8717,597.949,597.949,3091643592
M05,458,600.9469,603.3173,600.9469,602.3937,602.3937,3203815446
M05,459,602.2237,604.6998,602.1087,602.5213,602.5213,3331060574
M05,460,603.3032,605.3594,600.5683,604.6985,604.6985,3225209281
M05,461,603.7437,603.7437,599.0456,601.893,601.893,3805179423
M05,462,600.5427,603.7376,600.5427,603.7297,603.7297,3749881701
M05,463,607.2808,608.5115,606.4741,607.1447,607.1447,3997129799
M05,464,610.4339,611.0581,608.72,609.2094,609.2094,3758388072
M05,465,610.7184,611.3618,608.8892,611.052,611.052,3793450523
M05,466,612.8191,614.9532,611.4712,612.4539,612.4539,3490895920
M05,467,609.1051,611.4457,607.5889,611.4437,611.4437,3196790459
M05,468,609.0658,610.6476,608.1741,610.3866,610.3866,2837457515
M05,469,612.7858,615.4299,611.8832,613.2936,613.2936,2963856849
M05,470,614.0536,616.8171,612.9825,616.0167,616.0167,3393925483
M05,471,612.9015,614.3788,611.4162,614.0675,614.0675,2906847036
M05,472,615.3653,617.8482,614.708,617.8482,617.8482,3145680087
M05,473,613.1035,614.3344,611.9532,613.9136,613.9136,2997317308
M05,474,621.302,621.3397,618.5247,619.8577,619.8577,3524663884
M05,475,619.3277,620.1847,614.7046,618.0949,618.0949,3843464448
M05,476,613.8947,614.2147,611.1417,612.9171,612.9171,3199614882
M05,477,617.8408,618.1307,615.4281,617.6184,617.6184,2985710007
M05,478,617.744,620.9918,617.744,620.9541,620.9541,3327291063
M05,479,621.843,623.3982,621.0793,622.9677,622.9677,4536606635
M05,480,622.7133,624.4495,622.3015,624.3247,624.3247,2561403611
M05,481,619.798,620.4125,618.2541,618.577,618.577,1736436438
M05,482,620.9309,621.0218,614.3994,615.0097,615.0097,2750014682
M05,483,609.5962,611.0889,606.2238,610.7394,610.7394,3482596420
M05,484,616.0087,619.1607,615.8162,617.8467,617.8467,3374116080
M05,485,621.7356,621.7834,618.656,621.3808,621.3808,3257229438
M05,486,619.5533,622.7117,619.5533,621.7847,621.7847,3328162826
M05,487,620.997,622.3825,619.732,619.8308,619.8308,3135504764
M05,488,617.7267,619.0586,615.9004,617.1672,617.1672,3259094793
M05,489,620.5116,622.1402,620.009,621.6752,621.6752,2786496256
M05,490,619.7408,626.6559,619.1963,625.1348,625.1348,3660871325
M05,491,628.8026,631.9857,626.7891,629.2295,629.2295,3219163028
M05,492,629.6963,632.4813,629.6963,631.2431,631.2431,3617165413
M05,493,636.1486,636.71,635.2786,635.5752,635.5752,3520862084
M05,494,633.4772,634.1255,632.6702,632.6702,632.6702,3851337163
M05,495,631.018,633.6193,631.018,633.5976,633.5976,3418776254
M05,496,635.3503,635.8076,633.9114,634.9344,634.9344,6171187766
M05,497,638.0883,638.4304,637.3465,637.6848,637.6848,2825298418
M05,498,636.1436,636.3369,635.1693,635.7353,635.7353,1242433806
M05,499,640.065,642.6196,640.065,642.5859,642.5859,1870686334
M05,500,639.6904,639.8283,637.1571,638.2701,638.2701,2283524297
M05,501,637.986,638.1494,633.3548,634.2842,634.2842,2841755528
M05,502,634.1989,637.4614,633.5775,637.276,637.276,2845036119
M05,503,645.4933,648.173,643.675,648.1154,648.1154,3018771227
M05,504,638.3807,642.2964,637.5853,640.0606,640.0606,3366111956
M05,505,637.6506,643.4553,637.0739,643.3443,643.3443,3445488559
M05,506,642.3216,642.9258,640.4531,641.3943,641.3943,3160594508
M05,507,637.6454,643.2528,637.2673,640.4924,640.4924,3461751306
M05,508,645.5162,647.4037,645.0497,647.2298,647.2298,3183482846
M05,509,652.8863,653.121,648.7185,649.6117,649.6117,2703866374
M05,510,647.9717,651.3392,647.4369,651.3392,651.3392,3232479650
M05,511,651.7991,653.5648,650.1802,651.3626,651.3626,3293694983
M05,512,652.2041,655.4608,651.8901,653.599,653.599,3454331536
M05,513,654.0735,656.8736,654.0438,656.8142,656.8142,3197974975
M05,514,658.836,660.069,657.8846,660.0175,660.0175,3413456014
M05,515,659.2749,661.0139,658.3975,659.2273,659.2273,3871133020
M05,516,660.0087,661.5448,658.0307,658.3696,658.3696,3218963447
M05,517,658.2581,660.4637,655.4986,660.1977,660.1977,3413745009
M05,518,659.3053,659.3211,649.1044,651.8618,651.8618,3313032561
M05,519,643.0941,645.4093,640.5868,642.3949,642.3949,3738985884
M05,520,642.7478,648.756,642.3272,646.8724,646.8724,3540479651
M05,521,647.2489,648.0379,643.7917,644.0888,644.0888,3418609986
M05,522,644.4632,650.2934,641.7618,649.8481,649.8481,3469775560
M05,523,650.9273,650.9273,637.5114,639.6611,639.6611,4039713503
M05,524,641.8283,648.3306,641.8283,644.4585,644.4585,3415683384
M05,525,650.752,655.9709,650.752,654.1202,654.1202,3665392212
M05,526,662.3958,664.9199,660.1725,664.3442,664.3442,3996632023
M05,527,663.2347,663.8375,661.1468,663.4052,663.4052,3816516594
M05,528,661.9275,663.0943,659.2643,660.3736,660.3736,3577917212
M05,529,656.9816,663.7093,656.8806,663.6756,663.6756,3065306225
M05,530,665.219,667.1479,662.62,663.6141,663.6141,3169112566
M05,531,668.3603,670.5356,668.2056,670.1351,670.1351,3706719942
M05,532,666.4463,670.246,665.3811,668.0382,668.0382,3268664003
M05,533,668.2192,668.7354,665.8593,668.6306,668.6306,2991829417
M05,534,663.9505,665.127,661.3038,664.1969,664.1969,3333567252
M05,535,667.6893,670.2827,667.3812,668.827,668.827,3294902347
M05,536,668.0394,669.7586,660.2473,666.6126,666.6126,3737204995
M05,537,665.2226,665.2741,658.8782,660.7192,660.7192,3542447401
M05,538,645.0827,645.5184,636.5756,638.8014,638.8014,4588889366
M05,539,639.4514,641.0407,615.7268,617.5905,617.5905,5157812689
M05,540,619.507,627.914,613.4084,614.8684,614.8684,4976218398
M05,541,605.2319,612.0559,588.4042,588.675,588.675,6305846004
M05,542,576.5676,585.0317,564.4983,583.9445,583.9445,7615759461
M05,543,589.1146,612.2253,583.3527,612.0807,612.0807,5990656359
M05,544,611.7288,619.6825,588.0555,593.3382,593.3382,6266187303
M05,545,602.4284,619.2843,600.1795,619.1162,619.1162,4616572310
M05,546,608.7882,610.2411,593.771,598.5431,598.5431,5437079750
M05,547,588.1522,594.4693,577.6681,591.7697,591.7697,6889316149
M05,548,568.7916,568.7916,543.0798,545.489,545.489,7706356113
M05,549,553.807,567.4107,538.1621,567.3398,567.3398,6738429576
M05,550,560.2422,560.2422,536.7706,543.5436,543.5436,6728650278
M05,551,518.1308,524.0568,488.1954,488.5459,488.5459,7744809338
M05,552,508.1653,536.1125,492.8175,536.0512,536.0512,7465728625
M05,553,493.1441,503.8362,468.0504,469.0706,469.0706,7517550277
M05,554,479.4613,504.8154,467.8743,499.9252,499.9252,7582753619
M05,555,482.4291,485.809,451.5449,474.8259,474.8259,7174520189
M05,556,473.3391,487.8726,458.7641,476.4855,476.4855,7711420101
M05,557,479.1902,483.3419,452.3179,454.1621,454.1621,8575383551
M05,558,457.7897,459.7922,438.0349,447.1359,447.1359,6317628272
M05,559,466.0365,486.9625,466.0365,486.4894,486.4894,7120131649
M05,560,487.6846,510.2357,477.7157,491.2146,491.2146,6577707863
M05,561,498.9445,526.0172,498.8308,524.6329,524.6329,6866269731
M05,562,507.8057,519.7346,500.683,504.9447,504.9447,5536018504
M05,563,509.6517,524.1546,506.9231,523.1289,523.1289,4904529440
M05,564,518.6557,523.952,510.019,512.685,512.685,6341719376
M05,565,497.2095,502.1197,487.1402,491.72,491.72,6023660053
M05,566,483.4383,498.1231,482.8976,496.8803,496.8803,5717086505
M05,567,499.1536,503.7701,488.2453,493.9396,493.9396,5908191886
M05,568,511.1387,530.68,510.4032,528.0691,528.0691,5557120328
M05,569,542.7841,546.3991,526.7343,527.0792,527.0792,6238632445
M05,570,531.4347,546.4277,527.1397,544.296,544.296,5159313018
M05,571,548.134,556.3412,545.2462,550.6664,550.6664,7749047430
M05,572,546.9498,546.9498,534.902,542.8552,542.8552,4426283152
M05,573,554.4553,563.6959,554.4553,562.5514,562.5514,4865959960
M05,574,553.372,554.6071,546.6222,550.9413,550.9413,4705187343
M05,575,558.8193,560.2506,551.8284,558.8612,558.8612,4942881560
M05,576,564.6722,571.9808,562.3777,571.0551,571.0551,5404175294
M05,577,565.4116,570.0531,560.4064,560.9489,560.9489,5496865773
M05,578,553.9304,554.0756,542.4512,544.3329,544.3329,5119267608
M05,579,552.5254,557.9181,550.1591,554.7888,554.7888,5229822017
M05,580,557.8485,564.6925,554.6408,555.3435,555.3435,5547661929
M05,581,560.6813,566.6755,556.519,565.4855,565.4855,5228223419
M05,582,568.3495,574.9336,567.9991,573.0939,573.0939,4899257331
M05,583,577.7874,580.0093,568.0086,568.5407,568.5407,5602148529
M05,584,580.1421,587.3778,578.8897,584.3265,584.3265,6094039458
M05,585,581.3034,581.3034,573.6794,577.6381,577.6381,6044676842
M05,586,569.7863,569.7863,560.357,562.1642,562.1642,4360326569
M05,587,558.4052,564.2035,555.0012,563.9059,563.9059,4476754324
M05,588,569.7671,575.5961,568.7086,569.6797,569.6797,4322731894
M05,589,568.9875,570.5604,561.9835,562.1355,562.1355,5049792818
M05,590,572.6805,577.3881,572.3264,573.2635,573.2635,5173221216
M05,591,576.5809,581.2053,575.4015,580.7375,580.7375,4392176994
M05,592,581.9424,587.689,579.5431,584.8826,584.8826,4280211776
M05,593,581.4491,582.6992,567.6205,567.7254,567.7254,5040982861
M05,594,572.534,574.1881,558.0081,563.3721,563.3721,5739818967
M05,595,556.2839,567.8812,550.7301,567.8215,567.8215,5465653171
M05,596,562.4399,569.408,559.8225,569.1476,569.1476,4646884846
M05,597,578.0185,588.7761,578.0185,585.9632,585.9632,6391834724
M05,598,583.6426,586.7344,578.4486,578.5654,578.5654,4469385876
M05,599,584.463,589.7385,584.463,588.0209,588.0209,4682375608
M05,600,587.8284,589.5207,581.6176,583.5849,583.5849,4407968329
M05,601,584.8991,586.6272,582.0302,586.3673,586.3673,3555711758
M05,602,594.3693,597.8594,591.2214,591.9337,591.9337,5560090624
M05,603,598.5307,602.6193,589.4207,602.5954,602.5954,5910034943
M05,604,605.9922,610.3801,601.3756,602.6347,602.6347,4731122553
M05,605,596.1844,600.9142,590.9502,599.9565,599.9565,6589360735
M05,606,599.8057,604.4244,598.3766,603.1513,603.1513,3476223153
M05,607,607.9653,611.1967,605.3586,611.1471,611.1471,4449612922
M05,608,614.622,620.9767,614.622,619.3762,619.3762,5027807015
M05,609,618.4058,621.8539,614.2023,618.5628,618.5628,5903222191
M05,610,628.6371,638.1506,628.6371,634.6158,634.6158,7923406927
M05,611,637.2526,643.8662,636.472,643.7189,643.7189,7832882529
M05,612,638.9704,640.8376,634.9517,637.7495,637.7495,5747140645
M05,613,636.3268,638.2773,630.004,631.7169,631.7169,5952138464
M05,614,621.491,621.491,596.8107,597.33,597.33,6240039962
M05,615,606.1625,609.5929,589.0753,600.2944,600.2944,5232623967
M05,616,596.2076,613.3345,590.6114,610.7117,610.7117,5365294103
M05,617,621.5927,626.0497,610.6856,620.3499,620.3499,4664995747
M05,618,625.671,626.6745,620.065,621.1543,621.1543,4152115860
M05,619,616.2334,619.8812,614.6181,618.9553,618.9553,3499420316
M05,620,626.3018,629.3413,614.8978,617.8156,617.8156,8105039219
M05,621,614.4168,619.6786,611.4325,619.071,619.071,4267227152
M05,622,622.9946,626.2101,620.6961,621.5238,621.5238,4369008442
M05,623,621.2084,621.3301,604.7986,608.4288,608.4288,5117352648
M05,624,603.848,611.7068,599.3706,611.2132,611.2132,4221558246
M05,625,609.2496,609.3547,595.6559,596.5321,596.5321,7701237730
M05,626,600.2029,607.2217,596.4548,607.0925,607.0925,4066991178
M05,627,604.5637,616.7156,604.094,614.4918,614.4918,4192149787
M05,628,620.6889,625.1893,619.7397,622.6754,622.6754,4160971398
M05,629,625.4318,629.8426,621.6279,622.7202,622.7202,4060806529
M05,630,629.6401,635.0879,629.6401,634.5151,634.5151,4520297563
M05,631,632.3217,635.8583,627.6269,628.1041,628.1041,4377874157
M05,632,620.5217,624.2077,617.2666,623.8417,623.8417,4916540161
M05,633,634.4006,635.1217,622.3225,629.5829,629.5829,4112899055
M05,634,625.3012,632.1146,622.0779,631.7615,631.7615,3822741650
M05,635,637.7282,643.7451,626.6552,627.8073,627.8073,4532507737
M05,636,625.2738,637.1856,622.5963,636.5028,636.5028,4057797459
M05,637,641.0993,643.5437,636.0874,641.2146,641.2146,4275730860
M05,638,641.7667,644.173,639.8124,643.2089,643.2089,3851802159
M05,639,641.453,643.3052,637.7605,641.5564,641.5564,3591171238
M05,640,647.6071,654.5004,645.7733,653.1406,653.1406,3503759109
M05,641,652.0361,653.7856,647.8967,649.7978,649.7978,4400366858
M05,642,648.961,653.8379,648.6101,653.1799,653.1799,3914649117
M05,643,658.8168,660.4983,648.9536,651.5714,651.5714,4270916048
M05,644,632.5716,634.2776,628.9298,631.9918,631.9918,3363923358
M05,645,642.0812,646.3866,640.9665,645.9837,645.9837,3681692673
M05,646,640.8933,642.7658,637.3066,637.7564,637.7564,3770516819
M05,647,643.139,650.6162,643.139,649.3607,649.3607,4179347399
M05,648,643.1279,646.9408,637.6295,646.0055,646.0055,3564368650
M05,649,650.217,650.5589,640.2384,650.3502,650.3502,4354577715
M05,650,658.4633,661.3608,657.7163,659.7349,659.7349,3763524145
M05,651,651.4448,654.7952,650.7419,654.7299,654.7299,4150804554
M05,652,658.4382,661.0979,658.4382,660.5024,660.5024,4366713856
M05,653,658.824,664.3473,657.8268,663.9766,663.9766,4092859331
M05,654,660.4492,662.9189,658.2088,662.6697,662.6697,3539982466
M05,655,666.024,667.4628,661.9358,666.9031,666.9031,3731623908
M05,656,669.3232,671.4422,660.605,662.0448,662.0448,4672826590
M05,657,668.1543,674.6119,668.1543,673.1105,673.1105,3009666134
M05,658,669.1163,671.9511,667.2119,669.2115,669.2115,3050518104
M05,659,670.4266,672.387,669.0295,671.2606,671.2606,2968291053
M05,660,672.5578,673.8966,672.2315,672.7826,672.7826,2884108075
M05,661,676.8721,678.4748,673.4967,677.4196,677.4196,3042668221
M05,662,677.8267,679.2313,673.2612,674.2982,674.2982,3307772887
M05,663,670.8202,676.8728,669.6644,675.8168,675.8168,3029587198
M05,664,677.0363,679.8256,675.6966,679.2657,679.2657,2955743643
M05,665,680.1661,682.952,679.1791,682.7908,682.7908,3369239318
M05,666,685.34,686.9875,683.3234,686.8699,686.8699,3150477257
M05,667,688.3729,694.5783,687.2116,694.1114,694.1114,3474627577
M05,668,692.3744,695.6007,689.0389,692.2572,692.2572,3509379737
M05,669,696.2791,699.176,694.213,698.933,698.933,3723344462
M05,670,701.7481,702.7558,698.453,699.8646,699.8646,4175457181
M05,671,694.8938,698.9731,692.35,698.6997,698.6997,3812473718
M05,672,708.2821,717.1462,706.5772,715.6932,715.6932,3840716848
M05,673,712.1712,712.1932,684.7351,690.2591,690.2591,4181688160
M05,674,686.7597,691.8403,666.0848,681.4622,681.4622,3733488333
M05,675,675.3868,677.0072,666.852,667.3668,667.3668,4140088114
M05,676,672.0371,682.9956,671.4428,677.8484,677.8484,3234958124
M05,677,685.7355,688.3458,668.9948,670.9922,670.9922,3731542089
M05,678,667.8062,671.0429,659.3946,665.4697,665.4697,3410796461
M05,679,673.1036,680.9822,673.1036,677.1019,677.1019,3627056725
M05,680,676.9813,679.3155,673.31,675.684,675.684,3474812105
M05,681,677.0694,680.5805,671.754,671.9605,671.9605,4400222082
M05,682,668.3385,673.9917,664.736,670.3653,670.3653,4173021158
M05,683,673.3563,674.3371,660.3239,665.7531,665.7531,5843309974
M05,684,657.8369,657.8369,646.5305,656.9339,656.9339,4591841413
M05,685,655.5158,660.4007,650.5831,659.458,659.458,3499545957
M05,686,659.2343,659.8776,641.8525,642.7162,642.7162,4148245882
M05,687,643.7057,654.1929,640.3756,647.7861,647.7861,4263336283
M05,688,645.507,659.5114,643.8676,657.8321,657.8321,3661305781
M05,689,662.0665,667.3965,661.8699,665.5815,665.5815,3750150141
M05,690,667.9501,669.3454,663.2897,664.8704,664.8704,3174482083
M05,691,663.3875,673.7814,663.2405,667.7138,667.7138,4211818186
M05,692,673.3198,675.5689,668.4516,672.3115,672.3115,3631302840
M05,693,665.2214,671.2302,662.1831,667.1101,667.1101,3332921646
M05,694,671.031,679.4605,671.031,679.2673,679.2673,3392298845
M05,695,680.7488,685.3061,669.9247,671.2088,671.2088,3966331559
M05,696,675.2299,683.5492,675.2299,682.1885,682.1885,3806432057
M05,697,686.0841,688.6812,684.8595,688.5913,688.5913,3706403177
M05,698,690.9951,695.523,690.6756,694.4844,694.4844,3667827534
M05,699,699.4057,709.3632,699.3238,706.2398,706.2398,3178161417
M05,700,699.6271,699.6271,693.0644,695.2559,695.2559,3126967531
M05,701,704.5669,707.0661,697.5682,699.1956,699.1956,3415844564
M05,702,687.9182,694.9613,685.3627,693.818,693.818,3395715369
M05,703,696.9395,701.3803,694.3361,695.0064,695.0064,4418285702
M05,704,693.7348,695.4743,679.0943,680.4823,680.4823,3866063288
M05,705,687.6917,695.1997,686.9459,688.4395,688.4395,3855973647
M05,706,687.0694,692.0529,685.7013,686.2006,686.2006,3950656420
M05,707,684.2356,688.6194,679.627,687.2185,687.2185,3839217359
M05,708,690.7742,691.0852,685.8998,690.8719,690.8719,3238219714
M05,709,688.0647,688.0647,672.7577,679.9773,679.9773,3714531027
M05,710,678.3968,679.6647,675.5183,675.911,675.911,3616577566
M05,711,667.908,667.908,653.2029,653.6306,653.6306,4598570951
M05,712,655.7696,668.5521,652.2978,662.361,662.361,4548354019
M05,713,658.527,660.7943,646.6004,653.8023,653.8023,4343139085
M05,714,653.7849,660.5168,650.5202,656.5697,656.5697,3756805974
M05,715,662.1219,672.6881,662.1219,668.6533,668.6533,4193163999
M05,716,673.6017,689.3795,673.3466,680.9142,680.9142,4556782998
M05,717,694.4066,703.0346,694.4066,699.3292,699.3292,4514407186
M05,718,700.3259,702.9688,695.535,700.5454,700.5454,4694219439
M05,719,710.6052,723.0897,703.5528,704.1517,704.1517,8272470125
M05,720,708.4911,711.2824,702.2225,708.945,708.945,5616327960
M05,721,708.49,712.057,707.2532,710.367,710.367,4144521830
M05,722,709.341,710.6053,700.5625,704.232,704.232,4759685629
M05,723,706.5753,714.7477,706.5753,713.0552,713.0552,4203384969
M05,724,716.3781,722.0193,716.3781,721.7009,721.7009,4965991969
M05,725,712.3581,714.8837,708.0902,712.2042,712.2042,4253348578
M05,726,714.591,715.9758,705.736,705.827,705.827,4789259697
M05,727,710.3745,715.5256,707.2671,714.857,714.857,4137961949
M05,728,707.8418,708.2215,703.4002,703.5366,703.5366,4041039209
M05,729,705.8591,710.4087,703.0786,707.9904,707.9904,4537267013
M05,730,714.325,723.8221,714.325,722.4509,722.4509,6006442631
M05,731,722.9113,722.9113,719.3838,721.7481,721.7481,4665672250
M05,732,724.1917,725.3381,722.3566,724.1519,724.1519,2560219317
M05,733,723.132,723.132,715.2145,720.6347,720.6347,5885590285
M05,734,722.2763,728.7306,722.2763,725.5609,725.5609,4941437751
M05,735,726.9121,730.33,725.1335,729.942,729.942,4767893471
M05,736,731.618,734.4999,729.4021,731.3068,731.3068,4846087007
M05,737,728.324,733.9309,728.324,733.915,733.915,4307216353
M05,738,734.6371,735.1699,731.4855,734.0863,734.0863,3970807220
M05,739,732.6003,737.6526,731.7609,736.4194,736.4194,4087590525
M05,740,737.6185,738.8943,728.5744,731.0185,731.0185,4893508642
M05,741,728.3887,732.2425,725.6118,730.1743,730.1743,4547827680
M05,742,725.3333,727.2834,720.8337,726.7974,726.7974,4196736114
M05,743,726.0358,730.449,720.2221,720.548,720.548,4323453615
M05,744,723.8989,729.601,722.5583,729.4687,729.4687,4026047952
M05,745,732.6302,735.6073,731.108,733.6054,733.6054,4074050722
M05,746,737.3282,739.6056,736.7763,739.0814,739.0814,3619289311
M05,747,736.1111,736.9634,728.8833,733.5443,733.5443,6161882778
M05,748,729.5466,733.2336,720.0814,731.6534,731.6534,4451297941
M05,749,729.2742,729.3097,724.9514,727.1404,727.1404,3539394037
M05,750,733.0378,736.5746,732.2162,732.3611,732.3611,3448671733
M05,751,732.36,734.3009,731.4262,734.1503,734.1503,1805225572
M05,752,739.3579,742.8292,739.3579,741.8065,741.8065,3270543663
M05,753,747.4524,748.6703,742.1306,742.8741,742.8741,2940185758
M05,754,740.257,741.9292,739.0722,739.4348,739.4348,2843713809
M05,755,739.6534,744.9889,738.3873,744.1706,744.1706,2987334173
M05,756,746.9683,748.0357,726.7494,734.2774,734.2774,4516696349
M05,757,738.063,746.0084,737.4742,743.819,743.819,4407897842
M05,758,738.2905,752.3793,736.9262,745.4383,745.4383,5542020852
M05,759,745.8791,755.1593,745.8791,753.6218,753.6218,4499020438
M05,760,757.7542,760.0662,751.5076,759.6669,759.6669,4234379524
M05,761,755.1138,758.0365,752.3103,754.4129,754.4129,4212720733
M05,762,754.5356,756.3536,749.5518,754.4502,754.4502,4602719443
M05,763,750.2006,753.8962,748.0835,751.7021,751.7021,4335344035
M05,764,760.8993,762.6186,756.4875,757.022,757.022,4301652681
M05,765,753.6073,753.6073,745.828,749.5337,749.5337,4966017807
M05,766,752.0714,756.5756,751.7712,755.458,755.458,4530710611
M05,767,754.8215,763.4314,754.8215,761.8689,761.8689,4330484114
M05,768,762.9762,763.7654,760.5217,762.1079,762.1079,4216182028
M05,769,766.4095,768.0184,763.6523,765.8573,765.8573,4762639388
M05,770,763.4426,764.9391,752.6361,764.172,764.172,6853887484
M05,771,763.889,765.4591,760.8872,761.2511,761.2511,5986417757
M05,772,760.8233,760.8233,740.1312,743.758,743.758,8374333219
M05,773,743.0424,757.8311,743.0424,749.3001,749.3001,6481791403
M05,774,749.1911,749.1911,732.5477,736.5375,736.5375,5960468435
M05,775,738.728,749.2511,737.6292,747.1802,747.1802,4802485677
M05,776,753.3591,763.5414,753.3591,760.2075,760.2075,5341646625
M05,777,761.6131,763.049,756.9347,759.6101,759.6101,4676957816
M05,778,761.8649,768.966,761.8649,768.8309,768.8309,4568425250
M05,779,770.1126,773.3414,769.4434,771.8064,771.8064,3874827158
M05,780,769.1586,773.7389,769.1586,773.7033,773.7033,4413109681
M05,781,781.0128,782.5826,779.4449,781.1606,781.1606,3945274193
M05,782,773.4539,775.5686,766.3837,771.3036,771.3036,4484153652
M05,783,774.9868,776.8845,769.8398,774.9828,774.9828,4581601530
M05,784,776.5532,781.6314,775.3878,781.155,781.155,3729652080
M05,785,784.1203,786.2738,780.9835,782.7231,782.7231,4979538518
M05,786,779.8612,782.8684,776.2649,782.4146,782.4146,4477916093
M05,787,777.5515,778.7667,771.4298,777.1762,777.1762,4517964488
M05,788,778.2145,780.0503,774.6243,775.3467,775.3467,4493710301
M05,789,764.5074,767.9251,762.3746,762.7268,762.7268,5255357343
M05,790,766.8211,774.5567,756.5864,771.6522,771.6522,5958833402
M05,791,770.8263,781.7588,768.0186,781.118,781.118,5910772689
M05,792,771.3496,773.1658,751.3045,754.3184,754.3184,6037200531
M05,793,760.6166,764.8599,750.6882,754.969,754.969,5064470470
M05,794,760.5559,774.8051,760.5559,772.2953,772.2953,4430514106
M05,795,771.5932,772.1407,764.6613,765.0012,765.0012,4454356670
M05,796,767.6972,769.7794,758.7308,758.9016,758.9016,5468998701
M05,797,755.8898,760.8664,737.0467,745.9803,745.9803,6790469711
M05,798,748.8778,760.3491,736.3642,758.4244,758.4244,6524719662
M05,799,762.6134,769.8876,757.6264,758.0429,758.0429,5911785816
M05,800,767.7999,778.1311,767.7999,772.4861,772.4861,4985153734
M05,801,770.5985,775.6197,769.359,771.9488,771.9488,5473597353
M05,802,777.328,786.208,777.328,782.0529,782.0529,4828775004
M05,803,780.5114,784.5825,778.6598,784.2543,784.2543,3861666482
M05,804,778.0381,783.3896,774.2061,783.1646,783.1646,4752360399
M05,805,788.83,790.309,784.8299,786.6701,786.6701,4148658202
M05,806,782.5648,789.361,779.8245,787.4291,787.4291,3848404955
M05,807,785.4795,788.6822,777.0078,777.9217,777.9217,5150969287
M05,808,776.6585,780.0287,771.4208,776.6506,776.6506,7078865309
M05,809,778.8763,786.5985,778.4149,783.6711,783.6711,3845950963
M05,810,778.6508,780.9308,771.526,773.2958,773.2958,4159634987
M05,811,773.6999,778.0718,767.6089,767.6226,767.6226,4554672134
M05,812,771.269,779.2614,766.1316,777.2692,777.2692,4570273195
M05,813,773.4224,785.4805,773.4224,784.7598,784.7598,5619251622
M05,814,784.7778,787.2532,779.6254,785.1298,785.1298,4404614489
M05,815,779.8777,780.7966,776.1409,778.9351,778.9351,3556996908
M05,816,781.6471,786.9983,781.5939,782.7583,782.7583,3967807590
M05,817,786.1767,791.6603,786.1767,791.5107,791.5107,3702560205
M05,818,800.2815,809.9973,800.2815,808.9044,808.9044,4099395081
M05,819,806.8081,808.9184,805.3372,806.4854,806.4854,3610906854
M05,820,806.1708,807.9199,804.9875,807.2907,807.2907,3809324116
M05,821,808.8052,810.4347,807.3398,810.233,810.233,3532093969
M05,822,807.453,814.0311,807.3347,813.897,813.897,3323661455
M05,823,816.4717,817.8672,814.514,817.121,817.121,3059855658
M05,824,814.25,817.779,813.1322,816.5152,816.5152,3388176800
M05,825,814.4995,816.4877,810.4266,811.1719,811.1719,3710374491
M05,826,814.4969,821.1333,814.4969,820.5293,820.5293,3763167057
M05,827,829.252,832.663,828.5785,831.5028,831.5028,3604931264
M05,828,824.1599,824.3591,818.3768,820.8986,820.8986,3591518136
M05,829,821.873,821.873,813.8107,817.083,817.083,4042138295
M05,830,815.192,824.3936,814.7833,824.0776,824.0776,3371891459
M05,831,824.6955,826.4969,815.4468,817.6794,817.6794,4001485233
M05,832,813.6885,824.5782,813.6885,821.8258,821.8258,3063819642
M05,833,825.8225,827.6301,825.2957,826.3337,826.3337,3616033107
M05,834,823.6163,824.6192,821.2506,823.3155,823.3155,3278013308
M05,835,823.5915,826.8168,822.9302,823.2058,823.2058,3626157503
M05,836,831.7778,834.2773,825.9776,832.8318,832.8318,3728198230
M05,837,829.2477,829.2477,824.6551,825.9035,825.9035,3820576342
M05,838,831.6762,835.1303,830.8925,831.8112,831.8112,3626467392
M05,839,824.8708,824.8708,814.9128,822.0325,822.0325,4492708434
M05,840,826.2926,828.4014,823.1038,824.4193,824.4193,3866388570
M05,841,821.0103,827.6191,816.7153,827.4064,827.4064,4083744223
M05,842,829.6956,835.1542,827.9812,834.0822,834.0822,3481104806
M05,843,838.5405,840.1469,830.576,830.6356,830.6356,4255952634
M05,844,819.3721,821.682,811.7101,819.7196,819.7196,4611907252
M05,845,814.1213,814.9452,799.6011,800.8153,800.8153,4219139786
M05,846,804.8541,816.0312,804.8541,812.2627,812.2627,4194543166
M05,847,817.4886,828.0893,817.4886,826.2523,826.2523,3460660718
M05,848,828.384,828.7813,822.9746,827.0669,827.0669,3519435291
M05,849,823.3696,824.004,815.4738,815.8375,815.8375,4107465577
M05,850,814.4699,818.1424,807.1091,817.894,817.894,3475298419
M05,851,818.3374,828.4286,818.3374,825.7128,825.7128,3660760349
M05,852,825.0311,829.0113,821.6884,822.5077,822.5077,3724573556
M05,853,822.2238,829.9843,822.2238,827.5256,827.5256,3242891943
M05,854,835.1419,836.6271,830.4916,831.6055,831.6055,4012344837
M05,855,829.1017,831.2815,827.6222,829.9722,829.9722,4098418904
M05,856,828.254,830.509,827.434,828.0451,828.0451,5501304928
M05,857,833.6587,835.1613,832.2332,832.3401,832.3401,4120307351
M05,858,838.8477,842.3491,835.0817,835.967,835.967,4707753676
M05,859,834.771,836.8645,833.0745,835.029,835.029,5558966637
M05,860,828.2347,830.7956,823.591,828.5152,828.5152,5110570917
M05,861,836.462,841.9112,836.462,841.2032,841.2032,3788790438
M05,862,839.0408,839.636,836.327,838.4814,838.4814,4324740316
M05,863,838.8453,839.4259,833.8128,837.5475,837.5475,4374677614
M05,864,839.4487,840.2617,836.6228,836.7833,836.7833,4013270040
M05,865,838.9578,843.16,837.3269,841.0648,841.0648,4222260412
M05,866,840.0941,841.1791,837.9854,840.993,840.993,3408580281
M05,867,846.4132,847.8636,843.576,847.7759,847.7759,3508405327
M05,868,842.4361,842.8083,839.0844,840.7157,840.7157,3721566492
M05,869,842.7287,843.3277,833.5217,837.7365,837.7365,4044434264
M05,870,838.004,840.3708,833.1749,838.2998,838.2998,4720864188
M05,871,829.7549,829.7549,821.7865,822.1911,822.1911,5810657244
M05,872,824.3752,834.8128,824.3752,834.5264,834.5264,3774580413
M05,873,836.0332,842.2135,834.5807,840.3533,840.3533,3531911860
M05,874,840.3076,841.7571,838.7572,838.8382,838.8382,3312918757
M05,875,843.1341,845.9683,843.1341,845.0197,845.0197,3348032640
M05,876,843.2393,845.5414,842.5902,844.4722,844.4722,6661438847
M05,877,852.9038,854.345,850.8676,854.0404,854.0404,3421172892
M05,878,848.2641,849.7084,847.045,847.9855,847.9855,3602092952
M05,879,849.5705,851.9031,849.0379,850.9269,850.9269,4193624019
M05,880,849.1607,853.0958,849.1607,852.9536,852.9536,3338075550
M05,881,852.3913,858.0711,852.3913,857.4623,857.4623,2719350067
M05,882,866.1764,866.1764,857.8078,863.6076,863.6076,3852323773
M05,883,861.1741,863.3256,856.9742,862.5834,862.5834,3903016848
M05,884,856.5157,858.4603,850.2323,856.4662,856.4662,4140287701
M05,885,852.1643,860.4746,852.1643,860.071,860.071,3527106195
M05,886,866.0394,868.8659,864.3795,868.4598,868.4598,3183158602
M05,887,865.8703,868.1037,863.0737,863.5263,863.5263,3538806210
M05,888,863.0854,865.7594,859.5878,861.9406,861.9406,3924233842
M05,889,860.7973,860.7973,855.2177,859.026,859.026,3566068205
M05,890,860.7586,862.2682,851.9094,852.822,852.822,3980325224
M05,891,845.1533,845.1533,832.7074,837.696,837.696,5007318829
M05,892,843.639,857.8272,843.0337,855.1015,855.1015,3903460971
M05,893,859.5688,865.2389,859.5688,865.0384,865.0384,3581948732
M05,894,864.2938,865.9981,862.0723,865.5245,865.5245,3062284829
M05,895,864.4813,871.1861,864.4813,870.5172,870.5172,3727139117
M05,896,869.7038,872.2973,868.8892,872.2125,872.2125,3958682346
M05,897,873.0628,873.0628,864.3902,870.1133,870.1133,3749185829
M05,898,873.2092,875.6922,870.0478,872.7511,872.7511,3544166083
M05,899,866.3573,871.5474,866.3573,869.4186,869.4186,3712648440
M05,900,869.0048,872.3918,867.9233,869.0325,869.0325,3948483771
M05,901,872.8226,875.857,868.4555,868.9209,868.9209,3337231839
M05,902,875.8395,882.0303,871.9036,881.9027,881.9027,3837118265
M05,903,872.3243,872.3677,869.219,869.699,869.699,3940904444
M05,904,878.9869,883.1537,878.9869,883.0222,883.0222,3215423452
M05,905,884.2401,886.5859,884.2401,885.7274,885.7274,3344833896
M05,906,888.5889,888.9133,885.9799,887.5037,887.5037,3160549053
M05,907,876.8839,878.7461,875.7452,877.0737,877.0737,3653434023
M05,908,883.1116,884.5549,881.9665,883.1573,883.1573,3298919124
M05,909,880.6575,883.7652,878.6529,883.5791,883.5791,3044070449
M05,910,881.8492,882.5465,881.0552,882.4734,882.4734,2970281662
M05,911,885.5808,889.2746,880.8191,889.1655,889.1655,3385535151
M05,912,885.3094,885.3094,876.5221,882.5238,882.5238,3501161490
M05,913,883.6337,886.2959,875.0081,875.5414,875.5414,3542117075
M05,914,869.7337,876.9119,866.8144,874.3696,874.3696,4218868158
M05,915,874.0736,880.7701,873.3284,880.2389,880.2389,3204848601
M05,916,883.4356,891.2947,883.4356,889.2401,889.2401,3481831841
M05,917,890.0055,891.6746,889.5847,890.3687,890.3687,3656510012
M05,918,887.1568,889.3813,886.2105,888.2908,888.2908,3202494474
M05,919,895.2272,895.6555,890.2946,890.4958,890.4958,2815434076
M05,920,889.3905,897.1889,889.3905,896.4017,896.4017,3005251081
M05,921,892.9304,897.5991,892.9304,895.9038,895.9038,2812795105
M05,922,898.1844,898.5096,895.4183,896.7825,896.7825,4034580913
M05,923,900.6367,902.2893,899.2884,899.7001,899.7001,3678601518
M05,924,897.5242,899.7747,895.5805,898.0131,898.0131,3419748473
M05,925,894.2341,896.0157,892.0401,894.828,894.828,3161905795
M05,926,900.631,900.631,896.1869,897.5828,897.5828,3173524567
M05,927,893.8418,894.5738,889.0661,893.0465,893.0465,3403126822
M05,928,897.1543,900.5099,892.9896,893.2301,893.2301,3452819121
M05,929,887.3807,890.0487,877.6818,877.863,877.863,3328297271
M05,930,889.5579,893.172,883.7711,888.3493,888.3493,3889936691
M05,931,887.7595,889.018,879.0649,880.5691,880.5691,3488689575
M05,932,880.9829,888.7834,879.1763,887.5613,887.5613,3726787641
M05,933,886.5647,888.3034,879.9725,885.9033,885.9033,3599969944
M05,934,887.0715,887.4247,878.74,879.778,879.778,6176233686
M05,935,873.1413,873.1413,853.8974,864.1737,864.1737,4594587382
M05,936,867.0057,871.0529,861.7554,862.9902,862.9902,3522659588
M05,937,863.6314,873.384,863.6314,869.2097,869.2097,3533509737
M05,938,875.385,887.0356,875.385,883.7738,883.7738,3641811465
M05,939,876.8109,881.7659,875.2758,880.2565,880.2565,3072636504
M05,940,878.2545,881.2557,877.0821,878.4502,878.4502,3972696951
M05,941,872.6782,872.6782,858.2223,859.4662,859.4662,3974475419
M05,942,864.4725,869.0619,863.0199,863.8878,863.8878,3453192115
M05,943,862.9914,865.3371,850.2697,850.5263,850.5263,4210714653
M05,944,855.1719,866.6668,849.4987,863.0716,863.0716,3612771698
M05,945,860.6214,861.9413,846.7884,851.0471,851.0471,3795630896
M05,946,859.531,871.3693,859.531,866.6807,866.6807,3398647031
M05,947,854.9202,864.0244,849.1648,863.6246,863.6246,3395050849
M05,948,870.3965,879.5775,870.3965,873.5792,873.5792,3720693856
M05,949,871.8584,872.9487,867.844,868.857,868.857,3310132341
M05,950,869.1384,875.1712,864.2134,864.3324,864.3324,2930282461
M05,951,868.0833,869.391,862.8728,864.5739,864.5739,3200005656
M05,952,865.8311,868.7835,860.2503,866.9814,866.9814,3610269707
M05,953,873.1304,883.6754,873.1304,883.3828,883.3828,2889420663
M05,954,879.4936,885.056,879.4936,884.1761,884.1761,3715583770
M05,955,882.4153,887.3633,879.2029,886.9106,886.9106,3378378728
M05,956,890.6067,895.1733,890.4226,895.0208,895.0208,2953385744
M05,957,895.3489,898.6043,895.345,897.6781,897.6781,3143986538
M05,958,898.7794,902.5868,897.7184,902.2576,902.2576,3754876139
M05,959,900.1724,902.8554,895.7924,899.9308,899.9308,3079118898
M05,960,904.0048,907.7629,900.763,906.5439,906.5439,3768948734
M05,961,903.363,907.2774,901.4847,902.5936,902.5936,3165720563
M05,962,909.794,910.658,904.121,904.125,904.125,3618297530
M05,963,908.7902,915.7034,908.7902,915.4784,915.4784,3759361882
M05,964,910.5534,917.5644,909.502,917.0268,917.0268,3650898818
M05,965,910.0161,911.9345,906.945,910.6181,910.6181,3654231448
M05,966,915.6148,919.9435,915.6148,919.0504,919.0504,3591980807
M05,967,914.4466,920.9258,912.5785,920.3551,920.3551,3876302564
M05,968,922.3315,926.3013,922.2642,925.7198,925.7198,4201307591
M05,969,930.7421,934.5529,927.1889,930.3995,930.3995,3984369038
M05,970,935.8479,938.5231,934.4366,935.8917,935.8917,3860571251
M05,971,931.9948,932.2482,924.7919,927.639,927.639,3965398769
M05,972,923.3145,926.199,915.5251,918.6586,918.6586,4242490428
M05,973,923.9565,924.9797,921.7593,921.9497,921.9497,3471861026
M05,974,917.1664,923.7134,916.2857,922.6061,922.6061,3678794253
M05,975,927.6633,929.2697,924.4111,926.3774,926.3774,3197065226
M05,976,927.5049,934.5473,927.5049,931.7624,931.7624,3492597472
M05,977,932.8454,932.8454,929.4545,930.2997,930.2997,3597184751
M05,978,929.6887,931.2866,924.1628,930.4442,930.4442,3732920753
M05,979,929.0166,930.8536,926.2109,926.9488,926.9488,3947227612
M05,980,931.303,937.5941,925.4072,925.5594,925.5594,4139561415
M05,981,921.3848,925.5029,916.2998,923.7915,923.7915,4131698450
M05,982,931.2833,936.6789,928.1185,936.398,936.398,3023487414
M05,983,922.49,922.49,906.8273,908.6447,908.6447,3069322739
M05,984,916.1047,924.8526,915.4139,921.3534,921.3534,3768249289
M05,985,920.5342,921.6789,904.6142,906.0029,906.0029,6042319704
M05,986,909.0635,918.9623,890.7847,891.3318,891.3318,4872409174
M05,987,894.5965,912.6146,894.5965,908.9685,908.9685,4440197302
M05,988,911.5455,915.2277,892.8021,901.4041,901.4041,4976579442
M05,989,903.4461,916.2041,901.8848,912.0468,912.0468,4240356317
M05,990,921.1043,933.4473,921.1043,931.9977,931.9977,4100436172
M05,991,926.3254,929.1296,923.0987,928.3693,928.3693,3908774764
M05,992,930.5489,931.3939,925.5857,925.8774,925.8774,3861797874
M05,993,930.7989,935.9476,927.3439,935.6399,935.6399,3453407164
M05,994,926.7622,926.7622,918.3609,918.6305,918.6305,3582547602
M05,995,915.8171,919.2649,908.6234,914.0615,914.0615,4079823550
M05,996,920.1731,935.2842,915.1639,934.7385,934.7385,4466134395
M05,997,933.8383,936.3832,920.5327,923.8531,923.8531,4416015290
M05,998,922.9035,925.7203,912.5329,916.5835,916.5835,7374459453
M05,999,908.5072,908.5072,897.2596,904.5706,904.5706,4102913712
M05,1000,906.3442,917.4256,904.0167,917.0488,917.0488,3626269649
M05,1001,916.3528,925.6752,915.401,925.4565,925.4565,3117498785
M05,1002,927.335,934.5859,927.335,931.6386,931.6386,2547439775
M05,1003,934.5497,945.9009,934.5497,945.8417,945.8417,2458933734
M05,1004,948.7562,951.0373,945.6995,946.9479,946.9479,2403439213
M05,1005,951.3001,954.3634,949.2023,952.1782,952.1782,2740743534
M05,1006,956.1087,959.0403,952.3395,953.0175,953.0175,2583441142
M05,1007,943.8497,946.1465,941.9799,942.065,942.065,2553968228
M06,0,693.5247,700.8537,693.5247,700.7015,700.7015,42238
M06,1,697.079,703.778,696.5681,701.5277,701.5277,48068
M06,2,703.3233,707.877,702.133,706.3923,706.3923,45112
M06,3,710.4549,713.7287,709.1502,711.5639,711.5639,45598
M06,4,709.5286,713.9591,708.0654,713.279,713.279,54589
M06,5,711.8033,714.1263,711.2756,713.4308,713.4308,43435
M06,6,715.9327,719.3091,712.7304,717.5518,717.5518,49995
M06,7,717.5608,719.8503,715.4713,719.6113,719.6113,39317
M06,8,715.1774,717.5889,713.9452,716.2347,716.2347,37078
M06,9,713.1797,715.998,707.6392,709.3397,709.3397,51238
M06,10,712.8439,719.989,712.5281,719.7819,719.7819,45046
M06,11,720.3764,725.9552,718.6868,721.6533,721.6533,58146
M06,12,716.7805,722.3206,716.5536,721.9483,721.9483,45121
M06,13,729.6465,733.1703,728.1108,730.9551,730.9551,56539
M06,14,725.679,731.1873,725.4034,730.7649,730.7649,50269
M06,15,728.8869,737.8053,728.8869,737.6561,737.6561,53622
M06,16,747.553,750.921,742.0061,748.8123,748.8123,54266
M06,17,739.2956,742.6879,733.6533,737.8688,737.8688,52787
M06,18,737.9852,746.2119,737.7143,742.7101,742.7101,50982
M06,19,743.0837,747.9614,731.9549,734.6097,734.6097,49236
M06,20,731.363,733.7686,725.7718,726.4701,726.4701,40457
M06,21,730.2926,735.5415,726.9714,732.4651,732.4651,45366
M06,22,725.0116,728.4345,713.7048,718.4069,718.4069,55362
M06,23,717.3002,726.5179,710.9301,726.2907,726.2907,45705
M06,24,712.5525,728.4364,711.4187,728.3896,728.3896,47044
M06,25,719.556,724.2114,708.2313,709.5862,709.5862,61495
M06,26,711.8884,714.5572,689.2062,690.3019,690.3019,56314
M06,27,680.603,686.0204,669.1248,676.6626,676.6626,45672
M06,28,663.7553,665.2739,640.7209,654.7598,654.7598,56007
M06,29,654.8593,663.1811,651.7683,660.2503,660.2503,35087
M06,30,665.1966,674.2255,665.1966,667.0506,667.0506,33700
M06,31,668.2632,671.4594,664.7285,670.5501,670.5501,24629
M06,32,676.23,682.9862,675.5085,682.7028,682.7028,29620
M06,33,683.8055,687.7106,680.2688,686.6437,686.6437,30519
M06,34,696.5392,702.5817,691.1308,701.2313,701.2313,40319
M06,35,698.7542,698.7542,689.5086,691.0703,691.0703,40677
M06,36,683.3716,686.2552,678.3019,682.3979,682.3979,35257
M06,37,676.2569,685.6761,674.8973,684.3395,684.3395,34241
M06,38,681.3252,685.8329,680.0293,682.6009,682.6009,33686
M06,39,680.9997,683.8294,676.9934,681.2203,681.2203,31996
M06,40,687.3477,692.3486,682.5431,692.2201,692.2201,46330
M06,41,687.1358,691.2185,682.1004,683.5429,683.5429,35008
M06,42,683.1354,687.5561,681.7151,687.328,687.328,35002
M06,43,686.4489,690.2632,684.8082,689.7316,689.7316,34923
M06,44,692.886,695.882,691.7057,694.4495,694.4495,46447
M06,45,697.3899,699.436,693.8766,694.4773,694.4773,39201
M06,46,693.7702,695.0979,691.3915,692.2382,692.2382,31457
M06,47,689.9472,694.0699,689.0393,692.8098,692.8098,31727
M06,48,687.5925,689.7567,683.2194,683.3446,683.3446,30531
M06,49,685.9431,689.2287,683.0268,688.9525,688.9525,31821
M06,50,684.0564,691.4814,683.0513,691.0752,691.0752,31364
M06,51,690.2956,693.3244,683.8412,686.3671,686.3671,38818
M06,52,685.1466,686.7194,677.107,681.433,681.433,34075
M06,53,662.4474,665.676,649.4798,658.2693,658.2693,63023
M06,54,654.9519,658.5145,649.5184,658.3981,658.3981,37739
M06,55,662.8142,664.4855,658.3683,663.2018,663.2018,39162
M06,56,659.428,666.7251,656.6819,657.6837,657.6837,34687
M06,57,654.1986,664.0821,648.1287,661.158,661.158,37048
M06,58,668.603,671.9727,666.7216,670.1068,670.1068,33239
M06,59,667.7885,672.5415,665.7254,666.3981,666.3981,37974
M06,60,657.308,660.3151,655.023,658.6983,658.6983,33392
M06,61,656.1235,659.52,652.3328,652.8006,652.8006,32576
M06,62,660.1116,664.4733,656.9142,662.8261,662.8261,31260
M06,63,657.1265,666.822,656.0447,666.7537,666.7537,37681
M06,64,671.6002,676.5307,670.3851,673.8498,673.8498,37395
M06,65,672.3042,672.7185,666.7993,667.4517,667.4517,32984
M06,66,667.1485,668.372,659.5124,660.2535,660.2535,29231
M06,67,658.0636,658.1091,646.211,649.2476,649.2476,32733
M06,68,653.7375,654.9523,643.4584,644.0399,644.0399,33093
M06,69,648.9249,649.9699,638.3712,648.8177,648.8177,37478
M06,70,651.998,658.9863,651.158,656.8659,656.8659,32527
M06,71,653.8237,655.0257,645.4988,646.6825,646.6825,34553
M06,72,645.6831,650.2386,641.9933,646.6461,646.6461,27108
M06,73,645.012,658.9417,645.012,657.4471,657.4471,34608
M06,74,652.047,654.2488,650.9163,653.2152,653.2152,26789
M06,75,653.6452,654.1559,642.8401,644.328,644.328,27781
M06,76,646.2377,647.4159,639.4237,646.1993,646.1993,27761
M06,77,649.2297,651.3735,644.4676,647.9192,647.9192,29690
M06,78,646.7449,653.296,642.8827,652.2861,652.2861,30017
M06,79,650.4744,652.7827,649.1428,650.0362,650.0362,26229
M06,80,651.4332,660.2603,650.751,660.2202,660.2202,32948
M06,81,659.0779,666.3103,658.8185,664.5859,664.5859,31472
M06,82,665.9942,667.0975,662.9424,665.786,665.786,26749
M06,83,666.1355,667.6254,663.2942,667.2629,667.2629,34009
M06,84,668.9734,669.1752,665.2738,665.4949,665.4949,29120
M06,85,664.1557,667.6733,663.4079,665.6216,665.6216,28730
M06,86,669.8835,672.4915,666.5331,672.3464,672.3464,27147
M06,87,666.5587,669.0156,663.747,664.3242,664.3242,31408
M06,88,667.0617,667.6425,662.5617,663.7531,663.7531,26061
M06,89,660.4014,669.2814,659.0797,669.25,669.25,31016
M06,90,673.4265,676.2755,672.83,675.0363,675.0363,37143
M06,91,676.8918,677.5962,672.8828,677.5458,677.5458,31262
M06,92,670.8762,670.8762,663.2426,663.2426,663.2426,34153
M06,93,662.1173,663.2861,658.8005,659.3401,659.3401,27032
M06,94,657.8422,659.5798,654.2187,656.3573,656.3573,27495
M06,95,659.2944,661.9964,654.9121,658.9314,658.9314,27801
M06,96,657.3322,660.1859,653.6633,655.4082,655.4082,30481
M06,97,649.1994,650.0959,640.7414,640.8348,640.8348,35537
M06,98,646.3375,653.9891,644.7416,653.4398,653.4398,29324
M06,99,642.3197,645.929,637.1207,640.3172,640.3172,26856
M06,100,647.8097,650.9559,646.4581,649.4408,649.4408,25639
M06,101,644.8862,650.4749,643.2235,650.3573,650.3573,26943
M06,102,650.8278,652.5757,649.6468,652.0848,652.0848,25878
M06,103,655.432,657.0134,652.1547,652.9782,652.9782,29596
M06,104,650.401,650.418,640.4757,643.3831,643.3831,30262
M06,105,641.9972,643.314,637.9182,641.0405,641.0405,22564
M06,106,642.5289,648.5099,638.5456,648.1637,648.1637,25269
M06,107,647.0504,647.0504,641.29,642.4859,642.4859,27077
M06,108,636.7557,642.6195,635.5686,638.0321,638.0321,26255
M06,109,635.2875,637.6604,629.2807,632.035,632.035,30874
M06,110,628.2939,628.7829,604.8497,612.5315,612.5315,51313
M06,111,606.1106,613.5721,602.3731,611.5105,611.5105,31454
M06,112,612.4958,618.5078,604.212,604.8832,604.8832,35960
M06,113,600.9716,608.6288,597.0906,608.1639,608.1639,28635
M06,114,608.1555,609.2393,598.6086,598.9154,598.9154,27709
M06,115,593.6258,597.8724,588.1279,596.6701,596.6701,27353
M06,116,592.6578,595.1311,583.5678,586.5657,586.5657,28172
M06,117,591.4083,596.9177,587.7208,588.6609,588.6609,25918
M06,118,585.7578,598.0534,584.1977,597.8531,597.8531,26325
M06,119,598.3512,599.2145,580.5022,584.4487,584.4487,29465
M06,120,580.9318,583.5108,570.0188,583.5108,583.5108,29032
M06,121,584.7113,588.1958,579.978,581.0248,581.0248,28590
M06,122,579.5943,584.2607,573.8308,575.0807,575.0807,31540
M06,123,575.4675,583.3727,566.9699,578.8124,578.8124,31306
M06,124,574.3812,587.5997,574.3812,587.4578,587.4578,27930
M06,125,592.8967,594.743,588.8833,594.5605,594.5605,29511
M06,126,585.2651,588.1393,579.3152,584.6477,584.6477,30402
M06,127,581.7943,597.1529,581.7943,595.7811,595.7811,32199
M06,128,594.163,595.0097,591.5231,594.1118,594.1118,27905
M06,129,595.1978,597.393,590.442,592.4524,592.4524,24395
M06,130,594.1122,594.1194,587.313,592.2583,592.2583,23353
M06,131,590.8292,594.3336,587.5107,587.7673,587.7673,27087
M06,132,589.3625,592.3177,583.7603,585.4621,585.4621,25124
M06,133,578.838,593.0716,575.5122,591.2762,591.2762,32626
M06,134,592.1911,602.366,591.0163,601.5185,601.5185,36264
M06,135,604.2011,614.5864,604.2011,613.3403,613.3403,53012
M06,136,611.7655,611.9462,608.1064,610.1253,610.1253,35596
M06,137,611.1549,613.1537,604.8257,606.1979,606.1979,37287
M06,138,610.8346,612.9566,607.5298,609.5415,609.5415,29785
M06,139,607.1863,612.2755,602.6104,606.5754,606.5754,33564
M06,140,601.5283,605.2591,598.889,603.522,603.522,26519
M06,141,609.474,612.6232,597.0885,597.2165,597.2165,33003
M06,142,591.3139,591.3139,572.6502,581.3751,581.3751,36512
M06,143,581.6771,584.6789,576.8433,576.8456,576.8456,28781
M06,144,575.9319,580.9721,566.6288,569.33,569.33,28229
M06,145,572.7359,587.0215,569.4206,587.0215,587.0215,34846
M06,146,586.8834,588.7435,580.5167,581.1527,581.1527,32696
M06,147,576.5367,591.7613,575.8261,590.2242,590.2242,33852
M06,148,589.4444,592.5512,586.51,590.2696,590.2696,24727
M06,149,584.8504,589.2396,579.2624,588.4104,588.4104,27439
M06,150,584.0239,585.8528,581.0485,584.072,584.072,24179
M06,151,590.5233,590.6198,578.6142,579.0433,579.0433,25116
M06,152,567.6594,576.4172,563.7185,570.5628,570.5628,28411
M06,153,575.2243,576.5856,562.9137,563.6263,563.6263,26690
M06,154,562.4596,567.8043,558.261,567.8043,567.8043,24345
M06,155,568.8787,577.0593,568.0255,575.9328,575.9328,25309
M06,156,576.9628,576.9628,572.1274,573.2986,573.2986,22246
M06,157,569.8596,574.2976,566.9077,571.9076,571.9076,22273
M06,158,570.9346,577.6047,568.4641,573.5296,573.5296,22592
M06,159,581.4502,590.9232,581.4502,590.9232,590.9232,30184
M06,160,588.7732,590.6982,586.0451,587.8607,587.8607,26227
M06,161,584.4017,585.1755,581.766,583.2286,583.2286,21639
M06,162,582.6465,585.0019,575.7065,575.9992,575.9992,22931
M06,163,575.0593,578.1174,570.9359,574.035,574.035,21847
M06,164,576.2748,577.6427,571.1748,577.1933,577.1933,22786
M06,165,575.5932,583.2009,573.8432,581.9258,581.9258,23414
M06,166,579.3556,580.2194,571.5271,571.5271,571.5271,25033
M06,167,571.5622,576.1871,568.6313,570.2941,570.2941,19969
M06,168,572.2366,578.999,569.4867,573.4298,573.4298,23723
M06,169,572.6886,573.8386,566.1734,566.6336,566.6336,22665
M06,170,565.0105,567.5695,561.6687,564.2298,564.2298,22687
M06,171,560.2799,562.8772,557.6311,559.5144,559.5144,19377
M06,172,563.5128,565.5854,558.0403,565.0629,565.0629,24345
M06,173,567.3275,568.6232,564.4814,565.8218,565.8218,23659
M06,174,563.4676,563.4676,558.5368,559.354,559.354,20589
M06,175,557.9343,569.7284,557.9343,569.6771,569.6771,26781
M06,176,569.775,580.6176,568.9704,577.3974,577.3974,30102
M06,177,576.5158,579.0047,574.8096,575.8984,575.8984,24282
M06,178,576.9699,590.3947,574.4707,590.3947,590.3947,36862
M06,179,585.9508,589.1109,585.1261,587.2331,587.2331,24543
M06,180,591.6064,600.5324,591.1869,596.1722,596.1722,29022
M06,181,593.3614,594.3581,589.2437,590.3969,590.3969,26153
M06,182,594.724,600.5751,594.2073,600.489,600.489,29722
M06,183,583.8968,584.6835,571.6565,572.9921,572.9921,34795
M06,184,574.0467,578.4005,573.5105,575.5869,575.5869,25815
M06,185,576.6148,580.8116,572.2408,577.0621,577.0621,26723
M06,186,557.5387,561.3804,540.0815,544.9631,544.9631,44891
M06,187,546.027,554.9099,538.0983,552.9999,552.9999,38902
M06,188,551.129,552.41,542.421,543.1316,543.1316,23439
M06,189,543.6429,549.9841,537.0113,539.105,539.105,28829
M06,190,544.5044,546.2465,532.5031,541.8184,541.8184,28835
M06,191,537.6404,537.6404,525.1143,525.2833,525.2833,28175
M06,192,517.5852,537.2162,515.2953,536.6014,536.6014,31572
M06,193,545.1746,568.4979,545.1746,564.1355,564.1355,48274
M06,194,562.0399,563.5578,547.3383,549.7887,549.7887,37056
M06,195,542.4182,555.1231,541.9558,547.3216,547.3216,37434
M06,196,538.6993,552.515,536.7064,552.0272,552.0272,32884
M06,197,551.6027,554.8178,545.2535,549.0567,549.0567,33821
M06,198,544.3004,544.7088,530.7845,533.4949,533.4949,30118
M06,199,538.2443,548.4947,534.6844,544.4936,544.4936,40190
M06,200,544.4626,552.9072,543.1956,550.7617,550.7617,42096
M06,201,554.1059,558.291,551.2725,551.8201,551.8201,43343
M06,202,564.6845,570.4875,560.3403,570.4875,570.4875,50505
M06,203,563.56,565.2009,558.0297,563.5608,563.5608,45712
M06,204,561.2969,561.3273,555.9391,561.0094,561.0094,36909
M06,205,561.3302,564.6714,556.9831,557.4254,557.4254,36809
M06,206,562.6986,563.1813,556.8209,557.5255,557.5255,36683
M06,207,552.7064,552.7064,547.8404,547.9904,547.9904,33479
M06,208,549.5803,557.6273,548.9468,557.4895,557.4895,39587
M06,209,552.5439,566.5642,551.8742,564.0983,564.0983,52624
M06,210,559.2159,561.3271,554.9184,555.8234,555.8234,54008
M06,211,555.4954,563.0997,555.4427,563.0997,563.0997,44964
M06,212,564.028,569.4763,561.3352,565.9991,565.9991,52800
M06,213,568.1255,572.7039,566.4899,572.7039,572.7039,50277
M06,214,568.1805,569.5655,559.5173,560.0456,560.0456,47557
M06,215,556.0989,563.3106,555.6648,562.8243,562.8243,39778
M06,216,564.6279,565.0754,560.0756,562.4037,562.4037,31252
M06,217,558.1131,558.4024,544.7311,545.1816,545.1816,46183
M06,218,547.0934,550.0941,544.3785,546.0267,546.0267,30509
M06,219,547.9532,549.3749,543.7872,545.5911,545.5911,26782
M06,220,546.3733,551.997,543.4261,551.9491,551.9491,34927
M06,221,550.8212,551.615,541.056,541.056,541.056,29777
M06,222,539.3162,544.7094,537.3727,544.2842,544.2842,31072
M06,223,560.1873,564.0316,556.3891,561.8095,561.8095,46575
M06,224,561.7822,564.8578,560.3701,564.8325,564.8325,33834
M06,225,560.3276,566.838,559.4924,564.583,564.583,37524
M06,226,553.7941,554.6065,548.1741,548.6055,548.6055,31302
M06,227,551.3173,552.4246,549.1911,550.5877,550.5877,23754
M06,228,550.3871,552.6335,547.6338,549.4067,549.4067,26850
M06,229,552.2453,554.1945,551.4301,553.7551,553.7551,23639
M06,230,552.1032,552.5044,549.343,550.8414,550.8414,22521
M06,231,552.9935,561.2005,551.3634,558.7002,558.7002,33081
M06,232,560.4237,560.825,553.2689,553.2689,553.2689,31530
M06,233,550.7631,553.2546,547.9114,553.0432,553.0432,27074
M06,234,549.0363,552.3331,544.7732,547.5522,547.5522,27632
M06,235,545.7075,545.9613,539.0208,539.5467,539.5467,24034
M06,236,542.2601,544.4667,536.1895,540.5048,540.5048,28423
M06,237,532.9613,533.1442,527.0845,530.788,530.788,27590
M06,238,532.4417,537.2639,531.1048,536.7471,536.7471,19825
M06,239,533.122,535.2542,524.3703,533.3071,533.3071,27677
M06,240,532.5907,535.2963,530.6649,531.9889,531.9889,23194
M06,241,535.1491,536.0563,525.7002,525.7002,525.7002,26412
M06,242,527.5158,532.0817,526.3918,529.699,529.699,27111
M06,243,530.2141,530.7229,521.414,523.2963,523.2963,23986
M06,244,522.9413,528.6122,521.6972,523.4894,523.4894,27902
M06,245,518.6991,533.3941,517.6151,533.2991,533.2991,35392
M06,246,538.7225,540.4863,535.9123,539.6578,539.6578,39613
M06,247,535.2441,535.4651,533.1002,534.4322,534.4322,33805
M06,248,537.4068,545.4562,537.3517,539.0865,539.0865,42400
M06,249,541.7059,543.4037,539.1103,539.8418,539.8418,36493
M06,250,538.1994,541.4288,536.8876,541.2262,541.2262,34212
M06,251,541.6062,542.2353,537.2964,537.8807,537.8807,34826
M06,252,544.7471,552.0748,543.6872,551.8264,551.8264,35110
M06,253,546.1119,547.2101,544.8229,546.3994,546.3994,32604
M06,254,542.9184,544.8128,539.5715,539.9778,539.9778,35267
M06,255,541.0187,547.5809,540.6321,546.9746,546.9746,41172
M06,256,548.7449,552.9511,548.7449,551.1626,551.1626,39246
M06,257,552.1417,552.1417,544.4022,545.8075,545.8075,32659
M06,258,545.655,548.6754,545.0505,546.8724,546.8724,29518
M06,259,547.7996,550.4788,544.6315,549.293,549.293,33119
M06,260,549.5141,553.9038,549.3801,550.6699,550.6699,37187
M06,261,555.6591,558.7619,550.4308,551.6793,551.6793,29917
M06,262,548.5307,550.5157,541.6807,548.9325,548.9325,34787
M06,263,546.9096,549.8865,544.934,544.9693,544.9693,27673
M06,264,546.0754,551.4267,544.0122,546.7608,546.7608,33758
M06,265,548.8769,553.2503,547.3505,553.1985,553.1985,30170
M06,266,550.5322,559.1534,550.5322,559.1113,559.1113,32157
M06,267,560.5757,564.8937,559.4764,564.3479,564.3479,38056
M06,268,568.2269,579.3927,566.5276,578.1165,578.1165,54882
M06,269,573.6044,576.5445,571.9042,574.4839,574.4839,44205
M06,270,572.7882,573.3892,565.8203,566.3693,566.3693,44770
M06,271,570.851,582.383,570.851,582.383,582.383,61481
M06,272,581.9325,586.4218,577.312,581.1206,581.1206,66634
M06,273,581.8797,583.2183,577.437,581.9134,581.9134,51254
M06,274,581.7368,588.9191,578.5831,580.0217,580.0217,65370
M06,275,583.0295,594.6424,580.2453,594.6424,594.6424,66385
M06,276,598.6356,624.6626,598.6356,624.5546,624.5546,98791
M06,277,623.5337,629.1153,617.1337,617.7413,617.7413,119134
M06,278,621.4237,633.5902,618.1926,624.3607,624.3607,105032
M06,279,624.8019,628.0315,620.5957,622.8744,622.8744,82148
M06,280,625.2367,633.6178,620.2493,633.6178,633.6178,77472
M06,281,640.2489,656.1393,638.3381,642.7184,642.7184,114729
M06,282,642.861,650.3292,640.6403,650.177,650.177,95683
M06,283,649.2322,658.4372,647.0425,658.0711,658.0711,122103
M06,284,653.9763,659.5121,647.931,654.5557,654.5557,119515
M06,285,645.2029,652.9984,630.6027,630.662,630.662,139501
M06,286,627.6385,640.1474,626.4765,639.8808,639.8808,102333
M06,287,646.2887,655.6801,642.2224,648.6675,648.6675,108332
M06,288,651.4523,652.0823,641.1572,643.9268,643.9268,103609
M06,289,639.0766,644.9209,629.5819,634.2178,634.2178,86146
M06,290,638.904,648.9621,638.5959,643.3478,643.3478,72864
M06,291,642.8559,657.4245,638.9718,657.4245,657.4245,81520
M06,292,654.4358,657.2935,649.4674,652.5522,652.5522,78195
M06,293,655.6544,659.5554,649.1242,657.0299,657.0299,78408
M06,294,657.4053,663.9693,655.8596,658.9627,658.9627,92493
M06,295,659.242,660.6344,651.6217,659.9697,659.9697,76372
M06,296,647.7772,653.748,644.2083,644.4373,644.4373,88417
M06,297,654.7424,655.8411,639.9523,641.7947,641.7947,78718
M06,298,639.4061,641.636,634.2087,641.6271,641.6271,65266
M06,299,640.7173,644.1191,636.8813,637.5548,637.5548,65035
M06,300,636.5515,656.1433,636.4049,655.6607,655.6607,89597
M06,301,663.612,677.4657,663.612,676.1305,676.1305,104139
M06,302,681.4179,683.5581,677.4862,680.037,680.037,96643
M06,303,668.437,681.1553,666.995,680.5288,680.5288,88222
M06,304,689.6618,694.0234,686.0715,692.4092,692.4092,106085
M06,305,701.2783,704.9615,688.2535,695.6056,695.6056,115420
M06,306,689.0091,691.4016,683.7594,688.8538,688.8538,82374
M06,307,686.7755,695.3229,682.5658,690.4568,690.4568,83015
M06,308,691.3307,694.0134,679.3872,680.329,680.329,74997
M06,309,683.8419,686.9377,680.2308,684.6505,684.6505,64435
M06,310,689.1905,693.5638,677.2144,677.3246,677.3246,83790
M06,311,672.7235,691.6869,670.3444,691.6869,691.6869,75397
M06,312,688.6027,693.938,686.4105,691.3498,691.3498,81828
M06,313,692.4653,694.6553,688.3781,690.1564,690.1564,65996
M06,314,693.728,698.8912,688.7476,698.1361,698.1361,62865
M06,315,699.9517,700.1648,684.6624,686.4057,686.4057,80449
M06,316,686.5447,690.7577,681.1763,683.7065,683.7065,73409
M06,317,685.7908,687.3089,675.7396,685.3744,685.3744,58137
M06,318,679.6548,680.3288,665.2634,665.4339,665.4339,67834
M06,319,661.0279,665.5045,656.2727,656.399,656.399,63771
M06,320,632.8303,633.2147,609.8771,616.2368,616.2368,77463
M06,321,624.1104,629.0342,618.7098,626.7017,626.7017,56230
M06,322,612.564,624.5648,611.1912,616.959,616.959,46893
M06,323,614.0362,617.8137,608.4417,609.7071,609.7071,44537
M06,324,613.3434,626.8154,604.8517,626.3374,626.3374,61695
M06,325,616.1892,619.6557,613.4547,615.902,615.902,45203
M06,326,613.5837,621.3516,613.5837,615.8854,615.8854,44816
M06,327,618.0047,627.1073,618.0047,625.6771,625.6771,52981
M06,328,623.7716,628.5934,622.8296,628.4955,628.4955,50520
M06,329,633.1099,633.3275,615.553,617.3728,617.3728,57589
M06,330,614.5015,616.1747,606.7319,613.6046,613.6046,42382
M06,331,611.6461,622.6368,610.5345,619.8069,619.8069,47674
M06,332,617.8666,619.3277,612.3631,614.928,614.928,46199
M06,333,615.332,616.2496,608.0939,609.2813,609.2813,44371
M06,334,611.9249,617.0862,611.5351,613.0335,613.0335,35525
M06,335,608.1368,618.1288,604.2454,616.9022,616.9022,42482
M06,336,615.9857,623.1838,615.3075,620.1725,620.1725,50653
M06,337,616.9339,625.4899,616.0463,621.1677,621.1677,45637
M06,338,620.6469,621.592,615.9345,621.1557,621.1557,48282
M06,339,616.9646,620.8752,615.0698,615.7321,615.7321,44558
M06,340,615.9152,619.9666,610.4305,613.4401,613.4401,47217
M06,341,619.102,619.2617,611.4548,613.6646,613.6646,40040
M06,342,613.7935,615.035,608.6061,609.212,609.212,39137
M06,343,612.6752,612.6752,604.0816,605.2831,605.2831,34812
M06,344,607.3572,613.385,605.5007,611.4552,611.4552,34699
M06,345,607.0098,622.6122,607.0098,622.2477,622.2477,58723
M06,346,625.7392,627.3432,622.8776,624.0566,624.0566,55374
M06,347,622.3076,625.1211,618.1597,623.4756,623.4756,45280
M06,348,621.1793,623.5935,614.0693,614.5634,614.5634,47747
M06,349,617.8528,622.5842,617.203,619.3969,619.3969,33894
M06,350,616.3771,617.9202,612.7998,616.1779,616.1779,33192
M06,351,629.2479,631.2187,623.2849,623.6242,623.6242,49880
M06,352,625.072,642.2253,624.5919,640.0249,640.0249,63945
M06,353,639.1054,643.3756,638.8652,641.5869,641.5869,59028
M06,354,642.2971,644.1223,640.1877,643.1221,643.1221,45829
M06,355,643.2139,643.2139,631.2442,638.3257,638.3257,55657
M06,356,632.69,637.449,631.3771,635.1803,635.1803,35036
M06,357,637.2531,643.4331,636.918,640.2827,640.2827,42226
M06,358,638.0575,638.0575,631.4429,635.2076,635.2076,41116
M06,359,645.0718,649.4957,642.9525,649.3967,649.3967,59026
M06,360,650.191,651.4526,648.3106,650.4822,650.4822,43765
M06,361,649.575,649.575,644.1101,646.0251,646.0251,46052
M06,362,644.3864,646.2717,639.307,642.1577,642.1577,42972
M06,363,641.7087,643.8676,638.7587,643.0587,643.0587,31521
M06,364,643.2307,643.2307,626.2604,629.4032,629.4032,42554
M06,365,623.5035,625.4073,620.0945,623.3781,623.3781,31464
M06,366,623.6504,623.9831,617.9085,619.4256,619.4256,26473
M06,367,627.4523,631.2553,623.1301,625.2464,625.2464,33112
M06,368,626.3082,631.2901,624.2608,629.5758,629.5758,30321
M06,369,625.4873,632.6487,618.0261,629.9062,629.9062,38363
M06,370,626.8432,628.1615,625.2754,626.6257,626.6257,29178
M06,371,626.0796,628.0114,624.2524,625.7957,625.7957,29711
M06,372,621.6612,621.6612,617.2866,617.2866,617.2866,33105
M06,373,621.7547,628.1481,621.7547,624.8574,624.8574,30995
M06,374,625.2799,625.5731,615.4282,616.9849,616.9849,40050
M06,375,620.5202,623.6283,619.6927,623.3231,623.3231,27891
M06,376,622.7757,628.8837,622.7457,626.0631,626.0631,31340
M06,377,625.3773,628.4088,623.8712,628.4088,628.4088,31712
M06,378,626.9221,631.2621,626.1492,630.4506,630.4506,29280
M06,379,632.0203,632.9972,629.6717,631.3956,631.3956,29120
M06,380,627.1177,631.2406,627.1177,628.4118,628.4118,31611
M06,381,628.2061,628.2061,624.3849,625.6693,625.6693,29497
M06,382,625.7674,627.1578,621.6753,623.1793,623.1793,30049
M06,383,610.8515,613.2297,608.7401,612.2413,612.2413,38999
M06,384,613.9775,615.9369,606.8624,606.8624,606.8624,37953
M06,385,598.0627,600.309,588.7881,598.1848,598.1848,49868
M06,386,600.1508,600.9414,595.7742,595.7742,595.7742,33669
M06,387,594.6678,597.9789,594.2537,596.8823,596.8823,34267
M06,388,603.9426,604.5324,596.3846,597.3038,597.3038,32378
M06,389,594.2747,601.3262,593.1298,601.3262,601.3262,27465
M06,390,599.1072,599.9615,597.5142,598.938,598.938,30756
M06,391,603.3672,604.5207,599.7848,600.0389,600.0389,33428
M06,392,591.9766,603.4546,590.7958,603.4332,603.4332,34400
M06,393,601.9276,606.7877,600.6949,603.2628,603.2628,33409
M06,394,602.9958,613.1141,601.79,613.1141,613.1141,46542
M06,395,615.0818,617.8591,614.2101,615.2783,615.2783,42391
M06,396,618.8394,621.0174,618.2131,619.8853,619.8853,31785
M06,397,615.0745,615.2534,610.7911,614.1757,614.1757,30972
M06,398,617.8024,621.5091,616.4299,620.432,620.432,36605
M06,399,604.9784,609.1099,604.6007,607.6415,607.6415,33776
M06,400,617.2177,625.8173,617.1941,622.0769,622.0769,44451
M06,401,618.5016,619.3137,615.3853,616.8241,616.8241,40542
M06,402,619.2068,619.7627,615.4843,618.1206,618.1206,35843
M06,403,620.3834,621.9198,613.2821,615.8725,615.8725,41358
M06,404,618.0544,626.947,617.3565,626.0108,626.0108,47426
M06,405,628.7168,629.6215,626.4091,629.6215,629.6215,42100
M06,406,627.8711,634.2318,627.4701,634.2318,634.2318,47875
M06,407,635.0148,644.2389,635.0148,637.8346,637.8346,69863
M06,408,640.8397,641.5496,637.6276,641.477,641.477,50200
M06,409,643.4048,643.9283,639.5556,643.6091,643.6091,54911
M06,410,648.5361,648.5361,643.8168,647.2058,647.2058,54961
M06,411,650.0141,650.1493,644.4985,645.4832,645.4832,49899
M06,412,646.2191,649.8266,643.7685,649.3489,649.3489,41105
M06,413,650.2381,650.454,645.5632,647.8504,647.8504,46203
M06,414,647.5888,647.5888,636.2078,637.8248,637.8248,47587
M06,415,638.9161,641.5539,638.5564,639.2544,639.2544,33195
M06,416,638.2792,639.6356,634.5428,639.6356,639.6356,34628
M06,417,641.7451,643.1397,639.9041,642.0953,642.0953,41025
M06,418,641.291,641.291,633.2556,636.7311,636.7311,36622
M06,419,635.9221,640.9207,634.7012,637.1728,637.1728,34112
M06,420,640.2284,640.2284,635.4466,635.4466,635.4466,38110
M06,421,638.5679,639.7656,630.7659,630.9447,630.9447,42514
M06,422,625.5043,627.552,623.6766,626.0765,626.0765,31051
M06,423,623.9336,625.7577,619.0898,619.0898,619.0898,25603
M06,424,621.5529,627.3839,621.5529,623.2235,623.2235,30095
M06,425,618.5936,623.4493,616.3469,623.4493,623.4493,29181
M06,426,626.5508,632.0219,625.3764,631.694,631.694,29610
M06,427,632.7534,638.3147,630.2244,636.7879,636.7879,36591
M06,428,640.2582,647.1912,639.3708,643.235,643.235,42211
M06,429,641.1872,641.1872,637.0573,638.0706,638.0706,33021
M06,430,640.097,643.9064,636.5271,637.1239,637.1239,34249
M06,431,639.2426,640.6863,637.0075,638.6721,638.6721,27093
M06,432,639.0651,640.1065,628.5438,629.5938,629.5938,33648
M06,433,627.463,628.836,623.9962,628.6863,628.6863,29133
M06,434,629.7233,631.6559,627.3268,631.6003,631.6003,25432
M06,435,633.8156,634.745,629.8791,631.3795,631.3795,29141
M06,436,627.9823,629.9085,624.3667,627.3232,627.3232,29861
M06,437,629.1114,632.9133,624.8432,632.2051,632.2051,27290
M06,438,631.368,635.9431,630.9988,635.9261,635.9261,37902
M06,439,639.6964,639.6964,634.3581,634.3581,634.3581,36883
M06,440,630.3132,631.1339,627.1867,628.1463,628.1463,36602
M06,441,628.9007,629.3086,624.3476,625.5307,625.5307,36698
M06,442,624.0192,631.5924,622.4849,631.2445,631.2445,34310
M06,443,634.8228,638.78,634.8228,637.159,637.159,35616
M06,444,640.6891,647.2752,638.6085,643.6712,643.6712,37985
M06,445,637.2753,638.025,632.5213,634.4127,634.4127,36502
M06,446,636.1292,638.4382,634.2005,636.2488,636.2488,30222
M06,447,638.1813,639.2001,631.5436,631.8292,631.8292,31766
M06,448,631.9515,631.9515,622.6992,623.3847,623.3847,37182
M06,449,623.7131,624.8479,619.1118,624.1028,624.1028,26587
M06,450,619.3465,619.5252,615.2963,617.6924,617.6924,30765
M06,451,620.1193,622.173,618.3876,620.5736,620.5736,29173
M06,452,622.2954,623.6805,617.9883,618.0183,618.0183,28150
M06,453,617.8278,622.4953,616.6603,622.0292,622.0292,27546
M06,454,618.7373,625.0668,618.4348,625.0668,625.0668,31885
M06,455,619.8495,620.3533,615.4696,616.2381,616.2381,33866
M06,456,620.0132,621.6815,617.6592,620.246,620.246,26895
M06,457,621.8889,625.9075,614.9879,617.4059,617.4059,35756
M06,458,620.31,624.8243,619.2437,624.7297,624.7297,41882
M06,459,621.8041,622.3421,618.6892,620.6384,620.6384,35785
M06,460,620.0936,622.0336,617.5367,619.6219,619.6219,29586
M06,461,620.7597,622.3587,616.711,618.0496,618.0496,25951
M06,462,616.6994,618.0712,610.8464,613.7098,613.7098,26144
M06,463,613.2137,616.2942,612.3156,613.5039,613.5039,29725
M06,464,616.1427,619.3588,613.4462,619.3244,619.3244,25942
M06,465,616.5225,617.7204,614.9182,616.7813,616.7813,27523
M06,466,622.2026,625.5406,621.893,624.9946,624.9946,31695
M06,467,617.9049,619.9777,616.3024,619.9777,619.9777,28864
M06,468,620.3215,621.4136,618.3616,620.3257,620.3257,35010
M06,469,624.1634,626.3642,622.8429,625.9597,625.9597,34737
M06,470,621.8588,623.0618,620.2415,622.245,622.245,36205
M06,471,623.2593,623.2593,620.5191,620.9923,620.9923,33709
M06,472,624.5408,631.3873,624.1312,630.8973,630.8973,47374
M06,473,637.5984,640.5326,634.9667,640.4793,640.4793,48008
M06,474,639.105,650.6916,638.5128,647.0605,647.0605,65624
M06,475,644.5574,647.0677,642.4785,643.614,643.614,56092
M06,476,643.4479,644.3575,641.4942,643.4294,643.4294,44018
M06,477,643.6708,645.3429,639.9661,640.5369,640.5369,49004
M06,478,645.7967,648.0151,637.4846,637.9833,637.9833,45329
M06,479,635.7953,639.6525,634.693,639.4085,639.4085,33244
M06,480,638.9862,640.6722,636.8914,639.2978,639.2978,40245
M06,481,640.3494,645.9568,640.1664,645.9568,645.9568,42980
M06,482,641.2541,647.4944,640.5672,640.8668,640.8668,54911
M06,483,641.3463,650.5934,638.1751,650.2997,650.2997,55942
M06,484,648.0906,651.3544,646.8369,651.0229,651.0229,51858
M06,485,656.9147,663.7197,656.9147,660.9556,660.9556,61899
M06,486,662.0765,663.1046,658.9678,660.9542,660.9542,57535
M06,487,652.2367,659.9452,651.0473,654.8914,654.8914,67436
M06,488,658.968,663.2314,658.7204,663.0928,663.0928,58796
M06,489,661.5558,661.5558,654.0497,655.7092,655.7092,64834
M06,490,660.2527,663.3989,659.7154,662.8748,662.8748,54288
M06,491,666.3241,666.9537,661.8356,664.1756,664.1756,42930
M06,492,659.1022,664.2354,655.6678,664.2354,664.2354,50616
M06,493,667.0355,668.4253,663.816,664.0757,664.0757,49709
M06,494,663.3504,664.3701,658.8336,660.5437,660.5437,46554
M06,495,664.6593,664.7963,659.324,660.0104,660.0104,42458
M06,496,655.9396,658.1721,652.9145,654.6692,654.6692,40876
M06,497,658.797,661.8318,656.3104,661.7198,661.7198,46058
M06,498,661.5733,661.5733,654.1639,654.3589,654.3589,49290
M06,499,652.8424,659.4527,645.9199,657.6268,657.6268,51792
M06,500,650.6685,652.1868,632.9759,637.5127,637.5127,54970
M06,501,581.5967,592.2748,581.5967,587.9994,587.9994,53634
M06,502,572.5345,594.0467,572.5345,593.4335,593.4335,80651
M06,503,599.0677,609.8744,596.17,604.585,604.585,68699
M06,504,607.2601,617.9365,603.1185,615.7712,615.7712,65723
M06,505,610.1391,613.7735,605.8366,613.7735,613.7735,66218
M06,506,613.7102,620.436,611.683,620.1443,620.1443,57004
M06,507,620.4054,624.5378,617.769,621.9336,621.9336,60372
M06,508,620.1896,626.9029,619.5188,626.9029,626.9029,59295
M06,509,624.395,626.1574,618.87,619.9006,619.9006,58685
M06,510,623.6904,629.514,623.6276,627.3773,627.3773,57106
M06,511,625.9222,638.4719,625.9222,638.4688,638.4688,72503
M06,512,636.6016,638.564,632.1956,637.3622,637.3622,69686
M06,513,634.492,638.4848,632.8522,633.6146,633.6146,68037
M06,514,636.4351,646.9982,633.5676,646.7384,646.7384,77861
M06,515,650.6408,658.5313,650.1876,654.3916,654.3916,81971
M06,516,649.8039,652.8704,645.3965,650.5207,650.5207,80082
M06,517,633.4463,640.8545,625.2994,640.027,640.027,91007
M06,518,635.3361,646.0786,634.5938,637.3645,637.3645,91304
M06,519,643.4285,647.0773,640.8462,643.1791,643.1791,78329
M06,520,625.8733,630.8991,616.0085,616.3852,616.3852,100386
M06,521,621.3761,639.2067,621.3761,636.7258,636.7258,82742
M06,522,639.3713,643.614,632.9357,636.3961,636.3961,97644
M06,523,637.657,644.1148,636.0642,644.0425,644.0425,84731
M06,524,651.5581,659.7348,648.7192,659.1811,659.1811,97377
M06,525,651.2702,653.9491,649.0256,650.1071,650.1071,77335
M06,526,639.6701,640.1035,629.7198,630.2716,630.2716,84289
M06,527,627.1158,644.5957,624.0788,643.8364,643.8364,86447
M06,528,643.062,644.833,635.94,635.94,635.94,77080
M06,529,626.0936,627.8953,619.7533,623.4216,623.4216,66380
M06,530,596.0741,618.7437,595.1712,613.7583,613.7583,83952
M06,531,618.4606,618.6173,594.4166,595.3968,595.3968,79152
M06,532,601.5882,608.1764,584.1485,598.0077,598.0077,64784
M06,533,597.3005,602.3385,583.7033,583.7033,583.7033,57050
M06,534,583.7318,587.4698,568.1476,580.0234,580.0234,69326
M06,535,583.3475,588.669,578.101,587.3261,587.3261,60419
M06,536,572.3396,577.8416,567.8316,568.616,568.616,56409
M06,537,579.73,584.1027,572.0333,583.8948,583.8948,55449
M06,538,593.5682,596.4196,589.8251,594.913,594.913,60791
M06,539,589.4964,595.1756,587.689,590.1399,590.1399,53127
M06,540,597.3646,600.0518,592.8244,592.92,592.92,51665
M06,541,587.1861,591.3398,583.6144,588.7925,588.7925,50215
M06,542,591.0748,591.8995,585.9076,587.4413,587.4413,44042
M06,543,583.8364,590.1828,581.1845,581.9171,581.9171,46963
M06,544,583.8595,596.8256,583.7899,596.8256,596.8256,47098
M06,545,593.4577,594.9578,589.2847,591.4059,591.4059,43169
M06,546,604.4862,607.9984,603.3817,607.457,607.457,57481
M06,547,604.2468,607.9717,603.0363,606.2823,606.2823,52721
M06,548,605.0099,606.4135,603.8524,605.0238,605.0238,52133
M06,549,603.8782,605.123,595.93,597.3515,597.3515,50139
M06,550,595.5991,597.3729,593.3496,595.2676,595.2676,40012
M06,551,599.9962,606.9728,598.8427,606.9695,606.9695,43191
M06,552,610.3341,611.0008,606.4566,606.9899,606.9899,45020
M06,553,599.9676,605.3077,599.6265,604.5782,604.5782,43787
M06,554,605.7997,609.9448,604.617,606.4272,606.4272,54397
M06,555,612.1466,614.858,610.6064,614.7638,614.7638,45215
M06,556,604.9085,604.9085,597.6264,601.6684,601.6684,52793
M06,557,599.6656,606.0401,598.4756,606.0401,606.0401,47526
M06,558,612.2092,612.8805,609.0705,609.6296,609.6296,52784
M06,559,606.9026,606.9026,599.9578,601.2487,601.2487,51647
M06,560,602.3574,606.732,600.3688,603.0542,603.0542,49484
M06,561,603.8742,604.2499,590.6522,601.7399,601.7399,54016
M06,562,603.1726,609.714,603.0338,607.7069,607.7069,46609
M06,563,608.461,615.5944,608.461,614.4112,614.4112,53168
M06,564,601.3172,611.4318,601.1093,611.1933,611.1933,56533
M06,565,618.666,619.8595,616.1084,617.6014,617.6014,52827
M06,566,619.6516,624.185,618.8971,622.3665,622.3665,49252
M06,567,625.2156,627.9543,621.5116,623.7568,623.7568,47589
M06,568,616.1111,616.8103,611.1333,615.4596,615.4596,43754
M06,569,618.762,622.4759,617.1694,622.0018,622.0018,41661
M06,570,615.1713,615.1713,611.3625,611.6095,611.6095,43845
M06,571,622.3167,623.0756,618.5714,619.6708,619.6708,38357
M06,572,616.2153,619.96,614.0158,616.8361,616.8361,53701
M06,573,626.8574,627.4051,624.6703,627.0497,627.0497,41882
M06,574,618.8183,618.8183,614.4836,616.099,616.099,49424
M06,575,622.0767,622.2483,616.371,617.1709,617.1709,42299
M06,576,613.2876,613.2876,601.5002,602.7312,602.7312,48768
M06,577,605.1368,606.2664,602.1767,605.5083,605.5083,34974
M06,578,607.456,611.8466,607.0272,611.4622,611.4622,37539
M06,579,612.755,613.1159,609.4426,610.4919,610.4919,41142
M06,580,607.7105,612.7888,603.8433,609.4267,609.4267,45237
M06,581,607.5186,611.759,606.2423,611.1109,611.1109,46501
M06,582,616.8529,626.5583,616.8529,626.1889,626.1889,53324
M06,583,625.2992,627.4524,623.7578,626.3887,626.3887,59671
M06,584,626.0078,628.6501,624.3564,624.5081,624.5081,55243
M06,585,628.1547,628.3968,623.6369,625.4579,625.4579,50291
M06,586,626.73,628.3616,623.7132,628.3616,628.3616,45527
M06,587,633.7819,635.5234,632.1076,632.8747,632.8747,51429
M06,588,629.732,633.499,628.3189,633.2833,633.2833,47527
M06,589,634.1786,634.1898,630.647,632.5616,632.5616,43872
M06,590,630.5956,633.3541,624.6757,626.5427,626.5427,49842
M06,591,619.9184,631.4367,619.0163,629.171,629.171,48706
M06,592,622.0172,625.0671,618.1139,618.1139,618.1139,47810
M06,593,624.6834,628.7474,623.8898,628.7409,628.7409,51490
M06,594,631.1472,631.9973,628.2139,631.8359,631.8359,53324
M06,595,627.4339,630.2222,625.3417,629.4556,629.4556,56436
M06,596,626.9309,634.2971,626.2973,633.0833,633.0833,56873
M06,597,638.7615,642.3219,637.068,638.4108,638.4108,57581
M06,598,632.4669,634.9266,630.1085,634.5458,634.5458,49584
M06,599,642.1939,644.3454,641.814,643.6127,643.6127,46689
M06,600,637.5379,638.575,632.9692,635.0591,635.0591,50159
M06,601,639.8838,645.4343,639.8838,644.1069,644.1069,43353
M06,602,643.4696,651.0,642.1365,650.9559,650.9559,64284
M06,603,651.1304,665.9295,650.69,665.5259,665.5259,74724
M06,604,666.3272,676.8068,666.3272,676.8068,676.8068,107056
M06,605,684.6619,716.7561,684.6619,715.8131,715.8131,160887
M06,606,731.5869,737.2404,721.9119,723.8799,723.8799,149295
M06,607,715.8424,733.8543,713.7306,729.9741,729.9741,132309
M06,608,727.2091,738.6379,725.1056,737.2752,737.2752,139982
M06,609,733.2375,736.2773,723.2804,725.5998,725.5998,118659
M06,610,723.4291,740.4273,721.2137,737.1081,737.1081,123569
M06,611,736.642,740.1156,721.8576,732.2661,732.2661,115765
M06,612,738.4114,740.6497,721.9412,725.2977,725.2977,104535
M06,613,721.6554,725.3479,690.1279,690.2079,690.2079,113931
M06,614,688.4822,696.702,681.3868,688.4237,688.4237,83763
M06,615,697.9014,713.0126,692.9044,713.0126,713.0126,92727
M06,616,719.1667,720.4908,712.6942,717.0826,717.0826,80880
M06,617,713.991,728.3765,713.2596,717.8638,717.8638,85328
M06,618,711.5123,718.0011,701.113,715.5929,715.5929,90767
M06,619,710.791,712.612,683.8076,686.3417,686.3417,92756
M06,620,694.8962,697.4068,687.1627,693.7795,693.7795,66743
M06,621,691.2347,695.3408,687.4553,691.6261,691.6261,62423
M06,622,695.5084,711.1723,692.9185,711.1723,711.1723,71439
M06,623,712.1253,714.9049,708.3679,709.3736,709.3736,73339
M06,624,702.9055,714.2585,698.7958,709.164,709.164,77346
M06,625,716.8517,724.5791,715.8823,724.5497,724.5497,89826
M06,626,729.6044,732.7658,724.4313,728.578,728.578,90778
M06,627,722.7653,727.1298,716.4366,725.8233,725.8233,82331
M06,628,729.4419,732.0181,719.424,730.6717,730.6717,93588
M06,629,723.1794,723.94,709.6892,719.6279,719.6279,87820
M06,630,723.7327,736.3822,722.3281,731.9032,731.9032,81549
M06,631,727.2388,733.6024,717.9011,718.8039,718.8039,89346
M06,632,716.4374,718.2107,702.6086,714.6661,714.6661,81637
M06,633,719.5312,721.6882,715.4857,717.9208,717.9208,68194
M06,634,715.236,725.2361,712.4462,724.8202,724.8202,72641
M06,635,724.3416,740.872,723.3695,738.2747,738.2747,94923
M06,636,734.0458,737.1993,732.0637,735.9983,735.9983,71208
M06,637,741.3387,743.4685,733.0741,733.4969,733.4969,91643
M06,638,734.115,735.9778,726.9194,729.3308,729.3308,77193
M06,639,727.7369,730.6844,722.9518,727.8351,727.8351,59290
M06,640,733.1185,734.2973,728.1273,731.9348,731.9348,55004
M06,641,732.0038,735.4536,725.8075,727.8394,727.8394,60961
M06,642,726.1165,728.4412,714.9889,717.0569,717.0569,65394
M06,643,717.822,721.7713,713.4076,721.4009,721.4009,53093
M06,644,717.6038,730.3823,716.1798,729.9384,729.9384,53559
M06,645,738.3591,744.0183,733.8031,733.8484,733.8484,69180
M06,646,729.1503,733.6385,727.4228,733.6385,733.6385,56177
M06,647,739.0294,739.2297,729.6831,735.6444,735.6444,61488
M06,648,738.4844,743.1697,732.0262,734.3514,734.3514,55773
M06,649,720.9282,726.0488,719.2306,725.0248,725.0248,46955
M06,650,721.275,725.221,707.4337,708.9318,708.9318,59216
M06,651,707.9226,712.8925,702.61,711.1821,711.1821,60108
M06,652,706.9965,708.8535,697.8523,701.3144,701.3144,72880
M06,653,709.5618,710.2625,697.7609,699.3128,699.3128,62595
M06,654,693.8867,701.7841,692.7578,701.3212,701.3212,48333
M06,655,704.6464,706.2844,701.4694,705.2693,705.2693,50257
M06,656,703.1249,707.5366,700.2551,707.1054,707.1054,43408
M06,657,710.1317,712.1346,705.3676,708.1384,708.1384,46939
M06,658,704.5065,707.3193,698.3101,703.0256,703.0256,44147
M06,659,701.7891,716.2529,701.2774,716.2027,716.2027,57427
M06,660,722.5043,722.8689,714.7747,715.6083,715.6083,46869
M06,661,710.0719,716.4509,704.6852,706.5408,706.5408,49439
M06,662,705.5891,707.9403,702.5882,705.7774,705.7774,37552
M06,663,699.1463,699.6747,690.2235,690.639,690.639,40409
M06,664,694.9739,696.068,689.3143,691.7602,691.7602,36624
M06,665,691.5535,694.3854,688.5334,689.9576,689.9576,32607
M06,666,691.4115,693.7518,688.8304,689.8078,689.8078,34770
M06,667,694.1351,696.7554,687.6148,690.9877,690.9877,35241
M06,668,700.1083,703.9495,699.5881,702.1393,702.1393,40306
M06,669,706.888,722.3329,706.6263,722.1849,722.1849,49540
M06,670,719.6062,721.4756,715.6097,721.0288,721.0288,44344
M06,671,720.0614,720.0614,715.6253,717.303,717.303,41366
M06,672,720.7236,723.2366,717.9379,718.4083,718.4083,43455
M06,673,714.8467,717.9546,711.5566,715.2543,715.2543,41451
M06,674,721.0189,725.3199,711.7111,712.7503,712.7503,44478
M06,675,707.0441,711.5231,704.1836,711.5231,711.5231,33620
M06,676,717.0698,717.0698,711.0486,715.5355,715.5355,40600
M06,677,712.071,713.1576,704.6729,711.358,711.358,35566
M06,678,713.0865,716.943,706.2884,706.5852,706.5852,34852
M06,679,701.4742,702.7105,694.5641,699.8417,699.8417,38308
M06,680,691.2383,694.9916,690.13,694.134,694.134,30553
M06,681,696.6737,700.8778,692.8567,699.4593,699.4593,35135
M06,682,691.4308,702.9719,690.4394,699.3307,699.3307,40834
M06,683,700.3999,700.6615,687.7513,688.8431,688.8431,54375
M06,684,687.9119,690.9137,683.9051,687.146,687.146,49605
M06,685,691.6814,699.9171,691.2647,698.357,698.357,47258
M06,686,698.317,701.1303,694.195,699.1717,699.1717,41975
M06,687,709.3666,712.5487,706.3666,712.4897,712.4897,49141
M06,688,712.2461,712.2461,704.8989,709.1829,709.1829,53393
M06,689,713.4311,724.4441,713.4311,722.924,722.924,65751
M06,690,722.8783,722.8783,714.0334,717.0158,717.0158,58440
M06,691,722.3826,724.9264,719.1554,719.8364,719.8364,61846
M06,692,714.4366,715.6798,711.2387,713.2019,713.2019,49929
M06,693,713.4573,713.4573,705.8266,709.7854,709.7854,51762
M06,694,710.1928,714.7517,707.6357,714.7517,714.7517,58461
M06,695,715.8636,715.9812,710.9018,714.313,714.313,59922
M06,696,713.2626,717.8708,712.5487,715.3936,715.3936,58504
M06,697,713.3649,719.3996,711.5199,718.4927,718.4927,54029
M06,698,717.9459,722.3374,717.2428,721.8203,721.8203,59557
M06,699,723.8464,734.0172,722.5395,730.3467,730.3467,81354
M06,700,731.7975,733.1972,729.3996,730.8126,730.8126,72427
M06,701,737.4601,738.7484,725.5512,725.5512,725.5512,69847
M06,702,717.6407,720.074,714.2706,719.7064,719.7064,54252
M06,703,720.0486,727.4039,718.0528,727.4039,727.4039,61223
M06,704,729.3496,737.5816,723.7165,723.7165,723.7165,81416
M06,705,724.9482,739.6333,724.5032,738.414,738.414,64867
M06,706,740.7153,743.3343,736.9303,739.828,739.828,65331
M06,707,738.0899,738.8648,733.8657,736.7192,736.7192,68953
M06,708,738.3798,740.8882,734.1514,740.0669,740.0669,56522
M06,709,739.5672,740.1959,732.6291,733.1205,733.1205,51261
M06,710,733.891,736.2466,730.743,732.2783,732.2783,48676
M06,711,732.1344,733.5185,722.6696,722.68,722.68,61505
M06,712,719.4052,723.4998,717.6999,721.0178,721.0178,56012
M06,713,729.1437,729.6116,717.1022,721.8507,721.8507,68018
M06,714,713.5777,718.1783,711.2539,717.7503,717.7503,49707
M06,715,722.5722,724.0704,718.6745,722.7117,722.7117,49988
M06,716,724.2245,725.8143,721.6269,723.3051,723.3051,52300
M06,717,725.5922,733.9697,722.7335,733.6935,733.6935,62048
M06,718,736.2411,739.1251,732.4002,735.0308,735.0308,62647
M06,719,731.5258,737.8217,728.6641,737.1666,737.1666,57896
M06,720,731.1525,732.1783,718.9107,719.5375,719.5375,67182
M06,721,723.5399,730.3691,723.0515,727.8109,727.8109,64221
M06,722,726.4246,728.9765,720.374,722.3265,722.3265,59344
M06,723,718.87,728.5679,718.1311,728.4726,728.4726,64274
M06,724,730.9298,734.4076,728.1956,731.1291,731.1291,67312
M06,725,732.0768,733.7553,727.0791,727.714,727.714,68818
M06,726,729.404,737.9288,729.2758,737.9286,737.9286,65047
M06,727,737.3535,749.2536,737.3535,748.855,748.855,75476
M06,728,748.1616,756.1232,744.3994,754.2506,754.2506,85848
M06,729,750.4614,758.3022,748.8549,758.3022,758.3022,96822
M06,730,762.751,768.3448,758.9099,767.0649,767.0649,81720
M06,731,764.58,769.5933,758.922,769.5933,769.5933,86757
M06,732,765.7764,767.996,758.7558,764.154,764.154,72962
M06,733,769.8322,775.5189,758.1198,761.248,761.248,79972
M06,734,756.6937,776.1229,756.5776,776.1229,776.1229,73866
M06,735,778.8046,780.7589,770.6818,775.6515,775.6515,91169
M06,736,770.3091,773.3444,764.8659,766.2207,766.2207,81057
M06,737,762.485,767.3985,755.5371,762.5049,762.5049,78813
M06,738,762.9537,774.5371,760.6915,771.8435,771.8435,63526
M06,739,773.4758,774.9361,764.1546,767.0279,767.0279,70367
M06,740,769.5461,775.1255,767.8883,773.6422,773.6422,58794
M06,741,767.8631,777.5538,766.7676,774.3506,774.3506,77882
M06,742,775.25,775.25,768.4963,773.1514,773.1514,72580
M06,743,772.6793,779.4815,769.6059,776.7249,776.7249,68089
M06,744,775.0552,775.0552,765.133,766.139,766.139,64325
M06,745,768.8117,771.2361,764.2733,770.0595,770.0595,59675
M06,746,760.6706,763.8718,752.5381,754.3237,754.3237,60296
M06,747,756.3975,758.5195,740.2522,748.0965,748.0965,65495
M06,748,747.8074,754.0908,746.2381,753.8532,753.8532,62139
M06,749,754.7533,760.062,751.477,759.6714,759.6714,57609
M06,750,758.4941,761.2565,753.6306,755.5211,755.5211,68356
M06,751,753.6037,758.1081,745.4288,753.1907,753.1907,68816
M06,752,752.9358,758.7392,749.3894,750.1124,750.1124,63355
M06,753,752.7615,760.8475,750.0907,758.7509,758.7509,60127
M06,754,763.5736,777.4305,761.1798,777.3179,777.3179,55854
M06,755,776.7074,787.4902,776.6841,785.8394,785.8394,54994
M06,756,798.9921,801.2682,786.6623,789.173,789.173,75492
M06,757,784.4576,792.5698,778.5089,791.8238,791.8238,78148
M06,758,791.1659,793.3171,777.3473,777.3473,777.3473,101780
M06,759,770.9062,782.5091,770.9062,774.8825,774.8825,85884
M06,760,786.6949,788.1457,763.4888,770.5119,770.5119,75687
M06,761,774.0502,776.8531,768.2225,771.7919,771.7919,75082
M06,762,756.2021,763.9157,753.2199,755.023,755.023,75642
M06,763,756.3226,760.8387,752.1483,760.5888,760.5888,72731
M06,764,765.2007,765.2007,747.7189,752.7019,752.7019,71031
M06,765,751.0316,767.6523,750.7226,767.4977,767.4977,79260
M06,766,763.7097,764.9069,750.949,754.418,754.418,91416
M06,767,740.2364,753.116,738.8168,748.5033,748.5033,80351
M06,768,755.502,759.2141,733.2633,733.304,733.304,83448
M06,769,736.9981,739.9781,718.2178,724.903,724.903,94497
M06,770,726.9678,728.5097,719.4576,720.0838,720.0838,65208
M06,771,721.5773,735.9087,721.5773,735.9087,735.9087,68828
M06,772,740.7184,742.2891,734.2807,741.9819,741.9819,73277
M06,773,734.6094,737.9411,724.0722,729.9288,729.9288,84413
M06,774,733.2817,738.47,729.3254,738.0096,738.0096,74812
M06,775,732.8861,736.7949,727.4573,734.9807,734.9807,61418
M06,776,739.6116,745.723,739.555,742.4904,742.4904,71084
M06,777,732.6099,735.9586,725.2108,728.4995,728.4995,65426
M06,778,732.6696,740.7445,732.263,740.6972,740.6972,68961
M06,779,737.9996,738.0167,726.1564,730.7531,730.7531,66848
M06,780,727.1672,731.7006,720.3222,721.3677,721.3677,67518
M06,781,719.1698,724.9916,717.0048,720.9961,720.9961,60177
M06,782,721.9665,732.6475,721.9665,731.5997,731.5997,61350
M06,783,733.2013,737.5202,728.9801,734.413,734.413,68119
M06,784,735.7381,741.1181,733.764,740.9145,740.9145,63069
M06,785,742.6512,742.6512,735.9006,740.4354,740.4354,61076
M06,786,743.0558,748.4958,741.7659,747.6977,747.6977,57834
M06,787,741.0242,744.2161,738.9338,743.5345,743.5345,54954
M06,788,748.2247,748.5783,743.9667,746.3689,746.3689,55414
M06,789,748.8874,748.8874,742.3883,748.0726,748.0726,66254
M06,790,741.0141,747.0875,739.2681,744.2325,744.2325,74635
M06,791,752.3008,752.3029,745.0926,746.9412,746.9412,61310
M06,792,743.3702,745.5684,734.2948,736.2471,736.2471,74467
M06,793,733.2776,736.3084,728.2497,730.0919,730.0919,56717
M06,794,731.8946,736.8521,731.0241,736.139,736.139,55364
M06,795,727.8588,727.8588,720.0628,725.5917,725.5917,47832
M06,796,732.587,738.0569,729.7789,736.7647,736.7647,55150
M06,797,735.5123,746.555,732.6819,746.2417,746.2417,66981
M06,798,746.6348,752.4814,745.8401,747.8816,747.8816,63757
M06,799,742.8357,748.198,741.5053,746.4098,746.4098,56210
M06,800,741.3038,741.8423,735.6612,737.5322,737.5322,58876
M06,801,745.7444,750.1106,744.5036,748.3464,748.3464,57145
M06,802,751.5655,754.3719,741.7419,742.3027,742.3027,57108
M06,803,732.0941,732.8942,727.2355,732.6303,732.6303,51494
M06,804,737.2233,742.5739,735.3266,742.5739,742.5739,52114
M06,805,743.0112,747.3407,740.7573,746.6252,746.6252,58925
M06,806,745.5826,745.7524,736.6828,740.9736,740.9736,73757
M06,807,742.7382,748.1631,738.5957,741.7058,741.7058,67058
M06,808,741.3945,743.8641,735.0205,735.4701,735.4701,78379
M06,809,735.2651,736.5859,730.6133,736.21,736.21,89002
M06,810,732.3536,741.2753,727.6455,739.9317,739.9317,86071
M06,811,738.4071,746.2912,738.1142,745.5118,745.5118,71413
M06,812,734.8281,738.2281,731.8821,734.2715,734.2715,69984
M06,813,739.28,751.0165,736.369,750.9605,750.9605,76402
M06,814,749.5311,758.1422,749.4731,755.3742,755.3742,76003
M06,815,755.1945,756.9877,753.0945,756.9877,756.9877,57034
M06,816,756.5716,756.5716,752.8565,754.3907,754.3907,63278
M06,817,754.1956,757.8278,751.0051,755.5011,755.5011,74627
M06,818,752.7765,754.3932,746.0932,747.5705,747.5705,63914
M06,819,751.3386,753.9312,747.8042,753.7114,753.7114,59414
M06,820,751.395,768.9949,751.3735,768.2998,768.2998,72916
M06,821,769.476,773.0478,769.1606,770.8747,770.8747,76146
M06,822,770.798,779.5319,769.4072,775.7679,775.7679,67625
M06,823,775.4039,777.8542,769.303,773.2586,773.2586,78596
M06,824,773.2345,776.5829,769.0634,776.5443,776.5443,76891
M06,825,779.5056,783.2794,773.7402,782.9856,782.9856,81835
M06,826,780.505,781.1421,771.5233,774.2223,774.2223,73647
M06,827,770.3714,775.3188,767.9695,767.9695,767.9695,73711
M06,828,763.4479,774.8671,762.6813,769.0943,769.0943,77247
M06,829,779.6247,780.3269,776.3217,780.1449,780.1449,68215
M06,830,776.0032,780.9131,768.3482,771.9838,771.9838,64972
M06,831,771.8017,776.5294,770.904,774.952,774.952,66569
M06,832,774.7717,782.7213,774.0374,779.8101,779.8101,71580
M06,833,778.0724,778.1348,772.2683,772.828,772.828,80393
M06,834,770.6266,771.8038,761.9741,763.9869,763.9869,79790
M06,835,764.0191,764.96,754.7501,755.7747,755.7747,62616
M06,836,760.8271,766.4395,760.6167,764.5745,764.5745,60966
M06,837,756.6383,759.8879,752.9158,757.6269,757.6269,68776
M06,838,763.7376,769.1253,761.2414,766.7095,766.7095,61361
M06,839,764.4413,768.8468,763.7978,768.2464,768.2464,75819
M06,840,770.3603,774.2712,768.2934,771.8364,771.8364,67500
M06,841,771.4301,771.843,767.1585,771.0129,771.0129,72248
M06,842,765.5124,775.5809,764.8987,774.1345,774.1345,76173
M06,843,780.7243,781.1803,776.8274,779.4534,779.4534,60668
M06,844,778.6663,778.6987,771.9318,772.5047,772.5047,70517
M06,845,766.1995,770.8105,765.5304,770.1842,770.1842,56688
M06,846,774.6198,776.158,768.8949,772.0876,772.0876,65827
M06,847,761.7242,761.7242,749.8713,750.8144,750.8144,68333
M06,848,754.6734,758.4072,753.313,758.4072,758.4072,58827
M06,849,763.8859,765.0145,756.0592,763.2654,763.2654,69329
M06,850,757.5993,768.2423,756.7097,767.3441,767.3441,66729
M06,851,763.2608,763.5741,755.5021,756.4548,756.4548,79582
M06,852,755.9188,759.5949,750.069,758.4714,758.4714,75980
M06,853,763.9193,768.1923,760.0816,764.4882,764.4882,94371
M06,854,760.0464,764.3076,759.0244,764.102,764.102,78436
M06,855,762.1545,762.1545,754.5904,755.2346,755.2346,88279
M06,856,757.7754,767.8681,756.7417,767.5796,767.5796,78123
M06,857,764.5567,765.9464,759.8742,760.2115,760.2115,84736
M06,858,760.5074,763.6071,755.3052,762.3664,762.3664,72858
M06,859,756.4247,761.4968,755.1593,761.0987,761.0987,66062
M06,860,766.7996,772.4347,766.7996,771.0432,771.0432,74039
M06,861,769.4107,772.1768,768.2517,771.8014,771.8014,91566
M06,862,763.6054,763.6332,757.1467,759.0473,759.0473,97416
M06,863,759.7138,759.7138,735.391,744.5595,744.5595,99633
M06,864,744.7599,748.2882,726.0367,726.2309,726.2309,100175
M06,865,721.3637,727.7522,712.0989,722.604,722.604,94828
M06,866,734.5357,737.2914,729.9457,736.2361,736.2361,83614
M06,867,735.7387,737.1849,729.7306,735.5568,735.5568,94769
M06,868,725.252,742.089,721.3855,742.089,742.089,91129
M06,869,739.9974,745.1242,737.567,740.2571,740.2571,83859
M06,870,741.9407,749.4098,741.4752,749.3279,749.3279,86492
M06,871,747.8342,753.114,745.1705,748.8777,748.8777,78772
M06,872,746.5275,746.7235,740.3773,744.9657,744.9657,76256
M06,873,746.8655,760.1222,746.2037,758.3405,758.3405,77767
M06,874,755.1447,764.0779,752.6338,764.0779,764.0779,77532
M06,875,763.3459,767.0208,762.6815,764.5384,764.5384,85303
M06,876,757.8019,761.175,755.8078,758.2365,758.2365,81763
M06,877,757.0834,762.6003,754.1386,757.4776,757.4776,81723
M06,878,756.7617,761.8243,756.0209,757.4077,757.4077,84809
M06,879,760.106,764.3514,744.0936,746.0096,746.0096,98048
M06,880,743.65,753.3906,742.6442,752.9261,752.9261,93599
M06,881,749.1506,750.2633,742.8381,747.0503,747.0503,80445
M06,882,744.5396,746.8423,734.259,741.2582,741.2582,89817
M06,883,743.5039,753.12,743.4757,752.2287,752.2287,79833
M06,884,750.1274,758.8368,749.8851,757.0648,757.0648,93043
M06,885,763.3354,768.211,761.6321,768.2089,768.2089,97289
M06,886,766.4991,766.4995,758.295,758.7741,758.7741,113964
M06,887,759.5337,767.3096,759.307,765.5629,765.5629,93549
M06,888,765.0062,765.9629,760.228,763.5082,763.5082,111111
M06,889,763.036,768.4395,758.1291,768.4395,768.4395,111178
M06,890,765.1541,773.4558,758.8495,770.1696,770.1696,134341
M06,891,766.1764,774.2409,765.6986,774.1698,774.1698,122079
M06,892,780.8176,783.2471,773.5918,776.2641,776.2641,127401
M06,893,780.889,790.9551,780.889,789.9889,789.9889,113493
M06,894,785.666,798.7297,784.2407,797.5713,797.5713,120098
M06,895,791.6537,796.3777,788.9814,792.0394,792.0394,136199
M06,896,792.9631,798.7219,791.9553,798.6527,798.6527,131503
M06,897,796.3285,803.1646,794.2695,798.901,798.901,130453
M06,898,801.1554,804.9628,799.7628,804.6466,804.6466,128106
M06,899,798.5214,801.5824,786.8976,788.3979,788.3979,124024
M06,900,792.8402,798.5664,790.052,793.939,793.939,106997
M06,901,792.0016,794.8283,779.4435,779.5214,779.5214,124917
M06,902,774.8901,780.4271,769.2863,778.9205,778.9205,108677
M06,903,774.1062,788.4968,773.5175,788.2883,788.2883,106705
M06,904,787.3718,791.6156,783.2767,785.4202,785.4202,117282
M06,905,786.167,789.0974,779.6665,780.8076,780.8076,106368
M06,906,786.1487,789.3684,771.8305,776.7977,776.7977,106091
M06,907,770.3908,777.5028,768.4379,775.6295,775.6295,93959
M06,908,773.5601,773.5601,761.5526,765.501,765.501,107598
M06,909,766.0376,772.6341,766.0376,771.7127,771.7127,86704
M06,910,782.6305,783.3808,774.5289,778.9613,778.9613,84556
M06,911,779.5453,782.6502,776.5985,777.6724,777.6724,82339
M06,912,776.0678,776.5749,761.7309,768.622,768.622,92038
M06,913,765.9758,771.5183,759.9578,769.9252,769.9252,75538
M06,914,763.3168,766.4472,761.6141,763.9974,763.9974,61345
M06,915,762.2891,768.0363,760.2932,766.6629,766.6629,70660
M06,916,768.5284,768.5284,761.7342,767.9021,767.9021,77741
M06,917,771.7747,779.247,771.4108,778.4584,778.4584,70836
M06,918,771.2623,774.0196,769.3381,772.0716,772.0716,73505
M06,919,784.1569,788.7242,781.1645,785.1901,785.1901,73582
M06,920,775.3028,778.0699,771.8541,772.6823,772.6823,78911
M06,921,768.3017,776.2185,766.1414,775.9541,775.9541,71531
M06,922,777.6707,780.2946,772.694,774.4009,774.4009,76427
M06,923,771.7723,771.7723,763.8758,765.8494,765.8494,70881
M06,924,765.0912,765.8114,756.6377,758.5629,758.5629,83015
M06,925,759.3815,765.4253,755.8147,765.4253,765.4253,70374
M06,926,764.5159,770.1875,762.11,767.565,767.565,81730
M06,927,760.4321,763.795,746.3282,752.3307,752.3307,101649
M06,928,756.1423,758.626,751.6889,755.5872,755.5872,66752
M06,929,754.4223,759.1693,753.8026,758.937,758.937,75442
M06,930,756.156,757.3718,749.9804,750.004,750.004,77647
M06,931,752.6782,755.9761,751.012,754.1137,754.1137,64825
M06,932,755.462,757.1507,751.5695,755.4382,755.4382,57665
M06,933,753.1106,753.1106,742.241,751.7159,751.7159,67573
M06,934,750.0056,760.2776,749.2269,759.9743,759.9743,69226
M06,935,767.6797,769.7432,766.2113,768.7549,768.7549,74009
M06,936,766.6851,768.3167,762.0087,764.6076,764.6076,68423
M06,937,762.0727,766.2409,759.3421,760.2012,760.2012,66303
M06,938,762.0683,766.1725,760.9767,766.1422,766.1422,57814
M06,939,761.8789,763.2791,757.9137,759.5532,759.5532,63929
M06,940,760.7307,769.9456,760.3783,769.6128,769.6128,77908
M06,941,767.2631,772.0925,767.2605,771.4232,771.4232,82357
M06,942,768.7916,772.6283,768.1163,770.6345,770.6345,83422
M06,943,774.4233,777.1663,771.2456,775.0022,775.0022,76148
M06,944,777.1437,777.9569,774.1463,775.1519,775.1519,66153
M06,945,769.8214,769.8214,765.2512,767.2338,767.2338,64044
M06,946,763.4958,771.0709,762.996,770.8589,770.8589,76000
M06,947,765.1193,767.5556,759.8932,763.6493,763.6493,70891
M06,948,768.1725,771.4075,767.4824,771.4075,771.4075,73730
M06,949,772.7049,775.6503,771.3837,772.8325,772.8325,70081
M06,950,770.5568,777.4556,769.8587,777.2315,777.2315,82588
M06,951,781.1978,783.551,775.0545,775.5948,775.5948,91272
M06,952,788.4687,789.1237,780.0299,784.9469,784.9469,86887
M06,953,779.5259,787.077,777.1826,787.0446,787.0446,81651
M06,954,786.8298,797.038,786.2982,793.7189,793.7189,96165
M06,955,789.5322,792.4446,788.8798,792.1205,792.1205,90133
M06,956,793.5847,798.32,791.6734,792.3234,792.3234,90603
M06,957,792.9996,793.4037,789.7258,791.2104,791.2104,85415
M06,958,788.9269,791.8084,786.8094,787.3253,787.3253,76309
M06,959,787.1967,792.8252,786.2755,792.8252,792.8252,79087
M06,960,788.4438,789.172,780.1518,780.3022,780.3022,97765
M06,961,779.4282,784.5763,772.8226,773.7355,773.7355,86681
M06,962,774.8192,782.5082,774.8192,782.0853,782.0853,91993
M06,963,782.646,783.3397,779.1709,780.4786,780.4786,90488
M06,964,785.1875,789.1032,783.5805,789.0577,789.0577,90066
M06,965,787.6036,788.373,780.4029,781.6964,781.6964,79918
M06,966,780.111,784.2436,777.7122,780.7415,780.7415,68992
M06,967,779.7286,782.1919,777.0837,781.984,781.984,67458
M06,968,778.9757,778.9757,771.5527,771.6986,771.6986,62279
M06,969,774.417,781.4,774.2038,779.3048,779.3048,67177
M06,970,776.7315,780.2872,776.4531,779.6318,779.6318,72040
M07,0,11990.9178,12215.7304,11986.4843,12215.7304,12215.7304,45967427
M07,1,12355.4728,12401.1837,12291.4664,12392.8529,12392.8529,47510854
M07,2,12484.9762,12486.8731,12401.5962,12433.3761,12433.3761,43159245
M07,3,12444.8003,12461.4832,12404.4045,12421.5056,12421.5056,40667732
M07,4,12386.1738,12427.3173,12357.6117,12414.468,12414.468,40776990
M07,5,12364.7491,12376.9424,12296.1531,12330.4277,12330.4277,42606521
M07,6,12400.7855,12403.5381,12326.3844,12341.9252,12341.9252,34966996
M07,7,12340.2812,12465.603,12330.2202,12460.2656,12460.2656,30779985
M07,8,12488.3813,12545.2016,12465.1462,12532.9717,12532.9717,39885440
M07,9,12534.5722,12537.4302,12337.0403,12370.3034,12370.3034,46119904
M07,10,12377.1699,12386.8106,12315.6839,12353.2766,12353.2766,35820170
M07,11,12444.5042,12454.1732,12392.1963,12454.1732,12454.1732,32413076
M07,12,12500.3349,12607.4143,12495.9559,12604.7029,12604.7029,30434019
M07,13,12545.0116,12569.2072,12487.9481,12500.2907,12500.2907,35398114
M07,14,12426.8979,12467.5785,12373.7274,12384.433,12384.433,37105970
M07,15,12357.0814,12378.21,12271.2272,12291.8255,12291.8255,40619149
M07,16,12351.9108,12393.6393,12285.7564,12311.375,12311.375,30973731
M07,17,12177.5097,12189.2174,12009.0247,12039.3151,12039.3151,41488779
M07,18,12032.7144,12120.9432,11974.441,11977.2616,11977.2616,45887631
M07,19,12202.6755,12316.2664,12168.609,12312.7747,12312.7747,48678644
M07,20,12160.2972,12163.5718,12035.7772,12114.9385,12114.9385,44456557
M07,21,12056.6611,12081.1358,11918.9894,11930.9036,11930.9036,50802305
M07,22,11624.6339,11630.089,11004.2798,11281.7682,11281.7682,88127352
M07,23,11563.1404,11748.4447,11366.4954,11376.0808,11376.0808,66197577
M07,24,11372.6198,11506.3688,11334.9907,11461.2533,11461.2533,50467713
M07,25,11250.4827,11251.8221,11047.1417,11185.0331,11185.0331,57344031
M07,26,11337.6635,11361.6976,11116.5998,11133.9733,11133.9733,52282771
M07,27,11034.828,11097.019,10878.4853,10984.4236,10984.4236,50999577
M07,28,11162.0656,11263.7945,11122.8233,11204.2837,11204.2837,39224504
M07,29,11186.9096,11347.9869,11157.7905,11272.1554,11272.1554,32886590
M07,30,11486.4066,11617.083,11462.6352,11615.1748,11615.1748,30131434
M07,31,11471.8637,11476.8307,11355.9342,11404.6478,11404.6478,27992649
M07,32,11409.761,11507.6017,11354.8039,11424.5237,11424.5237,35328456
M07,33,11405.4254,11410.4081,11320.0903,11377.4527,11377.4527,36709534
M07,34,11338.6857,11397.836,11313.6613,11392.3142,11392.3142,29487207
M07,35,11549.865,11597.8126,11500.935,11559.7741,11559.7741,25979209
M07,36,11732.5815,11790.4179,11697.6853,11731.6328,11731.6328,33018130
M07,37,11639.1643,11684.9795,11522.0606,11522.0606,11522.0606,41235080
M07,38,11418.9712,11418.9712,11285.5429,11326.8629,11326.8629,42116704
M07,39,11115.961,11129.5613,10985.2053,11033.482,11033.482,48094436
M07,40,10991.1906,11052.0637,10933.4608,10988.2032,10988.2032,37382995
M07,41,11184.7247,11268.8793,11180.134,11199.1358,11199.1358,36642725
M07,42,11181.4105,11298.2202,11149.8459,11176.5511,11176.5511,35523094
M07,43,11215.8047,11215.8047,11117.281,11153.1234,11153.1234,32925935
M07,44,11173.7492,11323.9256,11051.2864,11109.0579,11109.0579,51511820
M07,45,11374.1875,11449.7826,11303.2469,11373.1086,11373.1086,32930915
M07,46,11326.3727,11443.9216,11304.6654,11443.9216,11443.9216,30603588
M07,47,11309.3854,11369.7123,11267.3119,11315.776,11315.776,33263819
M07,48,11292.5643,11355.9519,11215.2222,11344.4942,11344.4942,28913893
M07,49,11378.1396,11379.5699,11251.4001,11274.108,11274.108,36302141
M07,50,11319.1325,11382.7964,11229.2541,11289.1765,11289.1765,27949123
M07,51,11120.6422,11166.0056,11081.9983,11163.9751,11163.9751,30281907
M07,52,11131.2613,11256.2941,11129.9844,11256.289,11256.289,37180714
M07,53,10955.3384,10955.3384,10630.0248,10660.1421,10660.1421,56798936
M07,54,10607.5264,10785.5344,10568.1163,10785.5344,10785.5344,42184774
M07,55,10923.5188,11110.3229,10915.3936,11110.3229,11110.3229,44973048
M07,56,10872.8651,10944.8163,10812.3781,10944.8163,10944.8163,38809105
M07,57,11028.4297,11053.1371,10896.2293,10980.747,10980.747,34259223
M07,58,11093.852,11156.28,11051.8879,11125.9426,11125.9426,27403625
M07,59,11105.9203,11186.6708,11078.4734,11078.4734,11078.4734,20634379
M07,60,11037.3435,11151.3052,11006.2624,11129.7637,11129.7637,26866852
M07,61,11151.7358,11151.7358,11059.2189,11101.5907,11101.5907,33377074
M07,62,11193.6334,11295.7323,11152.5403,11247.8007,11247.8007,38225372
M07,63,11286.3999,11343.3227,11242.9365,11251.8574,11251.8574,33936802
M07,64,11170.3206,11275.4965,11161.7303,11244.98,11244.98,27782426
M07,65,11339.7586,11515.2757,11309.6759,11441.9494,11441.9494,34043086
M07,66,11402.6283,11412.176,11333.6504,11333.6504,11333.6504,33801257
M07,67,11301.1842,11333.3068,11266.4953,11302.4418,11302.4418,26393046
M07,68,11327.0322,11387.2691,11298.6018,11315.2539,11315.2539,34607714
M07,69,11316.5005,11335.2229,11281.3021,11312.3448,11312.3448,26215559
M07,70,11375.7521,11421.7003,11360.4065,11399.6286,11399.6286,25513315
M07,71,11432.2749,11570.4796,11424.9508,11551.7585,11551.7585,31592718
M07,72,11620.1328,11687.4492,11591.3855,11598.8704,11598.8704,39924063
M07,73,11532.8892,11591.797,11495.6114,11540.1894,11540.1894,33161431
M07,74,11496.7294,11521.1044,11448.8073,11460.4916,11460.4916,30531943
M07,75,11593.0009,11632.5689,11551.6798,11618.7117,11618.7117,34081388
M07,76,11514.5027,11571.8498,11494.7939,11564.8434,11564.8434,34091426
M07,77,11614.7989,11668.4398,11607.7241,11636.0903,11636.0903,33183016
M07,78,11701.3949,11716.4472,11644.5559,11702.0246,11702.0246,38915853
M07,79,11704.7089,11739.1292,11682.8199,11733.1762,11733.1762,39006046
M07,80,11804.9289,11804.9289,11730.8408,11755.0219,11755.0219,31931791
M07,81,11707.2216,11707.3566,11622.8176,11683.2694,11683.2694,33559138
M07,82,11762.8071,11828.8684,11753.676,11798.4714,11798.4714,33277279
M07,83,11692.5727,11700.709,11641.426,11664.3973,11664.3973,41341175
M07,84,11707.9393,11733.0039,11674.736,11715.5788,11715.5788,35323931
M07,85,11783.8783,11885.7808,11769.0122,11880.2059,11880.2059,39851855
M07,86,11809.9911,11908.5368,11798.7248,11893.5045,11893.5045,35463883
M07,87,11945.9684,11957.758,11902.2595,11908.6782,11908.6782,39754702
M07,88,11826.6634,11861.0149,11808.8276,11819.9573,11819.9573,34887650
M07,89,11866.3741,11900.9064,11855.2158,11875.6039,11875.6039,32259925
M07,90,11999.5062,12024.1212,11978.6062,12011.6383,12011.6383,29535220
M07,91,11954.7129,12013.508,11953.5301,11988.48,11988.48,27802813
M07,92,11990.6617,11993.6407,11952.6056,11956.4959,11956.4959,28526119
M07,93,11924.6789,11966.8849,11810.5154,11831.3159,11831.3159,33611048
M07,94,11799.3458,11811.5515,11666.4989,11703.225,11703.225,39945321
M07,95,11625.5395,11692.6214,11593.2967,11662.1967,11662.1967,32739166
M07,96,11699.8271,11730.3764,11659.2274,11695.7383,11695.7383,23842154
M07,97,11658.3298,11662.046,11558.773,11620.1203,11620.1203,29603522
M07,98,11465.1105,11479.2832,11402.5544,11447.7188,11447.7188,40575658
M07,99,11490.8673,11538.0575,11456.9598,11510.7866,11510.7866,59806392
M07,100,11467.097,11565.9081,11452.4764,11490.4702,11490.4702,36802067
M07,101,11595.3319,11673.4275,11590.5311,11652.8026,11652.8026,31619890
M07,102,11640.4405,11666.2282,11598.0482,11633.921,11633.921,30500733
M07,103,11715.7311,11789.8689,11704.4314,11770.5737,11770.5737,31765619
M07,104,11825.5414,11881.5006,11816.9428,11864.2893,11864.2893,31739619
M07,105,11853.3329,11894.7267,11798.8057,11798.8057,11798.8057,38032152
M07,106,11708.9382,11796.2281,11698.7975,11769.3693,11769.3693,26245597
M07,107,11921.9072,11939.7298,11828.7773,11870.6072,11870.6072,30586913
M07,108,11826.9011,11877.0523,11826.4572,11863.1682,11863.1682,27239121
M07,109,11860.6586,11889.4391,11806.4765,11806.4765,11806.4765,32159905
M07,110,11800.3101,11801.6506,11742.1114,11784.0714,11784.0714,43890027
M07,111,11791.2252,11791.3908,11685.0109,11725.9577,11725.9577,28273112
M07,112,11646.2361,11673.3826,11497.889,11497.889,11497.889,35234078
M07,113,11543.461,11668.9649,11454.9058,11655.5445,11655.5445,37269025
M07,114,11690.3937,11824.6842,11673.6812,11778.5052,11778.5052,31530504
M07,115,11677.8106,11718.9968,11655.8295,11709.2098,11709.2098,40900732
M07,116,11634.1291,11640.833,11515.0341,11528.1224,11528.1224,28382606
M07,117,11431.1673,11538.6936,11402.1715,11524.8798,11524.8798,31995372
M07,118,11544.0073,11562.4492,11484.2513,11518.6077,11518.6077,30729540
M07,119,11463.9759,11517.7965,11382.9932,11502.8178,11502.8178,33837143
M07,120,11568.3662,11577.8791,11480.7576,11563.2022,11563.2022,30195344
M07,121,11470.9386,11511.4123,11239.1237,11253.2854,11253.2854,31025677
M07,122,11274.5339,11294.4931,11112.5424,11221.2124,11221.2124,34617221
M07,123,11236.3643,11290.7865,11197.5845,11256.0802,11256.0802,31459113
M07,124,11274.5411,11302.6323,11152.694,11196.3638,11196.3638,31836446
M07,125,11180.3108,11293.1589,11177.8838,11252.8644,11252.8644,30909881
M07,126,11240.8772,11378.5254,11234.3043,11350.8487,11350.8487,26835963
M07,127,11508.5586,11563.606,11499.001,11499.001,11499.001,39722377
M07,128,11429.4283,11451.4946,11295.4622,11393.102,11393.102,37468231
M07,129,11430.3775,11532.3788,11421.2072,11508.7478,11508.7478,25317049
M07,130,11527.2448,11679.1943,11485.5058,11630.0389,11630.0389,32845967
M07,131,11641.886,11795.3467,11599.7319,11745.7024,11745.7024,1
M07,132,11692.5702,11809.7199,11676.8924,11739.9643,11739.9643,34214213
M07,133,11877.7883,11894.2701,11813.8682,11813.8682,11813.8682,25979491
M07,134,11840.8103,11869.2074,11783.9919,11785.4469,11785.4469,29345353
M07,135,11825.8655,11896.3071,11725.3627,11806.7858,11806.7858,31668304
M07,136,11626.6111,11640.4924,11555.0004,11583.5085,11583.5085,40730532
M07,137,11642.1598,11642.1598,11570.5054,11619.1541,11619.1541,31038859
M07,138,11670.6925,11697.2324,11646.3438,11681.008,11681.008,27449372
M07,139,11735.7554,11738.6287,11652.1381,11671.3085,11671.3085,33756723
M07,140,11723.9544,11758.2617,11696.371,11758.2617,11758.2617,32165477
M07,141,11744.7013,11754.0601,11695.6927,11709.1446,11709.1446,34134068
M07,142,11631.879,11738.4771,11569.8128,11674.1171,11674.1171,52691864
M07,143,11761.4624,11830.7003,11747.8532,11815.7549,11815.7549,44496462
M07,144,11695.0685,11735.2954,11585.775,11610.385,11610.385,42191214
M07,145,11657.7685,11672.2008,11608.7493,11626.6133,11626.6133,34499500
M07,146,11661.623,11713.1775,11636.1065,11646.756,11646.756,29931474
M07,147,11701.1633,11780.3528,11693.2325,11778.3054,11778.3054,33547785
M07,148,11756.3064,11825.8326,11727.1205,11744.7661,11744.7661,31071285
M07,149,11803.212,11833.1709,11754.3363,11806.7917,11806.7917,28575590
M07,150,11639.5417,11640.5452,11467.4626,11480.5354,11480.5354,30840771
M07,151,11542.3904,11546.0588,11403.4438,11406.6321,11406.6321,36035045
M07,152,11425.4394,11582.4252,11422.3926,11582.4252,11582.4252,28023602
M07,153,11604.7207,11611.0295,11470.9568,11519.6892,11519.6892,29165937
M07,154,11360.3011,11494.4694,11303.9042,11469.4648,11469.4648,36365852
M07,155,11591.3128,11605.7335,11555.4218,11569.0745,11569.0745,27116503
M07,156,11607.9066,11618.9792,11547.2684,11572.4213,11572.4213,21296959
M07,157,11472.51,11574.3597,11442.7276,11529.1662,11529.1662,24434188
M07,158,11532.2876,11594.5112,11476.7605,11580.1937,11580.1937,26787063
M07,159,11672.7413,11694.7946,11650.4643,11667.6134,11667.6134,22876614
M07,160,11729.1353,11790.8121,11712.6559,11790.5665,11790.5665,23149205
M07,161,11804.422,11879.5185,11798.5448,11859.5339,11859.5339,22726350
M07,162,11892.4131,11912.622,11812.5342,11812.5342,11812.5342,27481244
M07,163,11874.6552,11951.3122,11874.1928,11888.8925,11888.8925,25572245
M07,164,11997.0973,12003.346,11899.4589,11918.5697,11918.5697,34443673
M07,165,11812.3026,11894.0672,11783.6096,11880.8386,11880.8386,29816054
M07,166,11901.8713,11902.5549,11831.5944,11843.5651,11843.5651,23637270
M07,167,11847.5429,11854.3831,11780.9069,11825.0616,11825.0616,25225403
M07,168,11723.4922,11738.2083,11675.2398,11680.5732,11680.5732,34234961
M07,169,11669.6403,11709.3216,11647.6406,11684.6925,11684.6925,29258475
M07,170,11635.4851,11646.4433,11542.3363,11612.1748,11612.1748,33301279
M07,171,11556.3569,11630.7367,11554.2584,11618.382,11618.382,26460880
M07,172,11645.411,11748.0649,11638.8395,11746.4271,11746.4271,33914565
M07,173,11888.8277,11892.3144,11794.283,11837.4544,11837.4544,37526468
M07,174,11835.96,11940.6759,11828.611,11921.3011,11921.3011,34459890
M07,175,11997.1703,12033.3663,11960.5583,12027.8409,12027.8409,51891110
M07,176,12028.6055,12257.952,12027.0762,12226.1136,12226.1136,40208542
M07,177,12408.5732,12454.0652,12365.5094,12365.5094,12365.5094,44630666
M07,178,12378.5543,12393.6471,12289.6275,12337.9786,12337.9786,44540366
M07,179,12423.0505,12487.0078,12378.9917,12434.1453,12434.1453,51270087
M07,180,12405.5537,12441.4641,12367.6852,12435.8952,12435.8952,43328580
M07,181,12407.9257,12505.3246,12401.3282,12505.3246,12505.3246,37882366
M07,182,12498.7113,12573.2923,12410.8207,12420.5817,12420.5817,33766246
M07,183,12524.706,12631.8993,12494.1535,12545.5264,12545.5264,40508729
M07,184,12591.6836,12661.0506,12565.7072,12629.3912,12629.3912,30299550
M07,185,12707.4746,12744.9568,12624.6336,12652.4502,12652.4502,38746449
M07,186,12672.8281,12694.5126,12574.1423,12616.1969,12616.1969,31687148
M07,187,12663.615,12666.6238,12497.0792,12524.4308,12524.4308,39303576
M07,188,12391.7926,12468.3155,12364.9212,12392.8143,12392.8143,41340986
M07,189,12223.3492,12242.3353,12167.2891,12181.2664,12181.2664,38944372
M07,190,12241.8541,12268.0973,12155.8447,12224.7538,12224.7538,33134711
M07,191,11916.6345,11920.6787,11614.4443,11682.6239,11682.6239,56919115
M07,192,11612.8393,11814.5248,11612.8393,11805.9566,11805.9566,46849336
M07,193,11672.6811,11682.6722,11548.4859,11553.3522,11553.3522,34450142
M07,194,11631.6242,11762.5771,11616.6688,11762.5771,11762.5771,35835401
M07,195,11925.5873,12005.4972,11904.1432,11943.6427,11943.6427,31327589
M07,196,11918.5241,11919.489,11796.5887,11807.4649,11807.4649,30785627
M07,197,11628.0964,11737.221,11560.7336,11727.0253,11727.0253,28547936
M07,198,11634.6449,11789.6259,11581.2817,11759.7623,11759.7623,28189504
M07,199,11624.9825,11628.1008,11411.6878,11420.8765,11420.8765,34732720
M07,200,11637.1188,11657.7654,11502.5514,11596.9176,11596.9176,39733114
M07,201,11304.7549,11318.5129,11058.3765,11091.9255,11091.9255,43422619
M07,202,11124.1915,11142.7762,10880.9059,10991.2459,10991.2459,44082720
M07,203,11215.0237,11289.9081,11102.6618,11123.6102,11123.6102,33307599
M07,204,10991.2204,11262.1593,10984.0988,11204.1414,11204.1414,55796188
M07,205,11198.7645,11380.9495,11178.4277,11380.9495,11380.9495,50059909
M07,206,11436.373,11436.373,11291.2618,11322.1681,11322.1681,45241397
M07,207,11357.2409,11642.6334,11351.8915,11608.8357,11608.8357,49376538
M07,208,11433.9211,11459.4781,11362.9919,11380.1459,11380.1459,35182126
M07,209,11461.2975,11535.1912,11448.4979,11528.3827,11528.3827,1
M07,210,11636.5422,11770.2199,11535.4354,11582.0352,11582.0352,45519011
M07,211,11656.8764,11728.2426,11643.8881,11678.1222,11678.1222,32077414
M07,212,11720.8589,11732.9961,11592.9119,11605.5554,11605.5554,37228162
M07,213,11546.9445,11652.5453,11507.5824,11624.2915,11624.2915,27651676
M07,214,11386.5935,11390.2609,11178.172,11347.7173,11347.7173,37327486
M07,215,11356.6362,11429.0235,11311.8097,11354.2193,11354.2193,35157490
M07,216,11290.5628,11367.8713,11260.9586,11359.9981,11359.9981,1
M07,217,11340.6446,11376.448,11267.3578,11275.8612,11275.8612,34547227
M07,218,11325.4809,11416.3242,11318.3028,11399.7324,11399.7324,32780541
M07,219,11342.9609,11397.8448,11313.6662,11343.1867,11343.1867,38071666
M07,220,11126.0416,11266.5355,11103.3421,11241.4104,11241.4104,32330611
M07,221,11277.0143,11330.3989,11226.0749,11310.4967,11310.4967,32822731
M07,222,11252.8753,11351.8541,11239.8331,11338.287,11338.287,37544530
M07,223,11483.8703,11504.1791,11404.4483,11475.7258,11475.7258,38262766
M07,224,11482.6008,11576.5281,11480.5165,11555.7058,11555.7058,34603643
M07,225,11701.2394,11741.5162,11638.5439,11649.7578,11649.7578,30075884
M07,226,11677.4397,11723.1684,11654.8923,11717.3291,11717.3291,47840843
M07,227,11810.3471,11846.5664,11769.0638,11781.8351,11781.8351,32317885
M07,228,11712.6834,11734.8512,11452.5026,11453.8751,11453.8751,39788363
M07,229,11283.6722,11399.8585,11259.6322,11368.8165,11368.8165,38541497
M07,230,11375.0266,11395.1567,11135.2717,11236.6017,11236.6017,41004345
M07,231,11321.2671,11368.9659,11249.4488,11339.5379,11339.5379,37500471
M07,232,11014.9302,11038.856,10937.6844,10963.2793,10963.2793,38574024
M07,233,11067.5733,11070.6848,10957.9391,11002.5303,11002.5303,39063969
M07,234,11180.2645,11328.5099,11165.7685,11313.4687,11313.4687,41837320
M07,235,11295.6734,11356.0113,11254.4107,11327.3761,11327.3761,36018822
M07,236,11378.7093,11437.7877,11228.8326,11239.8178,11239.8178,52531459
M07,237,11176.4941,11266.1177,11161.8333,11236.6565,11236.6565,30531472
M07,238,11059.0207,11087.5315,10968.5388,10975.8211,10975.8211,38671459
M07,239,10978.6532,11010.6153,10860.8733,10916.6267,10916.6267,36606026
M07,240,10871.1079,10903.2349,10611.1002,10668.4643,10668.4643,44025780
M07,241,10526.1598,10538.7175,10368.6962,10451.3691,10451.3691,50820824
M07,242,10360.0114,10360.0114,10010.5126,10030.2945,10030.2945,1
M07,243,10109.6672,10228.9556,9924.2557,10122.4836,10122.4836,38326296
M07,244,10223.1696,10485.3509,10220.8716,10415.8597,10415.8597,45088953
M07,245,10387.1469,10452.9842,10357.0429,10416.7548,10416.7548,31134988
M07,246,10234.9612,10254.462,10019.5042,10186.4451,10186.4451,39753930
M07,247,10438.921,10607.2509,10426.4597,10488.3093,10488.3093,34798725
M07,248,10546.2758,10610.5453,10484.5821,10535.5177,10535.5177,41136426
M07,249,10601.3638,10668.0177,10583.0922,10632.9914,10632.9914,35626275
M07,250,10607.6796,10646.9473,10519.2681,10551.645,10551.645,33533893
M07,251,10570.1638,10618.827,10569.2738,10603.1037,10603.1037,37057578
M07,252,10596.6306,10756.8804,10565.0519,10748.519,10748.519,38330678
M07,253,10667.1291,10669.4772,10536.2764,10598.1927,10598.1927,34086125
M07,254,10745.723,10760.1172,10640.1868,10671.4699,10671.4699,28676034
M07,255,10721.8276,10831.4447,10712.0448,10823.0398,10823.0398,32500116
M07,256,10887.1686,10910.3017,10798.3302,10819.7774,10819.7774,28126991
M07,257,10870.6061,10889.3792,10759.7755,10793.5907,10793.5907,25681830
M07,258,10718.1329,10840.1522,10710.1579,10791.644,10791.644,1
M07,259,10704.7445,10764.506,10684.5681,10740.446,10740.446,25835099
M07,260,10799.1282,10927.9241,10799.1282,10890.8324,10890.8324,33382756
M07,261,10844.7806,10851.6762,10781.1439,10793.9244,10793.9244,25352208
M07,262,10677.0305,10738.4374,10599.5224,10733.7524,10733.7524,27515034
M07,263,10893.5497,10895.9969,10801.9407,10817.2061,10817.2061,33411749
M07,264,10879.3469,10898.413,10801.014,10848.3167,10848.3167,35446338
M07,265,10848.3151,10917.4838,10819.6001,10843.809,10843.809,38371401
M07,266,10875.3499,10922.6895,10871.0582,10902.4283,10902.4283,32559469
M07,267,10938.2748,10949.1083,10866.6291,10877.7287,10877.7287,32611176
M07,268,10931.2017,10953.5516,10895.7484,10902.5751,10902.5751,32062959
M07,269,10864.0086,10880.9991,10787.4253,10832.1971,10832.1971,32283028
M07,270,10631.0861,10657.9823,10529.9147,10539.1717,10539.1717,40059197
M07,271,10687.7486,10919.5299,10680.4394,10908.2004,10908.2004,38457820
M07,272,10997.4934,11093.6162,10978.119,11057.3972,11057.3972,35230304
M07,273,11025.7861,11071.5247,11001.9438,11021.5215,11021.5215,30231214
M07,274,10941.7169,10941.7169,10838.7112,10863.2962,10863.2962,30749150
M07,275,10967.1733,11013.1974,10953.0364,11000.5283,11000.5283,28125440
M07,276,11053.6247,11099.1723,11033.126,11077.5817,11077.5817,25259007
M07,277,11134.9679,11212.5936,11118.9805,11179.5428,11179.5428,30337049
M07,278,11142.3213,11210.4783,11088.4516,11164.125,11164.125,34755949
M07,279,11163.2216,11202.321,11148.7616,11188.8891,11188.8891,23568136
M07,280,11294.2504,11305.9643,11261.4742,11273.6024,11273.6024,23971832
M07,281,11247.2852,11275.9102,11168.9259,11191.6494,11191.6494,26571411
M07,282,11254.0691,11292.901,11247.8106,11281.2303,11281.2303,28754401
M07,283,11262.1464,11262.1464,11171.9611,11182.9794,11182.9794,31265113
M07,284,11152.8085,11231.4648,11152.8085,11211.2815,11211.2815,29913769
M07,285,11356.8238,11381.5963,11319.394,11361.6286,11361.6286,29054622
M07,286,11357.8658,11402.6323,11329.7433,11364.9163,11364.9163,27878955
M07,287,11302.6244,11315.9681,11245.9626,11270.1559,11270.1559,24115315
M07,288,11160.3812,11168.3284,11131.8979,11159.9281,11159.9281,34185301
M07,289,11111.7692,11122.262,10931.5476,10948.466,10948.466,45026275
M07,290,10957.6364,11000.9147,10892.7368,10990.068,10990.068,23889285
M07,291,11154.3743,11262.3961,11147.6912,11228.5642,11228.5642,31491265
M07,292,11237.4346,11262.8197,11118.4929,11166.3519,11166.3519,29235076
M07,293,11140.7338,11165.7237,11043.4298,11043.4298,11043.4298,30158279
M07,294,11182.0892,11257.9116,11181.1053,11220.8606,11220.8606,36454327
M07,295,11209.1103,11227.9739,11169.6073,11213.3394,11213.3394,25239442
M07,296,11224.7734,11238.8945,11155.7118,11229.1574,11229.1574,29495460
M07,297,11223.1032,11257.2275,11197.3274,11254.4932,11254.4932,31735077
M07,298,11337.5057,11337.5057,11248.0983,11292.6429,11292.6429,32949225
M07,299,11021.3136,11025.4696,10836.9084,10870.8724,10870.8724,36004267
M07,300,11008.877,11157.9111,11008.877,11140.962,11140.962,48973462
M07,301,11071.9153,11090.0528,11014.3149,11084.9407,11084.9407,37295060
M07,302,10994.3262,10994.3262,10881.676,10912.5818,10912.5818,31255353
M07,303,10938.2877,10958.2492,10897.5356,10926.5917,10926.5917,27655108
M07,304,11126.7063,11220.9165,11111.2996,11130.9181,11130.9181,33118781
M07,305,11267.4925,11267.4925,11135.835,11143.478,11143.478,33223827
M07,306,11263.4236,11346.5166,11224.9321,11341.5493,11341.5493,31435629
M07,307,11318.0323,11350.8069,11285.8417,11318.1676,11318.1676,29955127
M07,308,11316.9339,11366.9206,11310.7918,11350.4319,11350.4319,25928798
M07,309,11369.8903,11369.8903,11286.8135,11297.7787,11297.7787,24117009
M07,310,11382.3403,11414.5724,11355.1962,11409.7103,11409.7103,25675313
M07,311,11202.6358,11258.6449,11198.4777,11258.6449,11258.6449,26420321
M07,312,11296.3432,11326.9895,11278.2059,11321.7545,11321.7545,25310599
M07,313,11250.7512,11300.5579,11207.5512,11296.3128,11296.3128,28451116
M07,314,11480.834,11526.5325,11470.4336,11504.7779,11504.7779,29367717
M07,315,11479.8228,11559.3625,11473.1607,11538.7636,11538.7636,26548038
M07,316,11501.3873,11557.6514,11475.2458,11522.8837,11522.8837,35316241
M07,317,11502.5923,11518.8592,11391.1818,11407.5667,11407.5667,30529877
M07,318,11542.6757,11549.0594,11503.311,11523.2062,11523.2062,1
M07,319,11552.5948,11600.2712,11506.1325,11567.8402,11567.8402,19537754
M07,320,11495.7303,11509.4935,11432.7771,11505.0336,11505.0336,22881718
M07,321,11681.2232,11684.405,11560.3453,11599.281,11599.281,27611832
M07,322,11616.6986,11695.9658,11601.9889,11681.7695,11681.7695,28569278
M07,323,11488.8261,11542.1091,11439.911,11536.1186,11536.1186,35951426
M07,324,11499.9008,11503.0577,11339.5712,11364.7703,11364.7703,42925189
M07,325,11211.6984,11217.4421,11153.0224,11198.5058,11198.5058,42757181
M07,326,11174.2075,11208.9628,11081.7482,11127.0112,11127.0112,44936076
M07,327,11125.2912,11204.3396,10992.1517,11080.1861,11080.1861,47385413
M07,328,11006.6393,11057.004,10979.1961,11012.1159,11012.1159,38605250
M07,329,10790.3805,10897.252,10728.6908,10891.9526,10891.9526,39933167
M07,330,10934.8112,10975.5611,10859.8319,10974.0236,10974.0236,40904984
M07,331,11005.6765,11005.6765,10900.824,10958.7371,10958.7371,31257887
M07,332,11044.5982,11123.6061,11020.2294,11046.2774,11046.2774,35183005
M07,333,11049.8523,11114.2086,11037.7577,11047.6532,11047.6532,30131463
M07,334,11032.7735,11088.7096,11006.3348,11064.6004,11064.6004,34683990
M07,335,11143.2284,11159.4007,11087.6836,11096.2279,11096.2279,28196064
M07,336,11067.7225,11083.0438,11011.5382,11052.5165,11052.5165,27595164
M07,337,10935.6427,11006.7539,10905.0006,11006.7539,11006.7539,31711955
M07,338,10955.2619,10998.7338,10937.2861,10972.9362,10972.9362,19260830
M07,339,11114.4733,11172.4553,11109.2797,11152.7526,11152.7526,45692793
M07,340,10932.5607,10941.0296,10843.8711,10905.5345,10905.5345,32753921
M07,341,10870.0777,10901.8471,10832.4875,10901.8471,10901.8471,29564381
M07,342,10805.2716,10824.9682,10699.4133,10709.6073,10709.6073,39061211
M07,343,10492.9335,10549.7964,10481.5109,10535.7828,10535.7828,30403894
M07,344,10636.495,10651.4385,10560.3908,10622.2753,10622.2753,31941676
M07,345,10848.3156,10917.9944,10836.9044,10905.1131,10905.1131,31994480
M07,346,10713.5842,10763.3876,10713.5842,10728.1469,10728.1469,27165352
M07,347,10811.6647,10836.5381,10789.2744,10824.5868,10824.5868,21526671
M07,348,10933.0694,10969.7207,10924.0251,10953.292,10953.292,29115428
M07,349,10892.1155,10958.0068,10875.1214,10946.1851,10946.1851,23674739
M07,350,10963.1508,11030.2404,10957.1112,10962.8032,10962.8032,25442754
M07,351,10934.3019,10970.8452,10877.7727,10929.6716,10929.6716,31887627
M07,352,10891.2761,10927.6609,10850.7985,10926.1915,10926.1915,27777587
M07,353,10944.668,10991.5125,10918.5492,10959.7343,10959.7343,21239083
M07,354,10909.5659,10931.208,10812.6334,10837.707,10837.707,25110568
M07,355,11036.7896,11107.2808,11031.7244,11094.3571,11094.3571,30051969
M07,356,11065.9497,11104.0028,11045.0396,11089.2615,11089.2615,25493952
M07,357,11168.9513,11174.2273,11030.7039,11049.9055,11049.9055,42703326
M07,358,11036.4337,11085.4699,11016.7303,11068.8977,11068.8977,20167364
M07,359,11070.4662,11109.9249,11006.0392,11047.3956,11047.3956,24088106
M07,360,10860.9435,10892.886,10844.5292,10870.6922,10870.6922,19239324
M07,361,10949.8993,11043.7268,10932.8664,11043.7268,11043.7268,30061034
M07,362,11100.3274,11122.6034,11057.3645,11097.041,11097.041,29260219
M07,363,11164.1061,11263.5342,11160.4309,11248.8485,11248.8485,31857975
M07,364,11252.9832,11296.9545,11251.8842,11281.4223,11281.4223,26132688
M07,365,11258.0856,11270.8837,11197.1227,11234.2496,11234.2496,25613270
M07,366,11306.4085,11314.0538,11270.8215,11286.3966,11286.3966,17637108
M07,367,11293.5268,11315.783,11264.4501,11315.783,11315.783,21103837
M07,368,11224.2272,11227.7818,11138.1155,11156.1334,11156.1334,24402509
M07,369,11171.7915,11217.8991,11125.2747,11154.722,11154.722,24912301
M07,370,11201.3741,11254.7244,11195.5178,11219.0985,11219.0985,29921138
M07,371,11154.6985,11207.8857,11147.1303,11204.5723,11204.5723,22550796
M07,372,11243.1737,11243.1737,11175.72,11225.4497,11225.4497,20164091
M07,373,11234.8248,11240.6065,11167.611,11178.1789,11178.1789,24405268
M07,374,11100.6075,11107.6576,11051.9759,11097.7897,11097.7897,24470243
M07,375,11098.4282,11104.1702,10919.8274,10947.2919,10947.2919,30407555
M07,376,10954.5297,11124.3405,10941.7864,11120.5534,11120.5534,27171522
M07,377,11110.6349,11136.7457,11070.6993,11122.0801,11122.0801,21273593
M07,378,11139.0684,11274.8088,11132.0447,11240.6782,11240.6782,21091273
M07,379,11238.2548,11247.5138,11212.7702,11229.2494,11229.2494,21371481
M07,380,11282.1896,11337.8427,11282.0546,11303.2835,11303.2835,18660158
M07,381,11255.4245,11260.3733,11198.609,11233.6147,11233.6147,22003921
M07,382,11161.645,11174.7527,11105.4683,11156.097,11156.097,20940915
M07,383,11181.2182,11238.543,11172.9872,11195.3948,11195.3948,26023017
M07,384,11079.5166,11111.8026,11053.622,11077.0195,11077.0195,35412279
M07,385,11061.5207,11162.5529,11023.8855,11154.4235,11154.4235,33461217
M07,386,10954.5462,10954.5462,10824.9313,10890.5573,10890.5573,43685241
M07,387,10777.7395,10794.1559,10573.7349,10679.9659,10679.9659,40232725
M07,388,10503.283,10649.168,10392.3052,10637.5309,10637.5309,44696470
M07,389,10571.0492,10582.4285,10498.2278,10554.8389,10554.8389,32418950
M07,390,10708.0544,10787.8335,10673.4679,10741.4683,10741.4683,30174524
M07,391,10779.8712,10792.288,10737.6876,10741.7903,10741.7903,27657691
M07,392,10559.4558,10595.9936,10526.6859,10571.2179,10571.2179,31735313
M07,393,10636.5364,10650.6514,10590.8305,10628.8899,10628.8899,27492278
M07,394,10530.0376,10579.5842,10457.814,10572.2114,10572.2114,28717942
M07,395,10539.0392,10612.5389,10526.7904,10588.2186,10588.2186,27030098
M07,396,10629.7628,10652.1832,10584.4309,10615.6638,10615.6638,21799401
M07,397,10699.2316,10740.1019,10687.1125,10736.5504,10736.5504,21725322
M07,398,10601.9012,10672.3117,10598.0974,10668.4411,10668.4411,25751120
M07,399,10672.1156,10685.0623,10609.3484,10631.8825,10631.8825,24556843
M07,400,10605.9634,10677.7676,10605.9634,10673.4384,10673.4384,22902193
M07,401,10571.4447,10573.3017,10492.5547,10537.9495,10537.9495,33248835
M07,402,10601.7239,10634.2113,10587.5825,10595.9532,10595.9532,26428462
M07,403,10522.2194,10541.1833,10501.1485,10524.8452,10524.8452,24756787
M07,404,10551.7763,10562.1629,10480.0358,10531.4091,10531.4091,23308657
M07,405,10664.0064,10719.2132,10659.7755,10696.4915,10696.4915,31912304
M07,406,10630.1175,10651.6658,10624.2107,10627.2517,10627.2517,18521032
M07,407,10575.7687,10617.2107,10573.9392,10598.1622,10598.1622,1
M07,408,10554.4625,10613.7927,10541.8918,10590.6057,10590.6057,24398553
M07,409,10864.4696,11054.7625,10858.014,11013.6713,11013.6713,37292702
M07,410,10983.0398,11003.4805,10954.0204,10981.8692,10981.8692,34119188
M07,411,10960.9052,11022.3625,10944.2164,11014.5661,11014.5661,26084079
M07,412,11081.2986,11120.0867,11074.441,11096.0968,11096.0968,43742465
M07,413,11120.7413,11199.7698,11105.8009,11188.657,11188.657,52867293
M07,414,11262.7853,11296.3391,11253.9199,11262.019,11262.019,47135801
M07,415,11282.0166,11339.6065,11237.27,11323.4511,11323.4511,55893140
M07,416,11366.5447,11414.9628,11330.8312,11394.3714,11394.3714,35237356
M07,417,11444.9907,11451.8578,11407.2364,11416.9486,11416.9486,34467851
M07,418,11455.6601,11554.8772,11423.9063,11445.2702,11445.2702,38806849
M07,419,11462.555,11500.8881,11419.6483,11435.8028,11435.8028,41617232
M07,420,11473.4913,11511.601,11464.4507,11475.3037,11475.3037,29122426
M07,421,11380.783,11419.4725,11351.8565,11411.0101,11411.0101,27486882
M07,422,11474.7392,11487.3687,11384.4972,11416.6009,11416.6009,38081159
M07,423,11446.398,11457.2832,11341.384,11417.16,11417.16,34088916
M07,424,11360.1783,11369.6393,11293.8586,11340.3757,11340.3757,29105799
M07,425,11388.7116,11444.7021,11378.5606,11416.7777,11416.7777,27994921
M07,426,11308.6894,11334.896,11298.606,11326.3667,11326.3667,30371281
M07,427,11130.9527,11139.0167,11055.683,11089.1352,11089.1352,30173318
M07,428,11007.4862,11056.037,10986.7428,11056.037,11056.037,27261497
M07,429,11085.3586,11100.6325,11024.6377,11048.9271,11048.9271,22188787
M07,430,11152.7795,11222.7019,11146.9159,11201.1892,11201.1892,29903400
M07,431,11099.3619,11155.4461,11099.3619,11149.5282,11149.5282,24186398
M07,432,11077.3897,11152.3488,11001.2963,11126.8031,11126.8031,27427591
M07,433,11283.6212,11320.3721,11236.0689,11309.0104,11309.0104,29744479
M07,434,11405.1423,11485.7402,11397.9054,11479.3201,11479.3201,32210802
M07,435,11669.0236,11739.5687,11645.5497,11665.5714,11665.5714,34833316
M07,436,11610.9325,11647.7754,11597.367,11611.2992,11611.2992,25845994
M07,437,11731.0636,11794.2212,11698.6224,11712.3798,11712.3798,27622275
M07,438,11678.1785,11698.9321,11664.9725,11682.1572,11682.1572,21664106
M07,439,11749.5127,11764.5977,11665.4271,11752.4274,11752.4274,27764098
M07,440,11808.5043,11837.3694,11797.5355,11821.5779,11821.5779,28680903
M07,441,11832.8026,11867.4793,11812.9838,11857.0214,11857.0214,25185285
M07,442,11904.9695,11926.7335,11892.536,11911.6527,11911.6527,21897287
M07,443,11974.914,12004.9888,11966.8582,11987.0929,11987.0929,32752585
M07,444,11908.7718,11912.9538,11843.7935,11851.6742,11851.6742,43245790
M07,445,11887.9641,11928.8018,11870.0105,11896.7539,11896.7539,35802270
M07,446,11794.7414,11858.1662,11781.8258,11857.1537,11857.1537,28589322
M07,447,12022.8254,12131.8949,12008.3424,12092.0961,12092.0961,50827198
M07,448,12150.168,12154.8789,12099.7115,12129.5098,12129.5098,36594817
M07,449,12078.092,12105.5127,12062.6228,12102.5664,12102.5664,32389833
M07,450,12275.2756,12296.673,12151.9346,12192.8307,12192.8307,46967354
M07,451,12144.6307,12170.3953,12093.2404,12097.8139,12097.8139,28862754
M07,452,12142.4102,12251.3291,12129.8605,12237.9623,12237.9623,26186152
M07,453,12139.2445,12146.1744,12052.071,12077.4168,12077.4168,29764944
M07,454,12039.4725,12057.3109,11903.5494,11944.527,11944.527,37366749
M07,455,12001.0362,12094.4309,11980.859,12075.0259,12075.0259,32712297
M07,456,12077.6072,12137.9164,12060.5249,12135.9163,12135.9163,25861940
M07,457,12161.9151,12173.9748,12098.7124,12123.5505,12123.5505,28592784
M07,458,11993.1636,12058.7166,11946.3991,11978.7158,11978.7158,30312504
M07,459,11950.9198,11969.8732,11772.3258,11933.8725,11933.8725,32060041
M07,460,11879.811,11977.3961,11879.811,11922.3934,11922.3934,25995682
M07,461,12021.1594,12049.1985,12001.8273,12021.1393,12021.1393,24104125
M07,462,12121.1663,12202.1382,12068.8076,12080.8096,12080.8096,44721372
M07,463,12198.9582,12227.5511,12180.9511,12191.1143,12191.1143,22300211
M07,464,12189.8069,12201.9866,12142.2349,12163.9607,12163.9607,21645517
M07,465,12132.7863,12133.473,12017.0887,12027.6949,12027.6949,25042955
M07,466,12130.9338,12220.8811,12125.6276,12203.9981,12203.9981,22911416
M07,467,12029.4089,12110.726,12006.4694,12106.3923,12106.3923,26858447
M07,468,11954.3329,11963.1127,11881.1424,11927.7761,11927.7761,26230579
M07,469,12149.567,12186.4654,12132.4172,12153.422,12153.422,28749725
M07,470,12082.0647,12115.6031,12077.2678,12085.5476,12085.5476,22857213
M07,471,12086.2962,12086.2962,11991.6868,12027.9747,12027.9747,27390852
M07,472,12104.2164,12144.1351,12085.8517,12123.7919,12123.7919,26085582
M07,473,12107.7457,12116.6834,12062.5068,12092.6085,12092.6085,28222751
M07,474,12180.2874,12190.0897,12134.1362,12167.5776,12167.5776,27923161
M07,475,12341.3219,12465.4468,12323.2691,12451.4837,12451.4837,55430570
M07,476,12424.0982,12466.1606,12421.428,12422.6203,12422.6203,23425814
M07,477,12432.6634,12432.6634,12383.8385,12419.7617,12419.7617,33215964
M07,478,12419.9936,12431.7917,12366.2722,12374.0636,12374.0636,30575141
M07,479,12414.6233,12432.3113,12375.0755,12390.4231,12390.4231,22728012
M07,480,12323.1295,12331.031,12247.4074,12283.5101,12283.5101,33110706
M07,481,12413.7899,12414.7244,12356.4628,12361.8023,12361.8023,20760757
M07,482,12403.1861,12410.6683,12380.9023,12398.7119,12398.7119,18120577
M07,483,12387.9333,12393.7907,12371.9523,12371.9523,12371.9523,13581598
M07,484,12350.4407,12425.1063,12344.0552,12421.6849,12421.6849,16944449
M07,485,12439.1832,12446.1572,12378.9292,12378.9292,12378.9292,20432959
M07,486,12351.6625,12357.6695,12292.2653,12292.2653,12292.2653,19742429
M07,487,12099.8606,12123.5207,12011.0147,12040.2425,12040.2425,35232599
M07,488,12033.826,12166.6104,12023.4027,12165.7235,12165.7235,29018222
M07,489,12029.6287,12074.043,11891.6458,12023.0327,12023.0327,36829192
M07,490,12224.1744,12347.1943,12211.6341,12333.0529,12333.0529,28772171
M07,491,12350.8101,12397.4938,12323.7368,12370.1511,12370.1511,27914240
M07,492,12384.4981,12431.4239,12375.5187,12413.5003,12413.5003,31040148
M07,493,12407.0312,12445.3619,12382.314,12403.4525,12403.4525,24962247
M07,494,12363.2583,12371.0919,12334.9725,12349.2912,12349.2912,24963195
M07,495,12411.6897,12418.1264,12365.5005,12379.6662,12379.6662,27795966
M07,496,12456.2912,12470.4799,12446.458,12457.7552,12457.7552,18611360
M07,497,12439.3922,12444.0116,12320.8881,12331.781,12331.781,21180548
M07,498,12283.1059,12388.9435,12280.8433,12384.0378,12384.0378,22296020
M07,499,12335.8623,12370.2672,12302.6062,12310.9922,12310.9922,25863021
M07,500,12373.1277,12383.1204,12323.9473,12361.227,12361.227,22634657
M07,501,12114.9507,12133.5618,12057.7679,12071.3109,12071.3109,31971075
M07,502,11994.565,12054.9502,11988.4558,12040.6106,12040.6106,28026721
M07,503,12150.24,12193.6554,12100.6989,12186.77,12186.77,25708429
M07,504,12081.9191,12099.556,11878.7094,11922.7109,11922.7109,32784362
M07,505,11989.6171,12130.8422,11984.9871,12018.756,12018.756,30184697
M07,506,11919.6059,11997.4888,11868.3567,11970.5009,11970.5009,32574105
M07,507,11795.9797,11918.161,11782.2244,11900.8695,11900.8695,33165079
M07,508,12050.7307,12083.3553,11994.0519,12034.2632,12034.2632,32508873
M07,509,12338.9316,12523.8345,12330.5971,12460.2746,12460.2746,43837750
M07,510,12434.9059,12458.0283,12362.2759,12397.9487,12397.9487,29322882
M07,511,12309.789,12391.2894,12304.5444,12338.0173,12338.0173,25512744
M07,512,12290.9711,12357.5065,12266.3851,12353.0958,12353.0958,34328242
M07,513,12415.7944,12446.5556,12381.7226,12404.3263,12404.3263,27990161
M07,514,12281.7026,12294.0806,12224.1957,12267.7558,12267.7558,31201983
M07,515,12173.4178,12210.8356,12093.7177,12190.7587,12190.7587,26045843
M07,516,12158.6039,12160.3912,12020.9172,12052.1995,12052.1995,29131992
M07,517,12097.2279,12169.4247,12048.2936,12134.2357,12134.2357,29482305
M07,518,12315.7644,12388.6083,12190.7883,12218.2285,12218.2285,31789447
M07,519,12172.9584,12256.4995,12147.2699,12151.6397,12151.6397,30969408
M07,520,11882.8849,11883.3309,11564.8818,11704.7874,11704.7874,48192700
M07,521,11620.0099,11662.8096,11491.8755,11647.0414,11647.0414,48167902
M07,522,11578.0654,11586.6125,11363.971,11418.044,11418.044,46274074
M07,523,11110.9366,11116.1627,10800.2925,10917.2782,10917.2782,73547593
M07,524,10825.9232,11211.8805,10817.8751,11082.576,11082.576,56570302
M07,525,11262.9697,11298.2323,10966.8511,10966.8511,10966.8511,46830640
M07,526,10908.1,11090.1333,10889.7529,11013.9913,11013.9913,44983776
M07,527,11159.309,11159.309,11065.9095,11122.4153,11122.4153,41981810
M07,528,10926.8741,10953.6056,10720.9775,10791.6257,10791.6257,49347315
M07,529,10628.2977,10630.3243,10173.22,10291.5542,10291.5542,79580159
M07,530,10106.1296,10363.2388,9803.5299,10309.6693,10309.6693,81518349
M07,531,10232.0548,10344.2083,10042.5122,10054.8427,10054.8427,58687975
M07,532,9907.2046,9947.5671,9530.3209,9644.8355,9644.8355,65147783
M07,533,9438.7221,9439.2361,8663.7988,9048.1541,9048.1541,113992486
M07,534,9117.4573,9220.9807,8769.252,8814.6627,8814.6627,77235416
M07,535,8681.8924,9112.7391,8501.2632,8829.5998,8829.5998,91129475
M07,536,8957.9925,9084.7635,8720.0646,8734.7334,8734.7334,82544753
M07,537,8886.3112,8972.6874,8552.9503,8654.7184,8654.7184,85363436
M07,538,8666.2481,8916.4775,8619.3771,8832.1453,8832.1453,72414039
M07,539,8986.6973,9453.3538,8981.6102,9449.1541,9449.1541,71201708
M07,540,9621.5097,10204.4187,9621.5097,10195.1607,10195.1607,66846463
M07,541,10036.5186,10039.3987,9659.8074,9739.0094,9739.0094,62816761
M07,542,9953.4866,10145.7641,9854.1924,10145.7641,10145.7641,62313190
M07,543,9789.7403,9893.8896,9631.1728,9893.8896,9893.8896,58840387
M07,544,10008.867,10089.3731,9827.4207,9870.6505,9870.6505,58481969
M07,545,9766.522,9817.8113,9340.8139,9442.1011,9442.1011,49137640
M07,546,9326.3784,9429.1456,9208.4572,9266.2117,9266.2117,53221135
M07,547,9354.8229,9410.953,9195.9134,9286.4261,9286.4261,47131684
M07,548,9352.4924,9778.9373,9323.4937,9728.6822,9728.6822,50118628
M07,549,9910.4114,10059.3181,9739.4261,9947.8508,9947.8508,54960556
M07,550,9957.5773,10170.1247,9791.8809,10117.273,10117.273,49399275
M07,551,10080.19,10096.2972,9967.064,10064.4629,10064.4629,36003574
M07,552,10156.9577,10156.9577,10019.3917,10156.1398,10156.1398,42896096
M07,553,10028.747,10051.0769,9874.1415,9889.2428,9889.2428,30630669
M07,554,9984.876,10274.6099,9955.0618,10239.5827,10239.5827,39039036
M07,555,10185.1451,10222.2839,10121.0367,10164.7844,10164.7844,40911236
M07,556,10112.374,10139.0116,10030.2181,10101.3241,10101.3241,33819591
M07,557,10256.7192,10438.1207,10245.6375,10425.1213,10425.1213,41646864
M07,558,10277.4644,10326.8067,10236.7194,10266.6438,10266.6438,31961746
M07,559,10141.2319,10166.8613,9992.0226,10037.6057,10037.6057,38660177
M07,560,9952.4582,9967.442,9821.7688,9967.442,9967.442,33810487
M07,561,10084.1696,10144.9473,10036.3935,10144.9473,10144.9473,33000481
M07,562,9992.6224,10003.1573,9911.7388,9956.5122,9956.5122,38432783
M07,563,10143.4573,10356.7798,10143.1123,10338.0511,10338.0511,35734007
M07,564,10242.3177,10276.2925,10171.0016,10239.7332,10239.7332,30495015
M07,565,10520.8185,10656.9806,10509.9084,10566.8718,10566.8718,46571615
M07,566,10386.2678,10390.5691,10157.5533,10192.6829,10192.6829,40261763
M07,567,10153.6857,10285.2971,10143.4687,10261.2541,10261.2541,38243556
M07,568,10369.4509,10476.9247,10329.208,10476.9247,10476.9247,37388626
M07,569,10629.6138,10734.7667,10604.16,10659.3743,10659.3743,36010567
M07,570,10648.8,10671.8255,10586.5868,10624.4123,10624.4123,30650130
M07,571,10433.6147,10531.5074,10389.8624,10498.9544,10498.9544,37356366
M07,572,10439.2257,10462.2961,10316.0933,10322.2352,10322.2352,35370637
M07,573,10493.4652,10518.7024,10328.428,10434.9728,10434.9728,35149372
M07,574,10443.8452,10495.7956,10392.649,10462.6107,10462.6107,31374577
M07,575,10686.1246,10785.2836,10667.2941,10667.2941,10667.2941,41599098
M07,576,10634.0987,10753.6584,10633.8591,10707.2266,10707.2266,31780075
M07,577,10781.455,10803.5052,10683.1259,10708.3654,10708.3654,26110009
M07,578,10671.4929,10687.6526,10542.4232,10569.9885,10569.9885,32166435
M07,579,10743.6817,10789.5833,10707.6068,10789.5833,10789.5833,26641752
M07,580,10958.5279,11168.1787,10953.3693,11138.2428,11138.2428,38711579
M07,581,11075.4344,11193.4212,11019.8783,11163.9991,11163.9991,52220977
M07,582,11299.9964,11463.8471,11283.0563,11458.63,11458.63,68410844
M07,583,11339.0658,11415.9202,11288.7182,11375.598,11375.598,73293120
M07,584,11395.4401,11525.7205,11389.251,11474.2324,11474.2324,32995205
M07,585,11445.1899,11561.9718,11415.7097,11522.654,11522.654,35678435
M07,586,11807.2454,11895.7955,11710.109,11788.8691,11788.8691,47012844
M07,587,11847.7202,11859.5131,11649.2688,11749.6669,11749.6669,45076359
M07,588,11751.3751,11882.7485,11725.6412,11881.631,11881.631,40259867
M07,589,12067.0621,12096.3499,12018.338,12096.3499,12096.3499,50238187
M07,590,11965.1746,11991.0645,11860.3705,11942.0261,11942.0261,44783633
M07,591,11901.9976,12024.8728,11881.9183,11998.4781,11998.4781,33791398
M07,592,11842.4936,11889.8527,11644.7662,11648.0685,11648.0685,47938355
M07,593,11494.3822,11633.9785,11340.7275,11610.6482,11610.6482,53674819
M07,594,11495.3481,11555.8806,11180.9296,11181.5108,11181.5108,34639395
M07,595,11369.6603,11739.0198,11363.0143,11717.2636,11717.2636,44462165
M07,596,11710.2241,11720.2301,11606.696,11678.3025,11678.3025,32305773
M07,597,11634.6987,11670.2674,11510.604,11630.3183,11630.3183,30567335
M07,598,11661.5715,11665.6684,11576.8435,11642.4284,11642.4284,42593926
M07,599,11688.6471,11804.7565,11666.8162,11732.3507,11732.3507,24112591
M07,600,11720.6692,11750.6129,11524.4692,11675.6166,11675.6166,1
M07,601,11735.2387,11798.8994,11703.4027,11731.756,11731.756,29690084
M07,602,11575.154,11645.5469,11511.4152,11560.5706,11560.5706,36770094
M07,603,11631.7377,11717.2062,11623.3866,11677.2342,11677.2342,28178910
M07,604,11618.949,11632.6954,11469.9151,11483.2017,11483.2017,32965148
M07,605,11587.9802,11646.7117,11555.9591,11563.6168,11563.6168,33079772
M07,606,11622.2068,11633.6581,11466.7778,11509.5293,11509.5293,32855180
M07,607,11516.412,11560.4525,11459.008,11497.349,11497.349,33155471
M07,608,11556.3457,11579.975,11498.25,11576.8823,11576.8823,24081209
M07,609,11604.866,11808.9213,11596.8046,11798.704,11798.704,27924136
M07,610,11812.9265,11861.1062,11755.8377,11794.5624,11794.5624,26825799
M07,611,11710.9327,11807.9993,11688.5549,11688.5549,11688.5549,29099938
M07,612,11676.5127,11799.7067,11672.3921,11721.7719,11721.7719,27963368
M07,613,11739.6803,11754.6363,11609.4937,11612.4841,11612.4841,35002765
M07,614,11736.156,11836.3805,11720.3948,11836.3805,11836.3805,29384454
M07,615,11823.2394,11846.8266,11774.6078,11799.8041,11799.8041,28921317
M07,616,11777.3616,11853.5707,11768.1738,11843.2165,11843.2165,28923948
M07,617,11862.4482,11871.7378,11775.1724,11791.1938,11791.1938,41210068
M07,618,11827.0964,11853.1541,11742.0262,11769.4583,11769.4583,24304056
M07,619,11840.9625,11849.5208,11741.1888,11812.577,11812.577,24742170
M07,620,11868.7195,11939.6521,11863.9489,11918.1121,11918.1121,30490499
M07,621,11873.1092,11906.2203,11842.4623,11852.1984,11852.1984,30632689
M07,622,11641.1266,11768.0024,11606.7771,11754.9199,11754.9199,31699622
M07,623,11793.3785,11848.971,11747.3157,11753.1049,11753.1049,30295734
M07,624,11756.8938,11778.2646,11664.2991,11680.3457,11680.3457,32102182
M07,625,11761.0816,11770.1599,11680.2682,11682.6317,11682.6317,36052949
M07,626,11642.862,11657.2203,11351.3199,11351.3199,11351.3199,47270569
M07,627,11366.3003,11504.5803,11351.929,11494.6323,11494.6323,38735736
M07,628,11577.7811,11693.7052,11577.7811,11678.1023,11678.1023,45886875
M07,629,11717.2225,11756.0433,11652.8652,11735.5329,11735.5329,35175770
M07,630,11670.511,11730.775,11613.996,11642.6947,11642.6947,29458361
M07,631,11682.4221,11683.662,11563.0816,11628.3474,11628.3474,29363374
M07,632,11717.1632,11850.1123,11712.7693,11844.5785,11844.5785,47609857
M07,633,11792.3345,11858.1352,11752.5734,11842.3715,11842.3715,41496057
M07,634,11961.2464,12061.2522,11955.1118,12026.553,12026.553,38033610
M07,635,12189.9149,12197.6861,12137.092,12171.8524,12171.8524,29582839
M07,636,11996.2904,12026.9515,11933.7204,11948.3194,11948.3194,18456593
M07,637,11955.8644,11971.5891,11878.7857,11931.6809,11931.6809,23474503
M07,638,11952.1722,12031.1259,11929.1335,12010.7325,12010.7325,22839908
M07,639,11954.6208,11993.4825,11875.7586,11890.7198,11890.7198,19834583
M07,640,11894.0261,11952.2337,11841.0937,11841.0937,11841.0937,23855554
M07,641,11888.494,11940.1256,11862.209,11926.0123,11926.0123,18125404
M07,642,12034.8772,12132.3766,12025.8937,12062.853,12062.853,32205175
M07,643,12075.3673,12123.0051,12047.3034,12092.9212,12092.9212,21682032
M07,644,12049.2382,12055.457,11980.3939,11996.4226,11996.4226,26314430
M07,645,12063.5167,12138.2014,11732.4848,11881.9585,11881.9585,42692091
M07,646,11999.3466,12100.5267,11976.2619,11995.5204,11995.5204,41023798
M07,647,11928.1113,11988.5687,11906.4857,11953.1351,11953.1351,28331744
M07,648,12104.2087,12117.8997,12057.2358,12096.9551,12096.9551,25309454
M07,649,12211.4857,12240.5652,12160.4165,12180.8793,12180.8793,26531582
M07,650,11951.3011,12017.112,11934.999,11990.1097,11990.1097,25343007
M07,651,11975.848,12013.4901,11945.5377,11947.1203,11947.1203,27397170
M07,652,12050.056,12096.2379,12019.3297,12094.4039,12094.4039,27603057
M07,653,11878.138,11925.7858,11832.5328,11912.0904,11912.0904,42450547
M07,654,11976.6811,12006.0322,11945.9816,11998.3692,11998.3692,28947653
M07,655,11932.984,12086.9815,11932.984,12083.6571,12083.6571,35865592
M07,656,12186.3481,12264.9083,12185.443,12252.993,12252.993,30233302
M07,657,12160.7838,12181.0334,12115.3963,12169.1165,12169.1165,31111827
M07,658,12116.3242,12158.3333,12101.9447,12142.3405,12142.3405,26812303
M07,659,12052.8659,12068.1897,11978.547,12002.8099,12002.8099,29891383
M07,660,12089.334,12129.3903,12073.2641,12109.6087,12109.6087,34066296
M07,661,11991.2121,12055.3004,11944.0427,12043.1056,12043.1056,32920092
M07,662,11979.3323,11989.5085,11888.7612,11913.7054,11913.7054,34583031
M07,663,12081.1801,12109.9763,12048.5697,12074.5659,12074.5659,34584128
M07,664,12130.3685,12194.7117,12084.2513,12192.4197,12192.4197,35535470
M07,665,12088.6683,12198.2645,12056.2091,12155.0743,12155.0743,28332689
M07,666,12192.2885,12214.8938,12032.3691,12039.7578,12039.7578,40782387
M07,667,12061.1118,12097.7584,11883.3179,11923.957,11923.957,39948967
M07,668,11978.8142,12042.2518,11977.9952,12008.6199,12008.6199,27881922
M07,669,12042.6333,12053.4778,11997.0391,12049.6574,12049.6574,23376644
M07,670,11977.4149,12059.9054,11977.4149,12054.805,12054.805,21988425
M07,671,12145.4842,12246.4607,12130.7021,12218.1982,12218.1982,25037232
M07,672,12261.1288,12267.1889,12177.8179,12212.4387,12212.4387,25289913
M07,673,12199.0609,12203.8032,12153.8198,12183.5199,12183.5199,20988301
M07,674,12202.5386,12202.5386,12111.3073,12168.4483,12168.4483,22769204
M07,675,12134.6105,12191.8362,12120.7732,12176.3913,12176.3913,24056212
M07,676,12168.4788,12185.3819,12121.9619,12147.1793,12147.1793,24083282
M07,677,12129.4171,12160.5899,12079.9608,12094.406,12094.406,20668718
M07,678,12151.5922,12235.9643,12151.5922,12217.3685,12217.3685,23235595
M07,679,12142.2203,12187.0049,12106.4029,12131.4977,12131.4977,22836099
M07,680,12269.5385,12314.626,12267.3618,12281.9773,12281.9773,25370814
M07,681,12157.1528,12172.7536,12110.9439,12130.6324,12130.6324,21725250
M07,682,12194.7996,12209.909,12148.4298,12172.9962,12172.9962,20720474
M07,683,12130.7275,12157.4536,12107.385,12117.0915,12117.0915,18974738
M07,684,12084.3723,12140.6354,12009.5974,12140.6354,12140.6354,23690484
M07,685,12043.3672,12083.7751,12023.5914,12067.0186,12067.0186,30948148
M07,686,11925.0872,12029.7383,11925.0872,12008.0401,12008.0401,29183275
M07,687,12046.2411,12046.2411,11853.9616,11868.7659,11868.7659,33926763
M07,688,11868.899,12002.5135,11861.7342,11963.7754,11963.7754,32809775
M07,689,12269.1347,12363.8305,12210.0212,12308.4312,12308.4312,36779889
M07,690,12402.992,12578.3835,12392.8615,12574.6585,12574.6585,35837706
M07,691,12364.9537,12525.5895,12345.9204,12492.839,12492.839,35124316
M07,692,12660.8988,12863.9161,12646.6962,12800.5515,12800.5515,30407381
M07,693,12894.6398,12993.6543,12764.024,12801.2421,12801.2421,58593911
M07,694,12958.5143,13090.2556,12958.5143,13063.612,13063.612,46056862
M07,695,13139.1857,13215.9421,13075.7865,13181.2958,13181.2958,40104252
M07,696,13172.9639,13199.1687,13074.2767,13162.7123,13162.7123,35640356
M07,697,13276.7061,13419.2878,13270.2882,13408.2897,13408.2897,37900031
M07,698,13415.9257,13423.0611,13317.0658,13401.0742,13401.0742,36764362
M07,699,13298.4377,13309.54,13193.6098,13230.3476,13230.3476,32337945
M07,700,13237.0935,13248.523,13157.6613,13239.9907,13239.9907,36941458
M07,701,13173.3763,13208.802,13141.723,13194.3297,13194.3297,27030055
M07,702,13298.9638,13483.9734,13298.9638,13434.5855,13434.5855,36983448
M07,703,13556.0469,13677.8893,13448.4068,13468.1299,13468.1299,40832777
M07,704,13460.6664,13616.8077,13460.6664,13605.1602,13605.1602,31858055
M07,705,13581.6693,13654.4255,13524.728,13640.2504,13640.2504,46002643
M07,706,13940.0361,13942.1662,13719.5997,13734.0379,13734.0379,65067838
M07,707,13690.0546,13807.2712,13687.0678,13774.0433,13774.0433,31764621
M07,708,13904.1701,13906.7095,13806.0569,13860.7226,13860.7226,37238853
M07,709,13745.4662,13811.1543,13734.6353,13780.9698,13780.9698,33636094
M07,710,13730.9789,13783.733,13704.6561,13758.7422,13758.7422,29566102
M07,711,13887.1238,13887.1238,13683.7142,13708.0446,13708.0446,26991695
M07,712,13614.6263,13688.4172,13587.1496,13659.4022,13659.4022,24408410
M07,713,13681.0785,13836.0315,13678.1179,13831.4723,13831.4723,28199537
M07,714,13768.8989,13853.6474,13743.8671,13803.8469,13803.8469,31366874
M07,715,13809.2319,13853.946,13716.3331,13767.7363,13767.7363,35680674
M07,716,13751.1222,13859.9269,13745.531,13788.7297,13788.7297,29016079
M07,717,13805.9308,13833.7311,13765.7957,13808.3784,13808.3784,27027381
M07,718,13906.6386,13927.0514,13845.1986,13866.1195,13866.1195,28465517
M07,719,13833.1425,13884.1162,13797.8565,13865.2988,13865.2988,29472547
M07,720,13891.9434,13917.2414,13856.5444,13885.6455,13885.6455,36558047
M07,721,13905.346,13942.4335,13749.6441,13843.3284,13843.3284,26080777
M07,722,13817.1952,13859.1577,13714.3596,13753.2373,13753.2373,25724286
M07,723,13804.9623,13807.4455,13718.9089,13776.0644,13776.0644,23647408
M07,724,13818.9495,13886.0957,13803.4628,13836.1953,13836.1953,21222386
M07,725,13793.3221,13797.7169,13757.2636,13766.7301,13766.7301,14476533
M07,726,13807.7519,13891.9396,13793.9451,13891.9396,13891.9396,22798933
M07,727,13918.0801,14262.2752,13910.2054,14244.5166,14244.5166,29835643
M07,728,14230.5321,14237.4879,14116.6536,14171.1865,14171.1865,21726764
M07,729,14289.5278,14303.2802,14013.2002,14125.1617,14125.1617,21218487
M07,730,14069.1689,14135.7018,14028.7928,14072.9257,14072.9257,27613524
M07,731,14071.5228,14120.0934,14019.256,14047.1675,14047.1675,31060282
M07,732,14136.0947,14283.0732,14136.0947,14213.4799,14213.4799,44083660
M07,733,14292.4028,14508.3803,14265.3904,14508.3803,14508.3803,35084555
M07,734,14526.0877,14672.882,14471.6649,14609.0658,14609.0658,34528201
M07,735,14509.4079,14696.7457,14506.0514,14672.5945,14672.5945,31914359
M07,736,14817.2414,15096.8868,14801.0136,14950.3594,14950.3594,38846927
M07,737,14940.9935,14963.3339,14785.0072,14806.8912,14806.8912,36372488
M07,738,14552.6234,14609.9766,14487.1023,14554.4433,14554.4433,24037993
M07,739,14673.1626,14836.0961,14656.5549,14790.9233,14790.9233,25075310
M07,740,14948.7872,14950.0585,14742.9049,14805.7914,14805.7914,32138750
M07,741,14855.5357,14925.7713,14838.5637,14879.5698,14879.5698,30134644
M07,742,14788.8518,14849.9009,14761.4067,14815.3712,14815.3712,30668967
M07,743,14812.4829,14876.1731,14744.332,14876.1731,14876.1731,25573133
M07,744,14748.0253,14770.8492,14661.4323,14670.8729,14670.8729,28552342
M07,745,14784.4902,14830.7285,14720.8762,14768.9509,14768.9509,31485115
M07,746,14547.3474,14646.0937,14447.4603,14561.885,14561.885,57831139
M07,747,14680.4032,14680.4032,14322.2561,14339.6678,14339.6678,40867048
M07,748,14325.6621,14562.9783,14325.6621,14554.663,14554.663,29260005
M07,749,14682.0875,14771.5256,14620.48,14762.6039,14762.6039,33034570
M07,750,14783.4662,14880.6491,14741.7307,14868.4781,14868.4781,37053560
M07,751,14727.9811,14750.0336,14608.553,14616.8349,14616.8349,38057183
M07,752,14854.0852,14934.1106,14810.9253,14930.7272,14930.7272,40823080
M07,753,15041.5454,15338.3847,15034.2517,15332.0926,15332.0926,41792806
M07,754,15188.1478,15265.6172,15144.2231,15224.4316,15224.4316,40998797
M07,755,15166.5738,15244.1166,15143.6938,15244.1166,15244.1166,39139741
M07,756,15323.7621,15331.3263,15210.7515,15263.8802,15263.8802,36910571
M07,757,15343.5643,15565.9553,15343.5643,15561.7191,15561.7191,34460093
M07,758,15659.0857,15910.3497,15639.4996,15782.5212,15782.5212,39921390
M07,759,15748.8002,15765.0739,15657.6216,15710.0953,15710.0953,36380398
M07,760,15640.8693,15769.0994,15552.133,15601.71,15601.71,36939796
M07,761,15525.8268,15628.9158,15461.9739,15550.3454,15550.3454,28197583
M07,762,15638.9753,15730.0518,15539.5076,15574.032,15574.032,30128056
M07,763,15505.8537,15541.7414,15325.8944,15325.8944,15325.8944,37306251
M07,764,15615.0187,15685.63,15597.9694,15662.2626,15662.2626,33492315
M07,765,15411.8769,15415.2852,15003.8523,15003.8523,15003.8523,43702871
M07,766,15155.162,15292.6744,15143.1024,15280.8825,15280.8825,29339840
M07,767,15590.0052,15619.4987,15264.5964,15313.2048,15313.2048,31071780
M07,768,15299.8666,15363.3088,15224.3487,15339.816,15339.816,31141957
M07,769,15128.8501,15169.6637,14876.3189,14989.8278,14989.8278,34604789
M07,770,14852.2659,14925.8666,14636.7061,14924.0519,14924.0519,38207545
M07,771,15105.6446,15130.3194,14813.9962,14865.1912,14865.1912,42925889
M07,772,14887.5832,15045.3675,14815.2613,15032.0996,15032.0996,45997826
M07,773,15129.4155,15189.2672,15047.2226,15086.9556,15086.9556,35708824
M07,774,14979.6237,15093.9034,14959.7139,15071.3161,15071.3161,37555043
M07,775,15066.3086,15301.1842,15026.5232,15287.557,15287.557,44578962
M07,776,15380.2167,15421.6186,15310.97,15360.8502,15360.8502,40406432
M07,777,15383.34,15515.6287,15375.6304,15461.2113,15461.2113,40274885
M07,778,15441.4418,15518.1089,15435.4022,15481.5503,15481.5503,35536380
M07,779,15651.7037,15826.4092,15596.1644,15687.1461,15687.1461,46309617
M07,780,15535.5413,15610.9729,15388.3401,15477.087,15477.087,60380943
M07,781,15251.8073,15266.7674,15077.5192,15111.9758,15111.9758,36023951
M07,782,15101.144,15160.425,14902.9732,14902.9732,14902.9732,37425004
M07,783,14924.9789,14977.9633,14724.4488,14738.177,14738.177,47151985
M07,784,14778.9989,14968.298,14756.9737,14920.5452,14920.5452,33237154
M07,785,15088.5404,15177.9346,15028.6924,15144.693,15144.693,35729220
M07,786,15193.5918,15245.2625,15050.6978,15145.3487,15145.3487,50591595
M07,787,15171.1505,15229.6135,15129.2259,15206.1064,15206.1064,34824129
M07,788,15116.4617,15152.9437,15058.2174,15065.0745,15065.0745,35766839
M07,789,15369.738,15444.6767,15305.4806,15342.0487,15342.0487,37006989
M07,790,15388.3775,15473.8601,15382.9015,15465.7423,15465.7423,24644243
M07,791,15556.4468,15613.5287,15525.2356,15558.8464,15558.8464,26080718
M07,792,15602.2438,15602.2438,15321.7798,15337.6727,15337.6727,29897444
M07,793,15356.5288,15420.7868,15242.9793,15349.9762,15349.9762,28488746
M07,794,15335.6183,15371.228,15253.2136,15352.7232,15352.7232,29603769
M07,795,15541.4007,15644.8627,15490.68,15490.68,15490.68,28556094
M07,796,15441.336,15442.1678,15267.8216,15267.8216,15267.8216,22040523
M07,797,15358.1633,15509.3395,15341.6148,15433.8603,15433.8603,24113225
M07,798,15457.4173,15459.6746,15378.9388,15406.9276,15406.9276,24409306
M07,799,15310.9061,15421.5731,15302.9593,15346.5193,15346.5193,25158340
M07,800,15466.1986,15466.1986,15379.364,15411.3145,15411.3145,22933225
M07,801,15349.9828,15411.8668,15268.5594,15348.4569,15348.4569,21523022
M07,802,15176.2858,15179.0828,14999.7334,15044.2045,15044.2045,29717519
M07,803,14875.0666,14936.606,14750.2341,14796.2761,14796.2761,33612591
M07,804,14975.615,15137.1955,14934.174,15135.007,15135.007,24684823
M07,805,15011.6363,15061.549,14924.23,15053.919,15053.919,23274812
M07,806,15122.3375,15198.1111,15018.8446,15138.3147,15138.3147,22286342
M07,807,15141.2856,15147.8145,15045.6151,15046.498,15046.498,27459011
M07,808,14987.6005,15093.3636,14956.73,15048.9592,15048.9592,28316163
M07,809,14946.8032,14972.4889,14824.9517,14851.9422,14851.9422,37538599
M07,810,15016.5041,15226.6704,14986.7344,15175.5264,15175.5264,42276829
M07,811,15137.8074,15199.4365,15089.7626,15151.934,15151.934,31888829
M07,812,15232.1833,15392.1535,15216.2392,15305.526,15305.526,31574779
M07,813,15213.2982,15239.6046,14847.4112,14885.5142,14885.5142,35732091
M07,814,14964.2576,15026.2417,14535.0583,14670.0029,14670.0029,41119636
M07,815,14456.6252,14473.6814,14175.0498,14207.6498,14207.6498,32497829
M07,816,14385.6415,14601.6369,14385.6415,14572.8434,14572.8434,35355462
M07,817,14598.4804,14599.6758,14248.9003,14348.0615,14348.0615,29408657
M07,818,14454.0163,14738.4229,14454.0163,14699.9586,14699.9586,33547389
M07,819,14584.7539,14681.2337,14486.8118,14591.6368,14591.6368,31631283
M07,820,14457.57,14613.8745,14429.8021,14573.0988,14573.0988,24768557
M07,821,14576.521,14649.7146,14537.0344,14601.3848,14601.3848,26422238
M07,822,14551.1075,14742.9019,14551.1075,14629.6538,14629.6538,27097702
M07,823,14771.8935,14802.9635,14733.9497,14791.0545,14791.0545,22846438
M07,824,14733.6741,14896.7034,14733.6741,14861.089,14861.089,29682938
M07,825,14803.1276,14825.8902,14708.3448,14806.0783,14806.0783,59156148
M07,826,14998.386,15144.4506,14991.705,15121.2629,15121.2629,34409468
M07,827,15027.454,15093.8732,14909.4642,14944.9262,14944.9262,23933960
M07,828,15082.1254,15122.0794,14880.6394,14986.2659,14986.2659,23662306
M07,829,14833.9837,14974.802,14748.8027,14945.1606,14945.1606,33798852
M07,830,15087.201,15226.5139,15081.3311,15174.7874,15174.7874,28098327
M07,831,14941.5433,14987.9789,14870.851,14962.2741,14962.2741,24610155
M07,832,15112.2276,15126.2976,14987.586,15011.4796,15011.4796,23550540
M07,833,15090.8936,15140.0693,15013.7981,15048.0469,15048.0469,20573939
M07,834,15024.6054,15040.4447,14972.7601,15003.4163,15003.4163,23185288
M07,835,14990.6003,15098.7569,14990.6003,15073.2681,15073.2681,25374460
M07,836,15062.2256,15088.61,14963.3848,15020.0387,15020.0387,31426303
M07,837,15150.6653,15179.3733,15084.7476,15155.1822,15155.1822,19320637
M07,838,15151.8693,15268.3051,15141.3463,15247.8225,15247.8225,25973849
M07,839,15229.6781,15296.1752,15207.6335,15221.8149,15221.8149,25025750
M07,840,15186.4274,15211.6118,15043.7034,15118.173,15118.173,28238419
M07,841,15184.1774,15184.1774,15091.0194,15094.1981,15094.1981,40303154
M07,842,14735.878,14735.878,14368.3549,14479.53,14479.53,33393498
M07,843,14761.0155,14958.8723,14751.3816,14953.111,14953.111,32221969
M07,844,14986.3222,15049.0495,14972.3878,14980.0815,14980.0815,23888130
M07,845,14966.6901,15030.854,14938.9242,14999.6294,14999.6294,19931004
M07,846,15072.3352,15091.4071,14997.5559,15035.5452,15035.5452,23161301
M07,847,15096.3319,15100.8013,15030.0974,15062.8126,15062.8126,23317883
M07,848,14925.9637,14938.4712,14826.9531,14866.7137,14866.7137,30566956
M07,849,14944.2592,14997.3619,14883.9828,14890.0697,14890.0697,27231026
M07,850,14888.4343,14888.8267,14781.2293,14823.6954,14823.6954,23619118
M07,851,14841.0593,14908.2799,14825.2415,14874.1524,14874.1524,20752823
M07,852,14911.7478,14922.9149,14845.01,14853.8966,14853.8966,18474427
M07,853,14797.7391,14834.004,14751.124,14779.8142,14779.8142,19392138
M07,854,14639.4386,14728.8372,14587.3034,14693.5931,14693.5931,27773393
M07,855,14654.4874,14672.1399,14543.489,14543.489,14543.489,27974137
M07,856,14328.437,14463.0464,14163.1351,14432.261,14432.261,37793146
M07,857,14737.4932,14832.1133,14733.8107,14818.5756,14818.5756,24087850
M07,858,14896.664,14968.5124,14888.9955,14898.957,14898.957,22607621
M07,859,14788.9174,14882.0,14771.0309,14836.2027,14836.2027,25955259
M07,860,14774.5789,14791.3523,14619.7323,14639.8596,14639.8596,24306032
M07,861,14509.45,14593.3012,14410.1424,14490.7282,14490.7282,25273482
M07,862,14360.2964,14427.3232,14272.1676,14354.7626,14354.7626,22442832
M07,863,14135.2974,14245.2295,14124.1085,14154.0877,14154.0877,30738129
M07,864,14326.4239,14396.318,14166.8854,14223.6445,14223.6445,23481627
M07,865,14543.4088,14567.3097,14437.3974,14461.7397,14461.7397,24452379
M07,866,14444.7071,14509.034,14419.2248,14474.8733,14474.8733,26131399
M07,867,14366.5983,14436.6114,14258.6217,14318.1489,14318.1489,24782542
M07,868,14290.3926,14329.2809,14259.8767,14321.2236,14321.2236,31035037
M07,869,14323.0524,14334.1572,14113.2614,14119.0053,14119.0053,30396608
M07,870,14144.8362,14320.4185,14144.8362,14292.8524,14292.8524,27783825
M07,871,14201.2964,14275.66,14156.1752,14233.1184,14233.1184,24299900
M07,872,14263.6679,14275.7758,14199.532,14248.7806,14248.7806,32576763
M07,873,14296.8391,14408.4442,14296.8391,14401.4681,14401.4681,27144353
M07,874,14409.7745,14503.198,14409.7745,14467.404,14467.404,26178817
M07,875,14388.8799,14513.528,14348.3812,14389.4583,14389.4583,27160248
M07,876,14555.0473,14607.3805,14518.2782,14567.8503,14567.8503,32234020
M07,877,14494.2022,14546.9799,14406.298,14410.7779,14410.7779,28065663
M07,878,14551.5486,14567.6571,14505.0323,14519.4704,14519.4704,25089010
M07,879,14424.6717,14438.7309,14228.2029,14277.9045,14277.9045,27774385
M07,880,14322.9511,14366.1531,14197.427,14197.427,14197.427,22757039
M07,881,14205.1918,14336.524,14168.7642,14292.1438,14292.1438,24301709
M07,882,14155.4272,14210.3059,14081.5465,14094.7674,14094.7674,32530047
M07,883,14120.8638,14161.4765,13973.8208,14004.1168,14004.1168,34916964
M07,884,14038.6521,14218.5841,14038.6521,14194.1183,14194.1183,25851752
M07,885,14305.4376,14390.6188,14305.4376,14346.2378,14346.2378,22848694
M07,886,14325.1996,14392.0532,14281.8238,14302.8462,14302.8462,23864062
M07,887,14235.8352,14253.582,14179.9386,14209.538,14209.538,23406470
M07,888,14218.5768,14264.6742,14167.0201,14249.4564,14249.4564,23337776
M07,889,14323.4183,14351.1482,14214.9844,14283.1682,14283.1682,28430040
M07,890,14298.7624,14540.5177,14253.0332,14504.6762,14504.6762,32881818
M07,891,14577.0756,14721.2119,14577.0756,14717.7717,14717.7717,28564892
M07,892,14837.8146,14891.7808,14780.8247,14848.7645,14848.7645,28758346
M07,893,14875.0833,15146.9364,14865.4124,15135.7431,15135.7431,33437280
M07,894,15290.0559,15395.692,15273.5376,15372.2923,15372.2923,32831627
M07,895,15483.8577,15568.9925,15460.2877,15500.5523,15500.5523,37603880
M07,896,15510.965,15730.6385,15494.1014,15699.0865,15699.0865,36844026
M07,897,15454.9427,15526.3126,15429.5152,15480.2091,15480.2091,36478168
M07,898,15535.9351,15686.9037,15522.8051,15686.9037,15686.9037,40951530
M07,899,15648.9486,15687.7719,15575.2639,15687.7719,15687.7719,29437233
M07,900,15878.1474,15987.6935,15836.6365,15922.4467,15922.4467,33341818
M07,901,15689.4711,15745.7314,15629.2819,15713.9554,15713.9554,31959880
M07,902,15794.797,15803.178,15586.4917,15648.848,15648.848,29480403
M07,903,15679.4144,15759.1084,15664.6525,15737.4684,15737.4684,42166125
M07,904,15515.6749,15531.0504,15418.1347,15421.8514,15421.8514,34275065
M07,905,15342.489,15406.1235,15254.3639,15288.1592,15288.1592,34745109
M07,906,15526.1024,15595.524,15509.9752,15581.3223,15581.3223,38353819
M07,907,15608.5883,15679.1047,15567.1308,15589.1226,15589.1226,33539579
M07,908,15546.5956,15580.2497,15474.1861,15568.0415,15568.0415,44705721
M07,909,15116.2902,15150.6659,14971.947,15081.766,15081.766,42938044
M07,910,15310.0325,15337.5158,15176.5258,15249.6972,15249.6972,45122364
M07,911,15147.4286,15229.5827,14860.1913,14906.9986,14906.9986,39888330
M07,912,14895.7026,14896.518,14536.2449,14588.2029,14588.2029,35056717
M07,913,14473.1038,14477.3757,14168.6303,14355.323,14355.323,46046611
M07,914,14385.3269,14475.5935,14005.4538,14126.1701,14126.1701,47522742
M07,915,14282.7737,14463.0193,14252.8308,14289.0928,14289.0928,37533647
M07,916,14488.6709,14638.5542,14482.2211,14497.7526,14497.7526,40079403
M07,917,14464.2645,14776.4204,14420.7076,14733.427,14733.427,34655768
M07,918,14649.049,14654.1965,14498.4863,14531.5476,14531.5476,32587557
M07,919,14407.5805,14550.9875,14360.3963,14435.7128,14435.7128,29419648
M07,920,14494.3101,14654.4455,14478.7204,14641.2406,14641.2406,30219062
M07,921,14726.3584,14877.314,14695.1333,14870.296,14870.296,32773649
M07,922,14941.583,14967.5231,14854.5748,14906.476,14906.476,27490325
M07,923,14987.1431,15067.0327,14965.5712,15037.709,15037.709,28687381
M07,924,15107.4646,15160.4998,15023.3422,15040.4261,15040.4261,29515488
M07,925,14929.8474,14964.7129,14692.2414,14702.3819,14702.3819,25527922
M07,926,14531.4923,14740.461,14515.2419,14646.5707,14646.5707,28110728
M07,927,14632.0249,14704.6376,14604.0299,14669.6111,14669.6111,29092969
M07,928,14865.3571,14985.1687,14848.0597,14957.0337,14957.0337,35293983
M07,929,14910.6903,14953.3917,14815.3639,14932.3617,14932.3617,35391408
M07,930,14820.9187,14832.9821,14729.2626,14794.4717,14794.4717,64271697
M07,931,14854.1842,14947.7292,14676.8258,14892.0832,14892.0832,49577668
M07,932,15096.7305,15269.7497,15064.2788,15259.5842,15259.5842,33653575
M07,933,15191.3747,15262.1021,15188.6828,15221.5384,15221.5384,35019086
M07,934,15347.575,15358.4049,15275.1226,15313.9749,15313.9749,41931259
M07,935,15363.6015,15363.6015,15190.2708,15245.6176,15245.6176,31694823
M07,936,15304.8193,15304.8193,15187.2628,15187.2628,15187.2628,31246912
M07,937,15301.4497,15401.3161,15137.2197,15160.5933,15160.5933,30505431
M07,938,14977.6287,15022.6606,14911.3317,14925.1816,14925.1816,30092517
M07,939,14966.7089,15116.0554,14963.5609,15086.0821,15086.0821,25293106
M07,940,15192.7483,15337.4143,15192.7483,15310.9136,15310.9136,30124447
M07,941,15326.7871,15354.8168,15280.9425,15311.069,15311.069,27434706
M07,942,15401.7778,15511.1282,15366.3348,15432.0164,15432.0164,28384585
M07,943,15426.044,15427.7415,15280.1273,15313.418,15313.418,29083853
M07,944,15291.7395,15352.7141,15190.8073,15292.1169,15292.1169,30487211
M07,945,15211.5662,15276.9922,15184.9513,15265.3582,15265.3582,31707366
M07,946,15321.6254,15418.8462,15282.1753,15402.0956,15402.0956,27982829
M07,947,15290.2438,15339.0069,15058.0202,15104.2724,15104.2724,33594079
M07,948,15212.6395,15264.6581,15199.6303,15227.9343,15227.9343,24337512
M07,949,15193.8563,15198.2706,14821.3935,14897.0454,14897.0454,35357330
M07,950,14630.3028,14856.6288,14552.4263,14602.4026,14602.4026,40841385
M07,951,14756.4557,14811.6247,14347.6787,14349.0296,14349.0296,65350656
M07,952,14332.8765,14456.0963,14192.6063,14368.3085,14368.3085,37755914
M07,953,14279.9102,14394.4699,14243.2068,14299.0608,14299.0608,35319162
M07,954,14420.002,14517.6438,14289.2524,14517.6438,14517.6438,32965625
M07,955,14417.9151,14423.6053,14224.7596,14344.674,14344.674,29010632
M07,956,14492.1323,14739.1581,14400.8908,14655.2808,14655.2808,32407853
M07,957,14839.5402,14893.4236,14751.1923,14874.4468,14874.4468,35103707
M07,958,14796.4552,14838.0148,14744.178,14744.178,14744.178,26506459
M07,959,14705.3907,14786.0262,14628.2994,14651.4325,14651.4325,25549244
M07,960,14717.5214,14762.671,14660.1948,14684.3133,14684.3133,24916961
M07,961,14709.632,14770.4703,14583.3261,14646.6727,14646.6727,24813415
M07,962,14613.5179,14699.7605,14613.5179,14665.6934,14665.6934,24931596
M07,963,14917.1317,15021.3617,14872.6002,15019.4189,15019.4189,26155311
M07,964,14860.5418,14886.4675,14679.5041,14701.4435,14701.4435,35611116
M07,965,14520.856,14580.3477,14299.25,14322.1297,14322.1297,30037077
M07,966,14576.4808,14691.8898,14533.657,14683.574,14683.574,23575433
M07,967,14740.1835,14770.9419,14667.9556,14713.4738,14713.4738,19911551
M07,968,14778.0343,14827.1311,14745.6705,14827.1311,14827.1311,20042016
M07,969,14809.933,14827.4362,14777.8075,14782.476,14782.476,16184058
M07,970,14890.0323,14899.834,14824.0765,14833.2013,14833.2013,18394122
M07,971,14946.6615,15033.2283,14908.6457,15006.4618,15006.4618,19381336
M07,972,14879.9758,14936.7071,14743.4083,14834.3801,14834.3801,21832905
M07,973,14903.9767,14961.006,14792.8216,14902.6676,14902.6676,18732614
M08,0,15356.0586,15363.0497,15228.8211,15276.7601,15276.7601,605763309
M08,1,15071.9846,15154.3588,15057.0072,15117.3103,15117.3103,660012680
M08,2,15180.1947,15242.3314,15180.1947,15229.2706,15229.2706,820867065
M08,3,15228.6824,15291.609,15216.6115,15284.6832,15284.6832,677982397
M08,4,15349.2374,15367.5187,15284.8525,15294.1926,15294.1926,741986291
M08,5,15309.4809,15382.2839,15309.4809,15378.1065,15378.1065,784351802
M08,6,15262.9881,15312.5421,15233.7694,15297.5376,15297.5376,1038693630
M08,7,15382.2353,15422.9317,15354.6414,15410.8218,15410.8218,1166730339
M08,8,15337.2672,15395.9463,15316.9178,15368.2863,15368.2863,1354048557
M08,9,15469.2121,15479.1555,15438.9836,15450.3195,15450.3195,631275489
M08,10,15383.6303,15428.5781,15327.1974,15357.4926,15357.4926,952662669
M08,11,15346.7037,15346.7037,15258.0577,15286.353,15286.353,913810644
M08,12,15335.7976,15363.7879,15253.0189,15287.361,15287.361,857068416
M08,13,15204.8682,15265.6794,15192.4299,15263.705,15263.705,848800680
M08,14,15258.1114,15275.0852,15204.6255,15227.7169,15227.7169,828076893
M08,15,15179.6268,15238.2573,15169.0028,15211.8927,15211.8927,896262133
M08,16,15317.0983,15317.4949,15141.9735,15141.9735,15141.9735,892790434
M08,17,15015.6957,15053.0217,14947.1337,14961.4744,14961.4744,789023429
M08,18,15032.8978,15134.7517,15032.8978,15131.0015,15131.0015,845399867
M08,19,15207.959,15254.9789,15204.7844,15219.8626,15219.8626,715901790
M08,20,15171.4379,15171.8339,15004.5256,15006.3053,15006.3053,931293300
M08,21,15039.1954,15060.997,14907.9885,14931.3763,14931.3763,1047785697
M08,22,14909.0762,14950.8335,14796.0745,14823.5825,14823.5825,994043328
M08,23,14841.2549,14849.9728,14726.1371,14748.1305,14748.1305,950323724
M08,24,14724.4312,14724.4312,14509.6,14509.996,14509.996,1039717137
M08,25,14546.3762,14546.3762,14039.4839,14162.4389,14162.4389,1591219774
M08,26,14166.8841,14504.3233,14166.8841,14440.6441,14440.6441,1162464471
M08,27,14377.7779,14377.7779,14144.5146,14163.0816,14163.0816,1150286443
M08,28,14268.2536,14268.2536,14073.8499,14112.4518,14112.4518,1092483284
M08,29,14050.6927,14263.66,14050.6927,14218.4915,14218.4915,759999519
M08,30,14306.8069,14358.4357,14284.2809,14288.6668,14288.6668,856922479
M08,31,14189.1608,14338.0207,14145.018,14280.2185,14280.2185,1106172664
M08,32,14221.7728,14328.2291,14207.3819,14262.7778,14262.7778,817928629
M08,33,14328.4944,14473.4671,14328.4944,14447.1269,14447.1269,702104272
M08,34,14392.5341,14415.2237,14284.6099,14299.8025,14299.8025,566320103
M08,35,14339.6687,14373.5005,14249.4483,14337.8873,14337.8873,770554713
M08,36,14432.9966,14522.6202,14380.8163,14502.3061,14502.3061,995888352
M08,37,14410.5282,14410.5282,14224.8944,14352.7401,14352.7401,1091929685
M08,38,14364.9906,14384.204,14302.3996,14349.1448,14349.1448,726007509
M08,39,14343.2754,14479.0976,14343.0772,14432.7678,14432.7678,708644619
M08,40,14473.9847,14546.2592,14440.8254,14459.887,14459.887,722070595
M08,41,14403.321,14424.8788,14303.2442,14303.2442,14303.2442,1035873442
M08,42,14336.4855,14336.4855,14180.8675,14224.877,14224.877,1033340554
M08,43,14206.6687,14206.6687,13984.5283,13997.3974,13997.3974,959984896
M08,44,14056.4682,14154.4877,14040.9606,14148.1251,14148.1251,1006664596
M08,45,14189.9187,14353.0346,14189.1212,14251.3362,14251.3362,892247775
M08,46,14121.6554,14188.6406,14048.151,14143.3908,14143.3908,1033567686
M08,47,14250.5118,14358.6187,14226.4226,14340.8998,14340.8998,820076803
M08,48,14268.5728,14312.3491,14241.8311,14310.7648,14310.7648,721323732
M08,49,14329.8355,14390.1339,14277.6697,14310.5951,14310.5951,641879079
M08,50,14366.5121,14385.0314,14188.8927,14215.1767,14215.1767,907089705
M08,51,14336.3571,14412.0678,14304.2254,14324.1077,14324.1077,857029515
M08,52,14117.6434,14176.8238,14106.5592,14131.6955,14131.6955,939634907
M08,53,14196.1382,14290.5829,14179.2375,14244.4547,14244.4547,1643172519
M08,54,14303.8837,14304.0835,14045.9218,14061.8947,14061.8947,839062643
M08,55,13974.5705,14051.161,13973.9756,14011.0797,14011.0797,759515387
M08,56,13947.1452,13955.8366,13859.2509,13903.0997,13903.0997,861544061
M08,57,13914.0769,13914.0769,13667.9762,13743.2892,13743.2892,1085968324
M08,58,13791.4432,13791.8394,13641.48,13730.5451,13730.5451,1037973746
M08,59,13727.4612,13800.0462,13618.3856,13661.6197,13661.6197,839177427
M08,60,13692.1731,13997.6709,13692.1731,13913.5946,13913.5946,755811519
M08,61,13853.1104,13941.3734,13701.1236,13941.3734,13941.3734,838211079
M08,62,13992.7456,14122.2504,13988.773,14016.3821,14016.3821,916049154
M08,63,14012.4239,14029.1037,13893.6773,13960.5964,13960.5964,874458765
M08,64,14026.3481,14057.8699,13909.2371,14033.3309,14033.3309,897067977
M08,65,14064.2012,14395.1118,14064.2012,14395.1118,14395.1118,898886352
M08,66,14295.2949,14324.086,14223.0194,14263.7241,14263.7241,730558552
M08,67,14249.0641,14300.835,14173.689,14271.2793,14271.2793,856177721
M08,68,14371.8629,14515.6854,14371.8629,14515.6854,14515.6854,899964595
M08,69,14418.697,14425.6417,14372.0686,14399.451,14399.451,937657579
M08,70,14451.7655,14470.6838,14419.3052,14454.1546,14454.1546,727927633
M08,71,14462.8739,14496.1507,14444.5426,14475.4279,14475.4279,768148773
M08,72,14404.7201,14407.099,14267.7039,14273.0581,14273.0581,982946628
M08,73,14368.8566,14453.0945,14352.2878,14424.5496,14424.5496,801981006
M08,74,14301.338,14498.2607,14301.338,14481.8334,14481.8334,1060169013
M08,75,14513.3986,14559.8118,14497.7296,14536.4066,14536.4066,901227279
M08,76,14632.4314,14710.8959,14621.2506,14710.8959,14710.8959,920709239
M08,77,14613.4127,14684.6133,14596.5546,14674.2997,14674.2997,810446317
M08,78,14815.977,14897.4774,14812.7729,14869.0421,14869.0421,982809076
M08,79,14818.5278,14821.9208,14637.3228,14726.528,14726.528,1026743211
M08,80,14673.8103,14757.5268,14625.4899,14757.5268,14757.5268,922664410
M08,81,14716.1953,14886.1337,14715.9969,14876.4175,14876.4175,816989062
M08,82,14968.3397,15056.1282,14958.1641,14982.5048,14982.5048,1111577262
M08,83,14976.3707,15055.7475,14970.9865,14998.5085,14998.5085,708845884
M08,84,14931.1685,15035.6019,14929.5805,14976.4367,14976.4367,955322686
M08,85,14970.7513,14994.5673,14869.9296,14890.3722,14890.3722,889211453
M08,86,14890.2547,15024.2188,14890.2547,15018.0662,15018.0662,891518828
M08,87,15035.8356,15098.2272,15002.6523,15033.2519,15033.2519,915841710
M08,88,15020.3242,15212.3023,15020.3242,15212.3023,15212.3023,1018852325
M08,89,15251.534,15339.9081,15190.0305,15328.1649,15328.1649,969247639
M08,90,15332.1464,15387.6932,15313.6312,15379.1326,15379.1326,784490536
M08,91,15439.6853,15446.4809,15367.7296,15412.5019,15412.5019,814687732
M08,92,15409.0592,15490.9904,15362.0987,15433.0391,15433.0391,1117759390
M08,93,15341.8826,15386.5793,15331.5523,15364.132,15364.132,981071348
M08,94,15253.8623,15360.3644,15213.8249,15359.9696,15359.9696,901040171
M08,95,15474.6448,15481.4004,15405.696,15456.3641,15456.3641,964065191
M08,96,15490.8232,15668.6572,15489.4298,15650.9338,15650.9338,812061436
M08,97,15658.4875,15746.7494,15649.3224,15694.9476,15694.9476,872200146
M08,98,15751.165,15751.165,15526.8192,15573.0082,15573.0082,1115383429
M08,99,15382.6597,15412.4835,15241.0475,15241.0475,15241.0475,1044320651
M08,100,15341.616,15414.3799,15314.9746,15368.6534,15368.6534,962894862
M08,101,15462.7439,15462.7439,15223.5115,15267.3174,15267.3174,1534210516
M08,102,15262.5691,15376.5495,15233.5741,15376.5495,15376.5495,1107207556
M08,103,15266.4686,15341.7128,15190.033,15243.8359,15243.8359,1722135009
M08,104,15289.9519,15426.3591,15289.9519,15336.9469,15336.9469,892412330
M08,105,15317.4922,15457.3068,15317.2941,15396.0506,15396.0506,789875891
M08,106,15583.2996,15589.7416,15473.1886,15473.5906,15473.5906,1214968153
M08,107,15349.2643,15436.5263,15318.913,15400.3834,15400.3834,1012535364
M08,108,15425.908,15514.515,15397.5066,15409.9069,15409.9069,1161967738
M08,109,15333.8408,15353.5443,15200.6919,15287.4679,15287.4679,868725939
M08,110,15232.5101,15381.0452,15232.5101,15344.1591,15344.1591,865045735
M08,111,15384.4012,15434.9043,15312.6228,15317.5936,15317.5936,859016015
M08,112,15308.8339,15394.0847,15255.9757,15308.6359,15308.6359,912536085
M08,113,15390.7193,15570.1245,15283.8352,15514.7841,15514.7841,1191576273
M08,114,15368.4872,15398.5683,15107.4578,15107.4578,15107.4578,2070384777
M08,115,15215.2725,15238.3929,15150.8952,15210.0902,15210.0902,663852869
M08,116,15193.2041,15193.2041,15028.9543,15138.6534,15138.6534,1076253540
M08,117,15116.6557,15318.0421,15116.6557,15163.3741,15163.3741,947700258
M08,118,15195.3958,15281.8576,15037.4138,15053.9488,15053.9488,851661080
M08,119,14995.2558,15259.1869,14994.8595,15245.0971,15245.0971,831021870
M08,120,15225.219,15225.219,14880.3759,14883.3487,14883.3487,852741165
M08,121,14908.4479,15016.2448,14908.4479,14964.2322,14964.2322,1188438807
M08,122,14937.965,15128.2096,14886.6388,15104.0332,15104.0332,1697257479
M08,123,15123.3888,15144.2235,15032.708,15111.2847,15111.2847,909679958
M08,124,15136.2887,15317.1546,15136.2887,15178.6229,15178.6229,1008546787
M08,125,15103.1972,15103.1972,14912.9468,14927.1854,14927.1854,903276770
M08,126,15005.4888,15172.8818,14999.7237,15095.7454,15095.7454,1170816016
M08,127,15123.3137,15123.3137,15058.5845,15083.0826,15083.0826,649432284
M08,128,15022.0612,15124.6132,15021.268,15081.768,15081.768,691978731
M08,129,15086.7047,15142.2639,15020.2321,15115.4765,15115.4765,755413805
M08,130,15119.6753,15278.0627,15119.6753,15259.207,15259.207,767112336
M08,131,15289.9433,15343.8401,15268.2655,15297.8985,15297.8985,808891948
M08,132,15329.0147,15329.0147,15102.2286,15129.7296,15129.7296,843845977
M08,133,15051.6469,15192.4092,15051.6469,15169.2128,15169.2128,822927469
M08,134,15266.9525,15396.4509,15266.9525,15288.1033,15288.1033,612641102
M08,135,15266.2539,15277.811,15073.1819,15143.9153,15143.9153,663112111
M08,136,15128.8574,15209.6723,15091.6345,15180.2122,15180.2122,818167126
M08,137,15157.2946,15275.3531,15156.3008,15256.6698,15256.6698,705734962
M08,138,15227.0556,15279.8207,15194.7226,15242.33,15242.33,732081395
M08,139,15335.3777,15378.8847,15231.0001,15324.9993,15324.9993,728570597
M08,140,15182.0677,15182.0677,15069.3707,15136.5934,15136.5934,651344095
M08,141,15287.3364,15456.6682,15272.9598,15393.768,15393.768,900745100
M08,142,15328.4557,15330.8412,15192.2531,15227.4465,15227.4465,725287366
M08,143,15238.7105,15291.2427,15204.0876,15248.4614,15248.4614,682876442
M08,144,15209.5988,15316.7758,15209.5988,15285.2173,15285.2173,862053141
M08,145,15364.0277,15397.5441,15281.4352,15363.2299,15363.2299,844056066
M08,146,15305.1751,15468.1462,15295.0389,15400.3739,15400.3739,1054644360
M08,147,15400.8569,15405.4288,15174.0822,15210.2544,15210.2544,1063541531
M08,148,15237.5233,15237.5233,15031.2474,15084.2103,15084.2103,1152554555
M08,149,15030.9254,15208.1012,15030.9254,15195.9983,15195.9983,757783735
M08,150,15223.4505,15268.768,15178.7288,15232.7918,15232.7918,879428935
M08,151,15300.2006,15476.4855,15299.0035,15409.4054,15409.4054,756686580
M08,152,15419.3295,15562.5657,15396.9547,15535.5966,15535.5966,652287505
M08,153,15402.134,15402.3313,15278.9435,15333.0121,15333.0121,612067084
M08,154,15385.6579,15385.6579,15218.5227,15237.0046,15237.0046,769667260
M08,155,15252.3448,15252.9412,15147.9039,15203.6057,15203.6057,689516008
M08,156,15163.2545,15208.2933,15078.3367,15101.947,15101.947,837538638
M08,157,15259.6864,15300.7847,14990.0417,15031.741,15031.741,1102569501
M08,158,14998.0667,15132.6876,14998.0667,15115.0844,15115.0844,836750879
M08,159,15076.3992,15118.8972,14992.4018,15080.789,15080.789,676949427
M08,160,15034.3902,15148.9593,15034.3902,15099.4313,15099.4313,645178551
M08,161,15132.6981,15153.4305,15064.9216,15081.6672,15081.6672,631201397
M08,162,15196.8468,15280.2058,15127.5483,15213.9203,15213.9203,686493727
M08,163,15118.4127,15174.1021,15091.8648,15096.4563,15096.4563,639522592
M08,164,15115.5501,15163.5157,15104.558,15144.1292,15144.1292,559727917
M08,165,15024.3589,15141.7387,15024.3589,15103.0749,15103.0749,653757368
M08,166,15225.106,15262.0835,15080.9938,15117.1719,15117.1719,792990910
M08,167,14993.011,14993.011,14862.7693,14899.443,14899.443,686979465
M08,168,14915.1919,14916.1842,14741.9491,14749.291,14749.291,847697096
M08,169,14770.887,14937.2298,14770.4902,14914.3751,14914.3751,485899947
M08,170,14872.3901,14932.834,14739.8099,14779.841,14779.841,792519762
M08,171,14798.8608,14798.8608,14600.6274,14650.8303,14650.8303,773880189
M08,172,14580.4611,14608.8988,14441.8314,14453.4825,14453.4825,829301614
M08,173,14626.8283,14645.4137,14443.1687,14544.2917,14544.2917,980076640
M08,174,14507.2385,14567.4381,14464.9784,14510.4272,14510.4272,867356805
M08,175,14498.4221,14500.8126,14381.3086,14486.8705,14486.8705,785479673
M08,176,14618.4209,14722.5291,14572.7976,14698.6125,14698.6125,830661200
M08,177,14488.5148,14500.7979,14412.6394,14425.5165,14425.5165,820612860
M08,178,14359.1978,14442.415,14359.1978,14403.3701,14403.3701,669730183
M08,179,14488.3052,14517.6623,14416.498,14484.5365,14484.5365,735903028
M08,180,14593.3711,14629.3444,14553.2007,14589.5741,14589.5741,784422225
M08,181,14519.2079,14610.4972,14478.833,14580.664,14580.664,832905243
M08,182,14552.2492,14626.2894,14538.1555,14624.1057,14624.1057,966832148
M08,183,14739.8524,14995.9437,14739.8524,14985.7408,14985.7408,1753291628
M08,184,14965.9246,14968.1217,14886.6009,14902.3855,14902.3855,825656338
M08,185,14784.9804,14898.9641,14778.6375,14882.5112,14882.5112,880619704
M08,186,14923.4924,14952.3152,14888.9051,14931.2445,14931.2445,799382769
M08,187,14926.3697,15006.8487,14885.4345,14993.7334,14993.7334,708838409
M08,188,14965.6474,14971.5976,14825.4207,14895.8318,14895.8318,1016930323
M08,189,14933.7919,14965.6074,14847.2935,14904.9591,14904.9591,825585009
M08,190,14960.9959,14960.9959,14859.4016,14918.8813,14918.8813,875863286
M08,191,14897.2375,14995.8934,14897.2375,14968.3887,14968.3887,1018230759
M08,192,14961.8478,14961.8478,14764.6223,14778.5675,14778.5675,1033908947
M08,193,14741.6928,14747.2575,14543.37,14543.37,14543.37,839194748
M08,194,14628.9266,14631.5248,14458.6202,14458.6202,14458.6202,758404469
M08,195,14468.1893,14496.793,14370.1785,14476.7908,14476.7908,829923259
M08,196,14352.8789,14362.1989,14170.6323,14170.6323,14170.6323,1099017828
M08,197,14241.7428,14241.7428,13947.3689,13965.1068,13965.1068,1254511911
M08,198,14000.3133,14134.3843,13976.1364,13978.3344,13978.3344,1070336940
M08,199,14008.1734,14092.873,13938.8922,14074.8519,14074.8519,695170964
M08,200,14035.469,14101.1615,13974.9672,14095.7699,14095.7699,809214342
M08,201,14162.4592,14221.8425,14082.2118,14152.8299,14152.8299,740200912
M08,202,14112.3718,14160.7821,14056.5595,14057.1592,14057.1592,781855480
M08,203,14037.1932,14123.8892,14008.4279,14082.7383,14082.7383,911019254
M08,204,14130.9687,14259.8554,14115.5351,14116.9376,14116.9376,915716586
M08,205,13941.9166,13941.9166,13716.0452,13768.5046,13768.5046,1056093353
M08,206,13930.9421,14120.4208,13930.9421,13946.5648,13946.5648,917900375
M08,207,13862.5242,13944.3497,13709.2261,13944.3497,13944.3497,914519281
M08,208,13920.1471,13920.3461,13617.0643,13791.958,13791.958,891707906
M08,209,13928.6373,14222.2791,13928.6373,14102.6544,14102.6544,844451040
M08,210,14029.2157,14096.7038,13944.1583,14048.384,14048.384,822185598
M08,211,14014.9517,14265.1371,14014.9517,14198.6071,14198.6071,1035780194
M08,212,14107.0106,14181.2258,14023.0982,14080.4913,14080.4913,1177471503
M08,213,14261.5563,14425.3249,14220.263,14220.263,14220.263,893216180
M08,214,14177.4815,14270.0112,14144.1063,14196.8663,14196.8663,657586483
M08,215,14167.8733,14195.1971,14015.7004,14042.027,14042.027,712462816
M08,216,13972.7865,14163.5032,13972.7865,14124.8041,14124.8041,716575159
M08,217,14139.7657,14247.8417,14135.1968,14186.2547,14186.2547,784860954
M08,218,14234.8221,14234.8221,14095.4773,14164.2522,14164.2522,724904100
M08,219,14185.3145,14347.0262,14081.1008,14081.1008,14081.1008,842668063
M08,220,13997.5072,14098.5226,13925.0697,13998.8958,13998.8958,1262835690
M08,221,14024.5681,14143.4648,13877.2411,13984.8035,13984.8035,1063556490
M08,222,14014.4847,14110.3217,13906.4946,14022.8534,14022.8534,1316297490
M08,223,14073.6673,14182.449,13935.6901,14025.4751,14025.4751,1135466865
M08,224,13925.2381,14037.6106,13893.2733,13899.4282,13899.4282,816891790
M08,225,13866.1492,13884.3713,13674.6234,13761.1761,13761.1761,869332450
M08,226,13793.5354,14013.3064,13793.5354,13996.6303,13996.6303,914967375
M08,227,13984.7994,13985.1956,13776.124,13806.4727,13806.4727,888820995
M08,228,13845.2803,13899.3864,13749.7997,13830.5606,13830.5606,786812684
M08,229,13776.9429,13971.325,13776.9429,13941.603,13941.603,898161873
M08,230,13978.4483,13993.7463,13875.1397,13940.502,13940.502,918108120
M08,231,13966.3166,14046.1312,13907.4011,13941.6361,13941.6361,903093380
M08,232,13974.3364,14121.7705,13974.3364,14043.1656,14043.1656,895378517
M08,233,14030.0208,14036.1999,13883.7213,13912.822,13912.822,1300806640
M08,234,13907.8279,14237.1826,13907.8279,14071.6083,14071.6083,940777243
M08,235,14087.6119,14152.6405,13968.5269,14008.6202,14008.6202,932836976
M08,236,13925.2481,13936.9478,13724.979,13724.979,13724.979,913704344
M08,237,13675.2388,13675.2388,13184.8764,13245.1345,13245.1345,1184319655
M08,238,13287.1295,13612.5636,13287.1295,13433.7931,13433.7931,958674176
M08,239,13456.2963,13531.14,13339.3646,13343.9303,13343.9303,970700431
M08,240,13419.1411,13690.8582,13419.1411,13589.6378,13589.6378,955971312
M08,241,13528.3843,13717.789,13528.3843,13674.0651,13674.0651,1172752658
M08,242,13710.5569,13766.9515,13648.3825,13705.176,13705.176,793617193
M08,243,13675.8781,13675.8781,13499.3,13611.65,13611.65,762527836
M08,244,13592.6436,13592.6436,13426.2398,13449.6719,13449.6719,811404395
M08,245,13524.9418,13524.9418,13381.9685,13381.9685,13381.9685,1092982516
M08,246,13338.0032,13504.3901,13331.2365,13465.9772,13465.9772,869615177
M08,247,13508.4522,13508.4522,13270.0644,13400.6385,13400.6385,980514406
M08,248,13328.2862,13370.1861,13212.715,13346.7544,13346.7544,1915518224
M08,249,13422.2041,13422.2041,13301.9846,13351.9095,13351.9095,220527447
M08,250,13394.4402,13479.5829,13094.9385,13191.5006,13191.5006,684863498
M08,251,13079.1272,13392.5634,13079.1272,13375.6799,13375.6799,617524490
M08,252,13433.9071,13470.8135,13402.5862,13422.1372,13422.1372,241484904
M08,253,13364.5596,13414.6158,13109.111,13376.6767,13376.6767,708247208
M08,254,13383.5308,13421.0924,13285.9494,13301.0538,13301.0538,763995308
M08,255,13349.6102,13664.1663,13349.2109,13638.2358,13638.2358,657504094
M08,256,13544.6282,13617.3299,13426.9593,13492.1327,13492.1327,763266475
M08,257,13508.8565,13688.5543,13496.956,13609.4161,13609.4161,782216754
M08,258,13674.1036,13826.9542,13674.1036,13763.7816,13763.7816,938916669
M08,259,13794.7777,13877.8669,13703.2993,13867.2805,13867.2805,661821414
M08,260,13831.2378,13948.7741,13751.1543,13782.0325,13782.0325,745619036
M08,261,13692.4027,13692.4027,13540.995,13567.3177,13567.3177,739720006
M08,262,13636.3643,13746.7681,13625.6225,13715.9346,13715.9346,773244496
M08,263,13618.2697,13652.6362,13526.6256,13554.4746,13554.4746,940459716
M08,264,13674.799,13674.799,13547.8683,13619.4034,13619.4034,724795897
M08,265,13614.0549,13911.8356,13614.0549,13879.7667,13879.7667,836087354
M08,266,13910.4248,13949.5514,13882.877,13915.0167,13915.0167,519725489
M08,267,13815.4093,13815.4093,13637.2318,13678.2577,13678.2577,580114466
M08,268,13694.9951,13695.3924,13561.8431,13578.909,13578.909,689106415
M08,269,13678.5512,13701.9392,13596.7947,13630.7767,13630.7767,674936724
M08,270,13564.6194,13642.5979,13540.3503,13545.1252,13545.1252,840268681
M08,271,13535.7741,13542.3336,13386.2862,13412.3274,13412.3274,775377462
M08,272,13420.1335,13645.2903,13420.1335,13592.7803,13592.7803,759976446
M08,273,13580.2987,13846.1861,13580.2987,13794.3201,13794.3201,827967034
M08,274,13821.7147,13927.8422,13820.7192,13876.0725,13876.0725,987190146
M08,275,13763.2375,13873.045,13763.2375,13864.5531,13864.5531,705924779
M08,276,13939.122,13991.541,13903.7782,13966.7213,13966.7213,669875666
M08,277,14048.7482,14341.543,14047.7496,14334.9515,14334.9515,760230456
M08,278,14351.6932,14365.2908,14290.307,14343.0954,14343.0954,639303261
M08,279,14199.6695,14228.1752,14042.2936,14042.2936,14042.2936,761847422
M08,280,14118.1303,14162.3136,14061.0094,14073.5486,14073.5486,633085567
M08,281,14070.9501,14226.1619,14070.9501,14186.1648,14186.1648,615665987
M08,282,14232.2954,14311.1518,14217.5224,14240.2808,14240.2808,605904288
M08,283,14137.7363,14280.4396,14137.7363,14252.0966,14252.0966,639653917
M08,284,14304.6991,14388.2499,14289.1829,14317.0332,14317.0332,565214935
M08,285,14320.6788,14449.2209,14297.1994,14399.6748,14399.6748,775216845
M08,286,14420.6758,14431.4363,14366.8725,14386.4008,14386.4008,515001409
M08,287,14335.2706,14335.2706,14222.6849,14255.25,14255.25,681832701
M08,288,14328.2932,14438.0626,14325.8979,14426.8858,14426.8858,911769483
M08,289,14404.7576,14405.1556,14231.9862,14282.8012,14282.8012,842912125
M08,290,14193.1295,14298.2801,14183.2283,14215.3085,14215.3085,695953332
M08,291,14208.7162,14272.2525,14168.3384,14218.8109,14218.8109,697554421
M08,292,14307.9848,14308.1832,14124.5464,14243.0542,14243.0542,888747036
M08,293,14255.6249,14255.6249,14119.071,14168.111,14168.111,1090964494
M08,294,14167.8374,14167.8374,14035.8707,14103.0503,14103.0503,1134957784
M08,295,14107.1097,14216.7809,14107.1097,14170.9184,14170.9184,780957998
M08,296,14112.3439,14230.4978,14112.3439,14167.3494,14167.3494,753445598
M08,297,14251.4925,14365.9541,14237.1106,14349.3737,14349.3737,940133343
M08,298,14273.2056,14329.6354,14247.1761,14298.2417,14298.2417,952509166
M08,299,14312.241,14312.241,14174.2104,14235.8668,14235.8668,801491239
M08,300,14161.7834,14161.7834,14004.0913,14056.3252,14056.3252,720729615
M08,301,14153.0076,14307.0033,14153.0076,14205.4024,14205.4024,779408344
M08,302,14246.6183,14318.5447,14151.9154,14287.7764,14287.7764,800884320
M08,303,14224.6606,14285.7262,14179.9052,14240.5736,14240.5736,853383073
M08,304,14202.5022,14314.1904,14180.4817,14254.4775,14254.4775,839956477
M08,305,14289.0919,14405.2276,14289.0919,14374.4039,14374.4039,1513592681
M08,306,14435.2312,14576.8224,14435.0323,14576.8224,14576.8224,665319129
M08,307,14524.9668,14626.2545,14515.6137,14574.3169,14574.3169,662590186
M08,308,14564.1925,14599.1913,14498.5701,14498.5701,14498.5701,802139671
M08,309,14534.4121,14693.0927,14533.6149,14662.592,14662.592,782382205
M08,310,14593.3129,14595.4955,14270.9041,14300.2687,14300.2687,812078680
M08,311,14355.9956,14356.9915,14234.8945,14296.2421,14296.2421,653966754
M08,312,14232.6125,14318.6711,14216.3522,14269.6926,14269.6926,669457375
M08,313,14373.3899,14425.9203,14301.0871,14369.1963,14369.1963,751096271
M08,314,14269.5588,14410.9806,14263.0127,14349.0956,14349.0956,651662404
M08,315,14352.7583,14458.704,14330.9344,14441.8401,14441.8401,877710768
M08,316,14490.9819,14636.3058,14490.9819,14567.0275,14567.0275,772478236
M08,317,14586.1065,14757.9333,14584.9103,14733.0165,14733.0165,891741645
M08,318,14726.2524,14780.4459,14705.9292,14780.4459,14780.4459,975127446
M08,319,14836.5212,14836.7214,14734.722,14803.7216,14803.7216,721334153
M08,320,14668.9005,14786.8161,14666.7204,14758.0804,14758.0804,828120813
M08,321,14824.6465,14850.5258,14771.8926,14834.6,14834.6,616903498
M08,322,14795.092,14846.1174,14718.4549,14742.876,14742.876,743098261
M08,323,14789.5671,14821.0356,14757.3012,14782.1974,14782.1974,679158266
M08,324,14722.5396,14762.2128,14646.3671,14714.8035,14714.8035,743605561
M08,325,14715.0878,14788.0876,14709.1367,14752.9767,14752.9767,792323079
M08,326,14784.4927,14804.3721,14751.0948,14784.0948,14784.0948,602604561
M08,327,14713.3935,14810.3366,14713.3935,14778.6817,14778.6817,739696450
M08,328,14875.8472,14893.9695,14826.4599,14878.635,14878.635,743588819
M08,329,14875.5409,14884.6998,14809.0409,14852.8434,14852.8434,564734222
M08,330,14798.7831,14935.6638,14798.7831,14924.1582,14924.1582,900861200
M08,331,14990.5402,14991.9344,14858.2317,14888.3192,14888.3192,781483517
M08,332,14840.5594,14843.5387,14709.8672,14765.6799,14765.6799,752485223
M08,333,14789.5819,14805.6964,14718.9573,14777.8444,14777.8444,972974638
M08,334,14733.5424,14789.6739,14690.5009,14758.3356,14758.3356,549995760
M08,335,14771.7685,14792.8116,14679.2549,14727.1,14727.1,810318462
M08,336,14677.1235,14733.1155,14600.9502,14612.0292,14612.0292,368683931
M08,337,14672.1454,14689.231,14581.1564,14604.5987,14604.5987,658983937
M08,338,14626.6498,14759.7594,14624.0636,14684.9477,14684.9477,517963559
M08,339,14696.8461,14696.8461,14438.7759,14457.6931,14457.6931,982191175
M08,340,14443.4396,14478.8491,14368.6411,14464.3274,14464.3274,823347018
M08,341,14496.5555,14496.5555,14339.4484,14369.7528,14369.7528,923183482
M08,342,14321.9097,14442.7267,14287.1353,14313.7624,14313.7624,711021846
M08,343,14412.3719,14439.9836,14307.5301,14333.141,14333.141,817077173
M08,344,14295.9509,14451.4088,14295.9509,14451.4088,14451.4088,848004820
M08,345,14447.8271,14571.724,14410.9175,14558.3563,14558.3563,917982052
M08,346,14507.2216,14619.5497,14445.1923,14619.5497,14619.5497,755538646
M08,347,14703.7983,14705.1984,14611.4181,14694.0007,14694.0007,790774160
M08,348,14588.0746,14611.3003,14429.2626,14513.2341,14513.2341,853941545
M08,349,14622.7479,14740.9558,14622.7479,14658.7503,14658.7503,821364439
M08,350,14632.3548,14721.0004,14601.8083,14642.9369,14642.9369,924232084
M08,351,14615.965,14615.965,14371.0429,14410.3024,14410.3024,903266462
M08,352,14437.1453,14580.8978,14437.1453,14530.3852,14530.3852,743253318
M08,353,14543.1795,14617.5164,14513.4037,14525.7937,14525.7937,1343158003
M08,354,14428.0976,14428.0976,14194.6755,14261.9627,14261.9627,774954595
M08,355,14330.3844,14432.8975,14321.0113,14396.0011,14396.0011,697213973
M08,356,14340.3627,14340.3627,14166.9236,14228.1144,14228.1144,1044519618
M08,357,14321.6256,14371.6194,14157.6459,14367.8191,14367.8191,738620274
M08,358,14309.3883,14387.4602,14216.3803,14368.1411,14368.1411,957430178
M08,359,14373.3711,14458.0176,14342.8978,14380.342,14380.342,845108128
M08,360,14435.9106,14546.8761,14432.9116,14515.2854,14515.2854,725466300
M08,361,14522.1629,14697.1914,14518.7629,14666.1863,14666.1863,721226434
M08,362,14595.3458,14691.2961,14595.3458,14682.1389,14682.1389,516703747
M08,363,14711.0432,14801.1987,14711.0432,14756.9186,14756.9186,777740532
M08,364,14787.9849,14787.9849,14649.6688,14726.2227,14726.2227,1021550531
M08,365,14732.7151,14794.7046,14699.5205,14734.7148,14734.7148,659585225
M08,366,14826.8025,14827.2044,14721.7674,14780.9247,14780.9247,743345087
M08,367,14733.0602,14783.0015,14690.3403,14756.1251,14756.1251,610182195
M08,368,14715.6875,14939.5048,14692.2863,14887.1005,14887.1005,815171576
M08,369,14865.4481,14889.215,14777.9694,14786.5571,14786.5571,815584335
M08,370,14796.6512,14911.1707,14796.6512,14838.4217,14838.4217,789230503
M08,371,14816.1532,14880.8105,14733.3357,14782.4277,14782.4277,1754550990
M08,372,14896.9658,14953.2756,14881.0786,14915.468,14915.468,700831949
M08,373,14851.7235,14877.7556,14764.616,14863.137,14863.137,684015272
M08,374,14865.6411,14892.679,14831.7938,14853.6242,14853.6242,730969904
M08,375,14746.3251,14792.0569,14665.0022,14718.2893,14718.2893,711615183
M08,376,14846.4482,14914.4406,14839.6292,14893.1805,14893.1805,840399098
M08,377,14887.4105,15097.1208,14887.4105,15031.5609,15031.5609,681640737
M08,378,15008.4579,15144.1792,15008.4579,15131.9691,15131.9691,609234669
M08,379,15081.5912,15204.8899,15080.1942,15181.5465,15181.5465,855098524
M08,380,15205.4921,15232.0698,15189.5059,15194.1025,15194.1025,567650204
M08,381,15191.4109,15191.4109,15068.1386,15090.5157,15090.5157,621948299
M08,382,15036.4973,15072.7288,15007.8304,15028.9318,15028.9318,620056448
M08,383,14999.0925,15007.0398,14936.7066,14973.6616,14973.6616,580347331
M08,384,14996.0509,15041.0203,14954.4645,14984.5105,14984.5105,593689525
M08,385,14980.1286,15035.03,14922.4416,14938.5534,14938.5534,604765283
M08,386,15030.5605,15085.201,14998.5372,15022.9554,15022.9554,525804558
M08,387,15023.4813,15108.1456,14986.2526,15074.921,15074.921,539329989
M08,388,14985.6352,15101.8321,14971.3092,15076.1655,15076.1655,719824670
M08,389,15165.6689,15165.6689,15049.5826,15082.2065,15082.2065,592683811
M08,390,15065.8908,15065.8908,14960.1268,14981.1197,14981.1197,514436914
M08,391,15075.11,15182.9462,15039.701,15106.4953,15106.4953,662886489
M08,392,14973.8618,15055.624,14940.159,14986.2252,14986.2252,576948742
M08,393,15037.1327,15204.6148,15037.1327,15121.1737,15121.1737,755989757
M08,394,15098.5495,15100.7475,14943.1069,14987.8615,14987.8615,735587678
M08,395,15011.5883,15093.8356,14933.9443,14986.7743,14986.7743,786885885
M08,396,15062.1924,15191.9157,15057.3656,15182.8653,15182.8653,836496618
M08,397,15125.921,15450.916,15125.5199,15401.4259,15401.4259,828764013
M08,398,15401.5693,15483.52,15315.6111,15321.8218,15321.8218,960328663
M08,399,15399.0368,15401.8568,15256.6625,15278.2095,15278.2095,1185345080
M08,400,15217.6362,15264.1713,15115.541,15213.8254,15213.8254,989728792
M08,401,15248.7934,15249.3971,14872.8458,14891.342,14891.342,1228147004
M08,402,14879.5625,14879.5625,14464.5392,14511.5455,14511.5455,1429066087
M08,403,14468.277,14503.7276,14354.3159,14363.7296,14363.7296,843039549
M08,404,14378.6771,14511.4021,14342.9889,14432.8099,14432.8099,906689454
M08,405,14315.4328,14488.8393,14300.7163,14488.8393,14488.8393,891887659
M08,406,14506.2629,14528.9602,14409.1023,14442.5507,14442.5507,892966775
M08,407,14645.2119,14749.5916,14551.5331,14590.2972,14590.2972,616783944
M08,408,14435.2407,14543.9038,14315.7904,14483.5793,14483.5793,791855113
M08,409,14458.2614,14493.7551,14181.4952,14252.8799,14252.8799,945298477
M08,410,14215.4311,14217.2208,13961.4675,14054.5409,14054.5409,989423723
M08,411,14105.2114,14222.7712,14105.2114,14205.4073,14205.4073,683046143
M08,412,14325.1238,14520.3603,14325.1238,14471.048,14471.048,673025485
M08,413,14424.5769,14508.8408,14287.1464,14294.7699,14294.7699,895791584
M08,414,14308.2708,14490.011,14302.4473,14466.9169,14466.9169,721017184
M08,415,14430.7013,14430.7013,14229.7856,14278.8628,14278.8628,753986952
M08,416,14292.1916,14413.2946,14225.6245,14225.6245,14225.6245,751716349
M08,417,14245.4138,14277.1368,14144.4213,14234.5718,14234.5718,1022164053
M08,418,14282.0719,14365.8757,14202.297,14332.6363,14332.6363,711831915
M08,419,14258.1451,14427.4865,14234.898,14397.6255,14397.6255,758500969
M08,420,14427.7774,14540.4397,14418.5403,14473.7668,14473.7668,841512893
M08,421,14452.2796,14669.047,14451.6775,14602.0717,14602.0717,543539630
M08,422,14600.8239,14640.1238,14515.0067,14573.3549,14573.3549,680705453
M08,423,14565.1306,14698.1929,14565.1306,14651.5002,14651.5002,747689813
M08,424,14653.85,14692.7337,14532.1911,14573.4793,14573.4793,814488173
M08,425,14654.2677,14680.266,14599.6506,14676.6377,14676.6377,764411146
M08,426,14615.9318,14702.035,14462.7944,14522.604,14522.604,931892741
M08,427,14560.6934,14630.5211,14487.4455,14625.4903,14625.4903,1118394390
M08,428,14508.1517,14665.2505,14508.1517,14647.8835,14647.8835,1038056091
M08,429,14667.2146,14729.7768,14597.6567,14680.607,14680.607,809476711
M08,430,14767.9195,14839.4993,14714.6362,14813.7629,14813.7629,1138649496
M08,431,14769.8778,14791.5285,14677.4593,14677.4593,14677.4593,1078072020
M08,432,14663.7317,14721.4146,14605.2488,14661.7288,14661.7288,834059721
M08,433,14713.0614,14773.5587,14672.864,14700.3996,14700.3996,735451879
M08,434,14674.3793,14792.7518,14627.4317,14759.246,14759.246,745531337
M08,435,14736.3596,14776.2232,14667.4497,14713.3228,14713.3228,2056004165
M08,436,14709.5644,14744.4111,14589.2025,14671.9142,14671.9142,537777107
M08,437,14757.3596,14803.4881,14668.3247,14687.4611,14687.4611,695292473
M08,438,14607.9383,14609.1405,14450.8682,14605.1336,14605.1336,829424839
M08,439,14526.2998,14719.7847,14500.7945,14648.0499,14648.0499,846199755
M08,440,14714.3954,14893.9436,14714.195,14864.7202,14864.7202,667713216
M08,441,14818.4392,14845.1777,14770.5489,14782.5215,14782.5215,750323395
M08,442,14884.7051,14934.9356,14773.3936,14788.4627,14788.4627,780807133
M08,443,14829.3615,14829.3615,14344.6069,14350.2479,14350.2479,841693979
M08,444,14393.3632,14406.4986,14154.7029,14302.6281,14302.6281,694841037
M08,445,14230.88,14392.137,14230.4774,14387.3115,14387.3115,707996964
M08,446,14373.9718,14477.4265,14328.9743,14459.347,14459.347,687077719
M08,447,14493.2022,14545.5541,14383.0626,14383.0626,14383.0626,819234382
M08,448,14380.9629,14488.0665,14374.3186,14427.8709,14427.8709,683803947
M08,449,14389.1642,14482.3276,14316.8821,14429.1199,14429.1199,847952796
M08,450,14485.7884,14614.1903,14401.7333,14608.1431,14608.1431,1801978545
M08,451,14638.0884,14647.5811,14531.2383,14570.2211,14570.2211,833247307
M08,452,14532.3636,14590.5855,14458.2265,14528.536,14528.536,1372960071
M08,453,14529.5746,14541.6631,14405.0624,14441.7313,14441.7313,1111828941
M08,454,14414.1676,14554.5283,14402.1021,14442.9231,14442.9231,1306461476
M08,455,14542.7411,14572.7087,14469.4438,14478.5554,14478.5554,962820125
M08,456,14399.6026,14494.0478,14377.048,14425.7815,14425.7815,1029299643
M08,457,14398.6279,14532.4922,14364.6596,14496.9153,14496.9153,895230724
M08,458,14496.1917,14603.5186,14459.2103,14593.0679,14593.0679,778793120
M08,459,14648.6833,14806.4536,14638.1917,14785.0676,14785.0676,875746076
M08,460,14827.4714,14833.3398,14729.3406,14819.7832,14819.7832,679017859
M08,461,14802.6907,14847.9605,14736.2005,14816.433,14816.433,756195333
M08,462,14802.2359,14811.1205,14667.7682,14751.7597,14751.7597,749480075
M08,463,14620.131,14675.56,14563.9028,14669.1563,14669.1563,767613763
M08,464,14785.2527,14794.1278,14612.6097,14619.0631,14619.0631,939096859
M08,465,14565.4764,14683.6341,14565.4764,14673.988,14673.988,689912922
M08,466,14695.393,14877.1138,14695.393,14830.8285,14830.8285,648461283
M08,467,14893.6592,14960.5512,14893.4569,14930.8441,14930.8441,718407891
M08,468,14835.3143,14856.7993,14786.1182,14852.5833,14852.5833,705706515
M08,469,14881.1336,14951.9505,14879.7249,14900.648,14900.648,743141296
M08,470,14961.5126,14962.3204,14845.7625,14866.5689,14866.5689,607895567
M08,471,14808.1682,14808.1682,14605.1431,14745.9932,14745.9932,827231528
M08,472,14678.187,14801.3648,14677.5866,14752.0935,14752.0935,896669399
M08,473,14887.221,14887.221,14758.4688,14858.52,14858.52,772709147
M08,474,14843.6903,14843.8914,14725.7671,14725.7671,14725.7671,714706939
M08,475,14725.4956,14811.9173,14625.345,14745.8896,14745.8896,795214389
M08,476,14705.2323,14770.6748,14686.1029,14714.8982,14714.8982,871523154
M08,477,14701.3443,14896.0824,14701.3443,14733.7329,14733.7329,683174011
M08,478,14779.0512,14779.0512,14567.7726,14655.3514,14655.3514,934225625
M08,479,14720.5158,14720.5158,14588.3601,14672.0725,14672.0725,709917949
M08,480,14516.1802,14726.1435,14515.9795,14693.0546,14693.0546,705143770
M08,481,14766.1264,14917.2783,14766.1264,14906.1938,14906.1938,656080765
M08,482,14994.6914,15045.3745,14971.783,15008.4778,15008.4778,1087503123
M08,483,14985.2846,15072.1221,14979.8189,15039.3299,15039.3299,704020658
M08,484,14919.0863,14919.0863,14829.73,14892.1792,14892.1792,726174414
M08,485,14987.654,14997.7584,14846.3947,14846.3947,14846.3947,735612001
M08,486,14727.0611,14834.9101,14587.7389,14605.5799,14605.5799,1091244095
M08,487,14728.7302,14728.7302,14423.4778,14471.7924,14471.7924,943182595
M08,488,14480.288,14543.3974,14442.0587,14540.3633,14540.3633,743937108
M08,489,14464.7294,14477.4059,14349.4305,14362.9116,14362.9116,744481673
M08,490,14383.8301,14592.5982,14383.8301,14588.9714,14588.9714,557118538
M08,491,14544.4654,14576.6092,14500.4678,14532.8127,14532.8127,758308515
M08,492,14608.4231,14609.4329,14414.3548,14567.8322,14567.8322,834980917
M08,493,14632.0236,14706.8701,14594.9054,14637.0945,14637.0945,912394666
M08,494,14603.0211,14787.3728,14602.617,14718.7724,14718.7724,798158497
M08,495,14710.8298,15025.3323,14609.5011,14872.4293,14872.4293,2184278284
M08,496,14812.2996,15213.7596,14811.8974,15146.0774,15146.0774,1275050934
M08,497,15260.7762,15298.527,15216.3282,15273.3592,15273.3592,1350843171
M08,498,15108.6618,15172.5078,15088.3847,15139.7814,15139.7814,747910698
M08,499,15282.6788,15353.815,15252.8874,15349.5588,15349.5588,762621145
M08,500,15278.7717,15330.6172,15260.213,15296.3228,15296.3228,1237537567
M08,501,15278.4383,15370.5224,15232.2959,15361.2534,15361.2534,564779362
M08,502,15454.8896,15480.4331,15423.6703,15472.3241,15472.3241,207735303
M08,503,15358.3143,15425.1222,15338.7945,15383.8699,15383.8699,341754263
M08,504,15362.2809,15362.2809,15246.1333,15246.1333,15246.1333,330189355
M08,505,15228.3258,15228.9276,15118.5352,15138.6065,15138.6065,211164153
M08,506,15171.8489,15337.5997,15171.8489,15296.3631,15296.3631,504490213
M08,507,15207.1454,15251.3414,15100.556,15243.3422,15243.3422,537730441
M08,508,15439.709,15439.709,15248.6981,15344.3044,15344.3044,566718652
M08,509,15159.77,15218.406,15133.3546,15156.9685,15156.9685,589957041
M08,510,15182.0299,15193.2554,15084.0091,15184.0345,15184.0345,688033899
M08,511,15204.9721,15311.1572,15204.9721,15251.5415,15251.5415,696017358
M08,512,15317.287,15385.6271,15291.0799,15296.7241,15296.7241,631360684
M08,513,15413.4885,15510.7887,15402.5195,15473.8192,15473.8192,735814981
M08,514,15456.855,15524.0183,15398.4164,15466.5942,15466.5942,762698104
M08,515,15441.3201,15482.6459,15414.985,15482.6459,15482.6459,863961963
M08,516,15343.1119,15364.7938,15247.7545,15276.8636,15276.8636,652371305
M08,517,15230.3956,15390.3098,15230.3956,15360.0881,15360.0881,685455509
M08,518,15438.3567,15454.8513,15367.9501,15391.6868,15391.6868,387137623
M08,519,15434.0477,15434.0477,15230.5171,15351.9502,15351.9502,748220386
M08,520,15323.3966,15377.1539,15228.3637,15245.276,15245.276,675783924
M08,521,15170.3576,15170.7587,15032.7172,15041.733,15041.733,775505275
M08,522,15042.7546,15312.2446,15042.554,15199.6395,15199.6395,688327791
M08,523,15306.4135,15306.4135,14916.5898,14955.5324,14955.5324,816306366
M08,524,14899.5034,15058.9087,14896.0857,15037.4005,15037.4005,626937227
M08,525,15166.2265,15235.1574,15128.7199,15172.1057,15172.1057,607287788
M08,526,15200.4772,15200.4772,14944.5495,14994.1099,14994.1099,824275462
M08,527,15006.0331,15039.1671,14788.5249,14810.8856,14810.8856,715440795
M08,528,14720.3707,14869.8777,14718.7548,14801.791,14801.791,720251255
M08,529,14789.4819,15023.2461,14789.4819,15018.6025,15018.6025,770208653
M08,530,15088.6543,15235.8945,15025.1752,15175.2545,15175.2545,931251355
M08,531,15114.1767,15217.3957,15114.1767,15159.2209,15159.2209,733000729
M08,532,15169.1782,15172.2101,15040.4243,15092.1688,15092.1688,834050036
M08,533,15104.6494,15104.6494,15026.1589,15064.5947,15064.5947,650547032
M08,534,15019.9024,15186.5013,15019.9024,15125.7914,15125.7914,782689738
M08,535,15165.1312,15262.8031,15164.3225,15235.9075,15235.9075,632282593
M08,536,15189.1366,15189.1366,14932.1002,15023.0207,15023.0207,952834357
M08,537,15055.9875,15098.2136,14958.4028,14969.3128,14969.3128,691028675
M08,538,14951.6175,15034.1538,14951.6175,15000.4527,15000.4527,478018109
M08,539,14878.57,14878.57,14718.6416,14775.8878,14775.8878,908602461
M08,540,14837.2033,14997.9966,14837.2033,14987.947,14987.947,691381627
M08,541,15070.3808,15117.8736,15029.1532,15029.1532,15029.1532,849762765
M08,542,15061.3913,15061.594,14927.7211,14995.1634,14995.1634,917429061
M08,543,14906.0433,14906.0433,14323.4034,14408.5643,14408.5643,1234584390
M08,544,14429.7643,14513.237,14123.4989,14149.7099,14149.7099,1085974919
M08,545,14160.4771,14214.5538,13865.8833,14210.1143,14210.1143,1031152141
M08,546,14146.3916,14146.3916,13518.6674,13652.046,13652.046,1372509164
M08,547,13642.5535,13642.5535,12967.492,13209.3741,13209.3741,2192104424
M08,548,13277.0174,13669.6425,13106.3282,13426.9246,13426.9246,2259540247
M08,549,13440.5146,13827.0738,13440.5146,13568.3585,13568.3585,1591518632
M08,550,13676.5143,13957.6493,13639.871,13874.7953,13874.7953,1228082543
M08,551,13784.6837,13822.1003,13475.2382,13561.8016,13561.8016,1261330724
M08,552,13557.9829,13557.9829,13003.9686,13067.0539,13067.0539,1517800874
M08,553,13094.5168,13094.5168,11937.5569,12087.9003,12087.9003,2453521070
M08,554,12012.7583,12546.968,11936.4429,12001.4829,12001.4829,1993998565
M08,555,12098.4884,12358.9215,11896.7176,11928.5871,11928.5871,1686636251
M08,556,11895.2739,11895.2739,10601.8033,10601.8033,10601.8033,2262550739
M08,557,10548.5775,11473.0256,10548.5775,10807.5843,10807.5843,2268267319
M08,558,10855.3151,10855.3151,9909.9932,10420.3823,10420.3823,2341050831
M08,559,10362.052,10679.6865,10015.4494,10651.3224,10651.3224,2329739574
M08,560,10653.7362,10653.7362,10072.8507,10222.5489,10222.5489,2156634717
M08,561,10280.3137,10483.4673,10000.6732,10423.9783,10423.9783,2163157873
M08,562,10386.2763,10925.9927,10386.2763,10465.3079,10465.3079,3032732249
M08,563,10465.6863,10473.7511,9925.3449,10068.6968,10068.6968,1793525413
M08,564,10088.0053,11001.2771,10088.0053,11001.2771,11001.2771,1692460414
M08,565,11055.6952,11655.3741,10963.3276,11547.3756,11547.3756,1956388071
M08,566,11554.3613,11813.3503,11178.9791,11813.3503,11813.3503,1681180035
M08,567,11679.4731,11679.4731,10858.8954,11066.1479,11066.1479,1610191345
M08,568,11203.5081,11319.1976,10881.2468,11312.0814,11312.0814,1276847865
M08,569,11197.8855,11477.6465,11162.0594,11415.8572,11415.8572,1979773373
M08,570,11399.4674,11399.4674,10882.3516,10962.5416,10962.5416,1839021327
M08,571,11032.841,11230.6574,10912.4923,11084.6215,11084.6215,1863852431
M08,572,11026.2321,11038.5046,10858.2291,10896.0545,10896.0545,1339011244
M08,573,10970.1929,11324.8937,10970.1929,11308.2825,11308.2825,1394399943
M08,574,11312.4193,11713.2505,11312.4193,11559.8483,11559.8483,1799981148
M08,575,11542.794,11542.794,11310.5019,11488.5658,11488.5658,1467412041
M08,576,11330.9758,11660.266,11330.9758,11660.266,11660.266,1548983613
M08,577,11823.9372,11929.1702,11695.0264,11719.9177,11719.9177,1150600343
M08,578,11662.7017,11663.508,11229.9295,11272.8247,11272.8247,1508953152
M08,579,11357.6007,11479.1361,11317.2232,11419.8896,11419.8896,1170987198
M08,580,11355.5622,11781.0627,11355.5622,11675.5454,11675.5454,1480792090
M08,581,11727.9053,11802.6865,11567.1967,11780.1911,11780.1911,831093894
M08,582,11705.1763,11705.1763,11359.2247,11359.2247,11359.2247,1004438642
M08,583,11393.7388,11668.6349,11393.7388,11655.5062,11655.5062,991000750
M08,584,11637.3178,11784.5337,11567.3394,11750.2506,11750.2506,1012867667
M08,585,11821.181,11822.3985,11622.7609,11670.2363,11670.2363,906489533
M08,586,11611.1158,11819.8339,11611.1158,11802.07,11802.07,882424258
M08,587,11809.2954,12073.8876,11787.2799,12034.9061,12034.9061,1466283439
M08,588,12035.4781,12381.0805,12019.9246,12352.1955,12352.1955,1322282200
M08,589,12372.3624,12445.8045,11932.5229,11939.2,11939.2,2218380621
M08,590,11925.3527,11925.3527,11611.9209,11646.2751,11646.2751,871610943
M08,591,11681.9153,11742.3201,11558.0642,11663.0634,11663.0634,1123639698
M08,592,11642.0919,11876.1967,11642.0919,11835.5267,11835.5267,1022688420
M08,593,11855.7501,11953.0381,11835.8876,11864.668,11864.668,1142465850
M08,594,11888.7437,12067.6701,11888.3381,12055.6877,12055.6877,1129420809
M08,595,12002.9331,12130.5251,11926.7011,12010.4151,12010.4151,1145473666
M08,596,12027.7452,12176.1755,11970.4379,12139.3206,12139.3206,1067124672
M08,597,12144.0399,12144.0399,11938.6278,11960.3038,11960.3038,1113080365
M08,598,11938.1467,11938.1467,11446.7984,11609.3678,11609.3678,1335033113
M08,599,11536.1514,11729.8436,11536.1514,11653.2907,11653.2907,1001530936
M08,600,11752.7357,12276.3592,11752.331,12256.9055,12256.9055,1071089666
M08,601,12218.049,12346.1155,12049.3807,12124.3221,12124.3221,1111746952
M08,602,12082.3622,12227.9009,12000.6347,12213.2065,12213.2065,1043146596
M08,603,12238.2379,12291.6915,12110.9578,12133.5489,12133.5489,1185055569
M08,604,12079.1863,12079.1863,11824.7635,12035.0086,12035.0086,1052755016
M08,605,12088.5286,12364.4558,12088.5286,12238.7957,12238.7957,1364302075
M08,606,12206.6771,12408.2512,12206.6771,12360.5732,12360.5732,1780485516
M08,607,12444.5259,12626.2026,12444.5259,12595.4165,12595.4165,1337498907
M08,608,12522.5527,12522.5527,12203.1869,12236.2107,12236.2107,2541526176
M08,609,12283.5232,12491.1252,12283.5232,12465.0487,12465.0487,867024376
M08,610,12469.8824,12615.2806,12467.2539,12578.4766,12578.4766,1434683327
M08,611,12513.733,12864.9973,12513.733,12840.2513,12840.2513,1354658534
M08,612,12927.2453,12968.1599,12789.9201,12844.2018,12844.2018,1145242687
M08,613,12762.7001,13061.7726,12762.7001,13050.3004,13050.3004,1654025131
M08,614,13097.9808,13153.5295,12974.3602,13074.3479,13074.3479,1319372278
M08,615,13097.5012,13102.3575,12799.0305,12820.4801,12820.4801,1505873322
M08,616,12893.2923,12998.5023,12808.024,12879.8609,12879.8609,1259495428
M08,617,12859.0013,12859.0013,12346.1937,12346.1937,12346.1937,1138784273
M08,618,12307.8366,12525.7704,12138.7145,12365.5609,12365.5609,1247403613
M08,619,12348.2038,12348.2038,12039.1543,12266.2897,12266.2897,960099460
M08,620,12296.2952,12771.3426,12296.2952,12657.3956,12657.3956,1210383437
M08,621,12669.8697,12805.6452,12650.3871,12691.1796,12691.1796,965626122
M08,622,12656.8456,12721.0077,12518.4024,12597.7446,12597.7446,821759236
M08,623,12539.4983,12732.3014,12539.4983,12677.5031,12677.5031,1824914989
M08,624,12620.7169,12653.6093,12486.138,12524.446,12524.446,898594758
M08,625,12640.4421,12838.0061,12640.4421,12793.2707,12793.2707,781770982
M08,626,12797.4856,12797.4856,12399.7981,12399.7981,12399.7981,852270204
M08,627,12347.0901,12425.1195,12156.7526,12394.2709,12394.2709,951736943
M08,628,12462.3409,12695.4865,12462.3409,12487.074,12487.074,820135641
M08,629,12420.7188,12607.6562,12347.5174,12554.8214,12554.8214,737957296
M08,630,12592.6371,12616.3026,12433.2524,12479.167,12479.167,950662278
M08,631,12475.6146,12540.9273,12303.3331,12451.9559,12451.9559,792686238
M08,632,12455.5883,12659.0689,12455.5883,12622.2559,12622.2559,932421878
M08,633,12602.0435,12647.0773,12393.4369,12434.2287,12434.2287,603318383
M08,634,12466.8525,12764.2857,12466.8525,12727.2326,12727.2326,807888487
M08,635,12670.6378,12670.6378,12457.1728,12477.1283,12477.1283,672131615
M08,636,12582.4472,12620.0528,12490.1611,12513.9445,12513.9445,684808146
M08,637,12507.223,12549.0741,12271.7544,12290.6493,12290.6493,779875752
M08,638,12286.5529,12405.5679,12192.3161,12379.5709,12379.5709,754305957
M08,639,12292.2778,12477.6075,12292.2778,12455.2235,12455.2235,692365141
M08,640,12429.3151,12436.5591,12262.2814,12436.5591,12436.5591,827263304
M08,641,12571.1457,12863.6688,12571.1457,12800.8112,12800.8112,788417522
M08,642,12775.7611,12784.0843,12642.9819,12690.4906,12690.4906,627893203
M08,643,12550.9938,12637.335,12509.4292,12630.5073,12630.5073,655206939
M08,644,12744.2557,12759.0463,12606.2848,12685.9068,12685.9068,504745825
M08,645,12598.194,12707.2453,12582.9026,12614.6929,12614.6929,919984406
M08,646,12669.9443,12672.5709,12524.0406,12543.4406,12543.4406,862771077
M08,647,12548.4543,12682.8926,12539.963,12557.1469,12557.1469,672678757
M08,648,12547.2356,12547.2356,12320.3863,12370.2805,12370.2805,734119535
M08,649,12379.5409,12387.2233,12304.34,12341.3338,12341.3338,814573033
M08,650,12290.0833,12380.6751,12247.4051,12339.204,12339.204,706223250
M08,651,12261.0325,12312.6433,12235.8282,12265.4337,12265.4337,822415817
M08,652,12328.1444,12356.896,11912.3477,12043.641,12043.641,1451379549
M08,653,11945.0582,12057.3294,11761.1957,11761.1957,11761.1957,1174716780
M08,654,11827.5033,12110.2661,11745.8837,12098.4343,12098.4343,1177755782
M08,655,12173.5328,12221.1544,12080.5094,12179.7884,12179.7884,907679226
M08,656,12173.3604,12325.6282,12173.3604,12311.9144,12311.9144,789598413
M08,657,12284.8381,12284.8381,12034.7015,12128.2761,12128.2761,742294297
M08,658,12104.8373,12143.1993,12044.1822,12115.4828,12115.4828,606338651
M08,659,12103.9094,12238.9498,12096.4848,12140.8297,12140.8297,630927147
M08,660,12235.1814,12549.4223,12235.1814,12444.877,12444.877,825232353
M08,661,12435.1817,12723.9217,12429.7268,12689.3697,12689.3697,701239687
M08,662,12756.5907,12756.5907,12564.6355,12564.6355,12564.6355,614862339
M08,663,12548.3638,12548.3638,12245.082,12354.4255,12354.4255,614471010
M08,664,12295.2362,12396.5865,12237.697,12370.7437,12370.7437,536062911
M08,665,12385.8165,12457.1719,12254.8313,12283.1307,12283.1307,507103273
M08,666,12276.8738,12354.0507,12213.0305,12348.3941,12348.3941,482883270
M08,667,12327.9906,12327.9906,12121.4486,12128.9109,12128.9109,593295355
M08,668,12033.4663,12079.8932,11904.3927,12010.6535,12010.6535,585104818
M08,669,12042.2085,12278.7628,12042.2085,12248.4669,12248.4669,516746785
M08,670,12350.7164,12489.9086,12203.8356,12213.7488,12213.7488,580383279
M08,671,12192.0281,12219.8975,12101.5526,12209.3965,12209.3965,472965345
M08,672,12202.3242,12236.4347,12110.2859,12110.2859,12110.2859,514471282
M08,673,12124.3097,12190.9934,12048.5328,12050.7558,12050.7558,977783945
M08,674,12008.4992,12026.4203,11727.3959,11804.1155,11804.1155,1180203503
M08,675,11901.117,12129.7154,11901.117,12061.298,12061.298,707259180
M08,676,11972.4474,12083.6882,11764.8793,11790.8755,11790.8755,792603578
M08,677,11823.9724,11931.6859,11677.4585,11719.2911,11719.2911,755684757
M08,678,11658.7561,11955.8991,11657.5496,11936.7999,11936.7999,596711153
M08,679,11911.4185,12007.5137,11773.9961,11897.1745,11897.1745,817919398
M08,680,11991.0924,12195.3148,11977.1408,12157.9077,12157.9077,715983716
M08,681,12187.7364,12220.1678,12061.6597,12168.4802,12168.4802,702266364
M08,682,12071.7855,12181.177,12050.8728,12129.6988,12129.6988,632880570
M08,683,12142.4592,12238.8804,12101.5952,12130.7833,12130.7833,640667526
M08,684,12132.841,12328.9386,12132.6404,12292.2959,12292.2959,790881522
M08,685,12387.1867,12414.9825,12290.0047,12332.4076,12332.4076,796955608
M08,686,12254.9738,12254.9738,12094.0879,12197.3126,12197.3126,691317927
M08,687,12231.0256,12241.7412,12142.8797,12144.4977,12144.4977,1804931657
M08,688,12139.1639,12139.1639,11678.6232,11729.3445,11729.3445,1011779168
M08,689,11695.7368,11830.7427,11675.9901,11746.5155,11746.5155,902603425
M08,690,11786.1685,12080.1401,11786.1685,11927.2908,11927.2908,862363363
M08,691,11909.28,11909.28,11719.5164,11754.8447,11754.8447,793017233
M08,692,11736.209,11778.335,11632.8111,11776.3195,11776.3195,864719741
M08,693,11773.4085,11998.4904,11773.4085,11945.0913,11945.0913,1006725978
M08,694,11894.5891,11894.5891,11764.1638,11833.5904,11833.5904,724972411
M08,695,11930.6254,11999.2048,11843.6365,11867.1035,11867.1035,862690592
M08,696,11854.3056,11974.9477,11821.3657,11881.3843,11881.3843,840461214
M08,697,11887.4592,11933.1532,11746.1322,11933.1532,11933.1532,827346072
M08,698,11839.012,11983.6374,11839.012,11920.8522,11920.8522,725957579
M08,699,11952.3036,12009.8238,11872.8616,11966.3819,11966.3819,1082476133
M08,700,11947.7618,12002.5824,11906.1955,11940.5326,11940.5326,904362155
M08,701,11896.2652,12012.1017,11862.455,11959.6852,11959.6852,867119197
M08,702,12081.9118,12208.2282,12081.9118,12160.1273,12160.1273,789178072
M08,703,12111.3009,12152.3649,12067.8211,12080.5022,12080.5022,677124030
M08,704,12091.6639,12104.9618,11988.103,12027.7951,12027.7951,911500573
M08,705,12082.8242,12163.9868,11995.3859,12012.7927,12012.7927,694069375
M08,706,12000.9091,12000.9091,11699.8301,11793.4494,11793.4494,770878184
M08,707,11749.0981,11953.1583,11749.0981,11924.5542,11924.5542,667827568
M08,708,11877.1222,11957.5793,11781.617,11807.0988,11807.0988,644959106
M08,709,11804.9913,11866.7772,11759.052,11814.0185,11814.0185,746573982
M08,710,11911.0619,11939.7812,11669.1676,11683.1228,11683.1228,735341611
M08,711,11650.1651,11690.2996,11528.9539,11668.7202,11668.7202,744870645
M08,712,11683.0393,11884.3625,11675.1632,11833.6779,11833.6779,909261331
M08,713,11832.4393,11848.794,11675.1528,11694.5362,11694.5362,1018469653
M08,714,11673.7743,11702.3948,11545.1858,11546.7978,11546.7978,720788304
M08,715,11574.8995,11574.8995,11163.7471,11279.5159,11279.5159,1359616207
M08,716,11311.8882,11380.3745,11214.4287,11309.862,11309.862,1124106391
M08,717,11191.7828,11215.0416,11096.1425,11182.7601,11182.7601,1025459386
M08,718,11307.3733,11485.7838,11261.555,11464.9021,11464.9021,887764840
M08,719,11346.4102,11612.4642,11346.4102,11610.8585,11610.8585,931165809
M08,720,11596.6129,11794.807,11445.113,11789.9967,11789.9967,918760606
M08,721,11845.6409,11945.9105,11842.8223,11891.7493,11891.7493,983321344
M08,722,11986.871,12076.1707,11890.0615,11994.5828,11994.5828,934268043
M08,723,11901.1318,12602.5128,11901.1318,12457.5244,12457.5244,2141865955
M08,724,12580.6504,12826.11,12568.8557,12805.5701,12805.5701,1854833718
M08,725,12698.7221,12901.1948,12691.261,12870.5421,12870.5421,1400460200
M08,726,12782.5725,12782.5725,12609.7235,12696.0478,12696.0478,1219485032
M08,727,12789.1408,12789.3428,12671.1133,12743.7456,12743.7456,1157641904
M08,728,12825.1688,13123.849,12825.1688,13038.1634,13038.1634,1506420259
M08,729,12958.336,12964.7941,12731.7123,12845.3267,12845.3267,1297740512
M08,730,12900.6838,12962.7017,12822.4532,12941.0164,12941.0164,1103054890
M08,731,12847.5182,12847.5182,12704.8611,12745.3041,12745.3041,1007033317
M08,732,12795.574,12901.2213,12775.7782,12830.1164,12830.1164,925703551
M08,733,12892.1448,12974.5541,12838.762,12856.2173,12856.2173,1121641539
M08,734,12854.5911,13054.7022,12854.3889,13054.2969,13054.2969,1501306372
M08,735,12974.2553,13047.8787,12859.4828,12891.3532,12891.3532,1341199439
M08,736,12894.8429,12938.4238,12810.9095,12837.9455,12837.9455,854522497
M08,737,12896.3209,12922.6693,12773.2948,12905.8473,12905.8473,1584772084
M08,738,12863.193,12936.7245,12658.355,12658.355,12658.355,1664780501
M08,739,12603.8409,12873.3686,12598.611,12842.1919,12842.1919,968028770
M08,740,12863.7818,13032.8219,12829.1272,13022.3446,13022.3446,972912193
M08,741,12992.3653,13048.8505,12925.8293,13046.438,13046.438,1041022570
M08,742,13118.8458,13258.1142,13117.8351,13239.9225,13239.9225,1167127831
M08,743,13221.5308,13324.2719,13160.1679,13232.0264,13232.0264,1127405141
M08,744,13235.2191,13259.851,13160.5168,13242.0834,13242.0834,851043955
M08,745,13215.7753,13345.1367,13215.7753,13226.8577,13226.8577,895663341
M08,746,13248.1964,13402.3892,13241.7387,13319.8432,13319.8432,1347721000
M08,747,13281.8556,13297.1505,13122.2676,13175.195,13175.195,1238056341
M08,748,13220.9632,13295.4818,13176.334,13190.6713,13190.6713,1030134565
M08,749,13221.2667,13274.7047,13124.5133,13183.8201,13183.8201,814014998
M08,750,13116.2687,13287.6405,13116.2687,13232.2619,13232.2619,964553016
M08,751,13199.9847,13261.657,13160.2098,13160.2098,13160.2098,891364841
M08,752,13278.5505,13386.7877,13212.0669,13234.1611,13234.1611,1361558537
M08,753,13219.3499,13219.3499,12786.2763,12990.7661,12990.7661,1144593802
M08,754,13051.9863,13141.1804,13007.49,13138.1466,13138.1466,878227283
M08,755,13111.5393,13181.1763,13078.8408,13124.2562,13124.2562,550924780
M08,756,13100.3939,13451.9755,13100.3939,13303.0824,13303.0824,927450049
M08,757,13342.7484,13383.7703,13241.3038,13247.9721,13247.9721,435935677
M08,758,13260.7754,13260.7754,13025.3269,13068.0072,13068.0072,381947200
M08,759,13040.9441,13449.0985,13040.9441,13265.8121,13265.8121,1118495508
M08,760,13323.7154,13426.9086,13267.7596,13405.6212,13405.6212,952732860
M08,761,13302.2189,13798.7166,13301.4144,13764.1143,13764.1143,1469078614
M08,762,13776.3858,13900.6212,13682.1529,13806.7904,13806.7904,1137622236
M08,763,13876.1631,13935.4556,13833.869,13909.1482,13909.1482,881105848
M08,764,13888.7123,13888.7123,13677.3504,13737.5662,13737.5662,764898665
M08,765,13702.0742,13738.7559,13580.5426,13612.5882,13612.5882,765026695
M08,766,13481.463,13518.3898,13445.3345,13464.2969,13464.2969,708835606
M08,767,13613.657,13727.6844,13596.0985,13727.6844,13727.6844,782488730
M08,768,13670.0085,13670.2097,13417.9918,13536.7655,13536.7655,808865280
M08,769,13584.424,13596.121,13531.1802,13554.1723,13554.1723,422132797
M08,770,13537.4035,13638.1177,13491.075,13521.8931,13521.8931,691796292
M08,771,13493.8194,13571.811,13462.6628,13548.896,13548.896,788627554
M08,772,13601.3194,13674.972,13550.8724,13550.8724,13550.8724,759756577
M08,773,13612.2713,13612.88,13483.1505,13571.1231,13571.1231,769114489
M08,774,13537.6861,13577.1156,13366.2174,13424.0476,13424.0476,901585559
M08,775,13393.7585,13521.8677,13388.5129,13424.2225,13424.2225,732538210
M08,776,13437.9544,13452.6965,13138.6596,13263.0628,13263.0628,1152493650
M08,777,13358.5615,13358.5615,13098.6075,13274.7583,13274.7583,946308440
M08,778,13192.6271,13192.6271,12931.8553,12952.6762,12952.6762,965620816
M08,779,12920.9862,13098.6436,12920.9862,13039.7602,13039.7602,847100552
M08,780,13083.2861,13198.8151,13083.2861,13185.0572,13185.0572,793802927
M08,781,13063.109,13176.166,13008.5847,13045.2677,13045.2677,837262682
M08,782,13114.7826,13206.6778,13055.1323,13106.5209,13106.5209,1122844776
M08,783,13063.6583,13093.7881,12971.0593,13034.733,13034.733,1282022259
M08,784,13129.4461,13288.0693,13129.4461,13198.6415,13198.6415,908112685
M08,785,13141.7367,13176.9909,13096.41,13158.0546,13158.0546,602626133
M08,786,13193.1082,13284.8109,13090.9016,13178.5646,13178.5646,871747594
M08,787,13150.4645,13210.5294,13131.3164,13159.1321,13159.1321,740812803
M08,788,13163.5637,13286.7565,13075.6545,13286.7565,13286.7565,581203791
M08,789,13302.4595,13677.12,13302.4595,13638.1606,13638.1606,889063969
M08,790,13593.781,13681.9095,13555.1488,13579.2937,13579.2937,953503037
M08,791,13606.3101,13629.2932,13510.95,13529.6991,13529.6991,884314902
M08,792,13500.3864,13522.3139,13259.987,13311.8897,13311.8897,968931866
M08,793,13331.1575,13389.5815,13297.7145,13344.8565,13344.8565,1202012639
M08,794,13375.7279,13377.1418,13218.0217,13351.9008,13351.9008,1027023008
M08,795,13374.3277,13502.1601,13260.4505,13402.0378,13402.0378,1269144896
M08,796,13301.4834,13389.8134,13193.8813,13367.9318,13367.9318,1245431711
M08,797,13480.5618,13569.4333,13451.6131,13466.3909,13466.3909,1026984095
M08,798,13445.284,13445.284,13068.5252,13104.5028,13104.5028,1448823685
M08,799,13120.9817,13382.6572,13120.9817,13333.6813,13333.6813,886503575
M08,800,13352.9752,13499.5059,13297.0379,13404.2506,13404.2506,722619280
M08,801,13279.1357,13462.8487,13279.1357,13403.0169,13403.0169,1004021738
M08,802,13475.6134,13475.6134,13285.2535,13425.954,13425.954,1067240995
M08,803,13370.3698,13490.7872,13189.2407,13329.3597,13329.3597,1155486098
M08,804,13287.7943,13479.9816,13252.1228,13465.3525,13465.3525,1214387372
M08,805,13432.5523,13567.8948,13374.1764,13454.9423,13454.9423,1060791757
M08,806,13503.7441,13524.8114,13396.8028,13494.3145,13494.3145,848228331
M08,807,13538.423,13598.2076,13485.4814,13561.3707,13561.3707,813321566
M08,808,13546.6479,13605.7647,13490.3459,13595.9121,13595.9121,706514939
M08,809,13689.5354,13777.4042,13613.0048,13665.6452,13665.6452,832264125
M08,810,13591.3908,13718.45,13591.1892,13699.9252,13699.9252,9269934
M08,811,13686.1772,13690.4018,13585.9986,13603.9026,13603.9026,9829925
M08,812,13704.7301,13763.7009,13659.741,13739.1809,13739.1809,962191784
M08,813,13686.5581,13686.5581,13454.1991,13543.2265,13543.2265,2140267129
M08,814,13557.1544,13605.6544,13440.552,13592.3167,13592.3167,925021553
M08,815,13494.8356,13494.8356,13371.8464,13440.8653,13440.8653,998478197
M08,816,13459.6531,13506.6669,13359.5972,13487.1778,13487.1778,1093583033
M08,817,13524.1052,13558.3542,13334.1247,13447.3471,13447.3471,870229219
M08,818,13439.6329,13575.1413,13439.6329,13572.121,13572.121,869200414
M08,819,13633.5826,13670.3934,13562.3864,13624.6833,13624.6833,712688527
M08,820,13543.3661,13655.956,13529.8951,13615.5441,13615.5441,756014270
M08,821,13582.4938,13589.7143,13465.163,13465.163,13465.163,1033347169
M08,822,13540.5889,13647.2821,13540.5889,13588.3885,13588.3885,646367870
M08,823,13495.3786,13708.5076,13495.3786,13668.2454,13668.2454,855770499
M08,824,13717.3854,13867.7544,13717.3854,13841.4195,13841.4195,792648226
M08,825,13808.0472,13922.1575,13807.0445,13922.1575,13922.1575,921326193
M08,826,13965.3576,13980.2437,13893.3395,13912.249,13912.249,673447175
M08,827,14001.208,14001.8159,13875.6874,13947.1538,13947.1538,750562397
M08,828,13854.7877,13866.8544,13795.6611,13857.6031,13857.6031,620814351
M08,829,13816.588,13920.4551,13796.9377,13915.0418,13915.0418,686956131
M08,830,13995.5391,14107.0658,13994.9335,14084.0749,14084.0749,709744482
M08,831,14042.8811,14151.8704,14042.8811,14115.2722,14115.2722,885328866
M08,832,13980.979,14022.4066,13900.7124,13942.3395,13942.3395,625263644
M08,833,14000.9082,14003.3077,13714.8937,13720.4936,13720.4936,941613590
M08,834,13768.9582,13879.3524,13768.3565,13840.0117,13840.0117,806912965
M08,835,13939.1453,14031.7326,13927.016,14025.8703,14025.8703,745557040
M08,836,14064.6479,14065.4585,13970.5881,14065.4585,14065.4585,703499446
M08,837,13910.9613,13976.9212,13860.4383,13960.0806,13960.0806,575177509
M08,838,14110.0577,14134.3746,14042.5778,14073.3796,14073.3796,743518681
M08,839,13930.8236,14014.4691,13929.0185,13968.3339,13968.3339,1055405191
M08,840,14055.8286,14169.0625,14036.0473,14051.3877,14051.3877,806849567
M08,841,14052.6832,14149.5774,14021.3945,14069.4375,14069.4375,960972177
M08,842,14025.1953,14154.9874,13909.4892,13931.4238,13931.4238,1109010912
M08,843,13867.8381,14117.4231,13867.8381,14100.3968,14100.3968,805854459
M08,844,14179.3983,14253.7275,14154.2194,14253.7275,14253.7275,919501759
M08,845,14159.26,14293.9249,14159.26,14266.3119,14266.3119,732818433
M08,846,14287.8209,14356.9584,14237.1194,14275.797,14275.797,870658866
M08,847,14389.8184,14389.8184,13962.9935,14034.9054,14034.9054,1019532346
M08,848,14009.8787,14171.3917,14004.434,14124.0066,14124.0066,833125791
M08,849,14022.4056,14022.4056,13660.0644,13939.7272,13939.7272,747863869
M08,850,13984.8314,14156.3463,13984.8314,14146.1035,14146.1035,1002202073
M08,851,14211.9209,14258.7311,14101.9558,14190.331,14190.331,662178821
M08,852,14157.9855,14298.2995,14152.9527,14160.6031,14160.6031,854587542
M08,853,14122.6093,14122.6093,13847.3526,13953.962,13953.962,770540459
M08,854,14037.3874,14177.9584,13990.3276,14177.9584,14177.9584,706186829
M08,855,14127.5015,14144.4075,14033.9192,14124.0808,14124.0808,937177954
M08,856,14027.3347,14100.2886,14018.1403,14094.2924,14094.2924,481280596
M08,857,14183.2908,14215.4725,14139.4426,14139.4426,14139.4426,698296176
M08,858,14165.4868,14208.0048,14101.8116,14159.6433,14159.6433,689473612
M08,859,14086.0049,14120.2835,14049.1208,14071.5725,14071.5725,1647547499
M08,860,14104.3762,14175.1015,14104.1751,14110.2029,14110.2029,867577716
M08,861,14048.8303,14239.6794,14048.8303,14164.66,14164.66,805133559
M08,862,14199.2261,14283.4528,14186.3917,14254.3745,14254.3745,648752372
M08,863,14294.4093,14294.4093,14105.1711,14206.7282,14206.7282,690315618
M08,864,14211.1157,14226.0017,14161.4284,14220.3695,14220.3695,464785808
M08,865,14191.332,14250.1526,14137.5302,14207.7942,14207.7942,1010922536
M08,866,14188.7757,14275.987,14184.1639,14224.6625,14224.6625,616202811
M08,867,14211.24,14212.442,14112.8942,14182.998,14182.998,656318284
M08,868,13991.1385,14063.6534,13989.1627,14005.3652,14005.3652,616366291
M08,869,14275.3414,14381.0742,14275.3414,14367.7819,14367.7819,498042660
M08,870,14289.5368,14398.0983,14284.9293,14314.7747,14314.7747,685651365
M08,871,14351.9287,14438.0799,14343.896,14403.7396,14403.7396,871852733
M08,872,14291.6972,14381.3628,14285.1221,14316.6043,14316.6043,754581589
M08,873,14404.3436,14404.3436,14300.095,14340.9924,14340.9924,751996564
M08,874,14263.9472,14266.3404,13975.4146,13992.9615,13992.9615,1705234595
M08,875,14092.1982,14187.7864,13953.8368,14182.163,14182.163,860506108
M08,876,14175.8152,14248.88,14173.4071,14231.4165,14231.4165,595829932
M08,877,14340.0392,14419.7284,14307.8805,14307.8805,14307.8805,664605843
M08,878,14175.8799,14266.6567,14169.467,14247.8201,14247.8201,835410236
M08,879,14200.3881,14258.508,14199.9883,14252.5163,14252.5163,712815966
M08,880,14355.8757,14356.0771,14226.9239,14228.9356,14228.9356,866618485
M08,881,14220.3649,14316.4671,14218.1531,14249.7186,14249.7186,637271229
M08,882,14218.5304,14244.8107,14064.0597,14118.0239,14118.0239,728779359
M08,883,14127.696,14321.8205,14127.696,14303.7531,14303.7531,764154042
M08,884,14337.8128,14412.2667,14307.8292,14333.9887,14333.9887,581669699
M08,885,14347.6619,14437.6964,14323.8948,14431.4523,14431.4523,456230382
M08,886,14472.4931,14484.007,14292.3172,14343.2185,14343.2185,716825399
M08,887,14302.3926,14408.7411,14302.3926,14403.3025,14403.3025,707188726
M08,888,14407.1143,14407.1143,14065.8244,14164.7464,14164.7464,797362867
M08,889,14214.2696,14398.652,14213.2587,14398.652,14398.652,676985064
M08,890,14346.3419,14372.5291,14234.1405,14353.3923,14353.3923,551337251
M08,891,14368.881,14423.3284,14350.53,14367.47,14367.47,634823916
M08,892,14375.9286,14375.9286,14272.8209,14308.3337,14308.3337,702141572
M08,893,14322.5351,14364.1414,14148.4313,14162.5696,14162.5696,687374640
M08,894,14001.5806,14090.838,13933.8892,13993.7932,13993.7932,736822868
M08,895,14175.8011,14175.8011,13781.1577,13844.6726,13844.6726,950981898
M08,896,13829.3789,14002.135,13794.8275,13903.5331,13903.5331,1038174426
M08,897,13870.2444,14125.6332,13870.2444,14106.4841,14106.4841,871597864
M08,898,14093.3284,14135.0149,14008.5473,14032.9138,14032.9138,556620548
M08,899,14015.1991,14145.9322,14015.1991,14134.4685,14134.4685,549072248
M08,900,14108.5662,14130.8507,14014.4102,14104.1491,14104.1491,611744921
M08,901,14089.4309,14095.4474,13897.3045,14030.6701,14030.6701,571105426
M08,902,14105.3908,14160.4321,14062.4456,14146.7225,14146.7225,694463458
M08,903,14097.4236,14252.7308,14081.5515,14221.5889,14221.5889,820918576
M08,904,14277.0082,14277.0082,14112.6242,14184.0251,14184.0251,780275225
M08,905,14182.0271,14342.1537,14182.0271,14281.6528,14281.6528,587871708
M08,906,14289.0888,14364.7544,14274.1567,14337.5148,14337.5148,620293844
M08,907,14279.4659,14353.418,14279.4659,14316.0396,14316.0396,684191700
M08,908,14350.7462,14363.8401,14300.5865,14343.6956,14343.6956,851618378
M08,909,14361.086,14391.3394,14327.4045,14366.3301,14366.3301,755607813
M08,910,14330.2207,14362.0071,14263.2273,14348.9302,14348.9302,619622809
M08,911,14314.1368,14383.1765,14281.2231,14371.7365,14371.7365,618766820
M08,912,14424.3007,14543.3451,14417.6539,14543.3451,14543.3451,624330869
M08,913,14611.2938,14612.5082,14536.0119,14556.8566,14556.8566,612861353
M08,914,14470.4342,14533.3994,14470.2328,14521.7321,14521.7321,570908575
M08,915,14570.4738,14570.4738,14366.813,14439.8807,14439.8807,567209650
M08,916,14317.9239,14387.1721,14247.2753,14372.1617,14372.1617,653756319
M08,917,14421.2593,14456.8043,14345.9509,14397.5616,14397.5616,963761364
M08,918,14510.2829,14510.2829,14153.664,14286.8393,14286.8393,684636100
M08,919,14281.4385,14355.6897,14228.0267,14340.1108,14340.1108,625564762
M08,920,14361.3662,14482.7343,14361.3662,14404.1188,14404.1188,569212686
M08,921,14370.3111,14412.155,14303.8065,14404.2707,14404.2707,691917114
M08,922,14374.0378,14426.4845,14364.9605,14423.0559,14423.0559,594880639
M08,923,14424.4768,14424.4768,14314.1257,14373.8403,14373.8403,437559857
M08,924,14354.4165,14420.0944,14321.1747,14400.7535,14400.7535,510781388
M08,925,14475.9818,14501.2966,14362.5718,14418.6697,14418.6697,1145007501
M08,926,14345.2062,14481.41,14345.2062,14405.8527,14405.8527,575811336
M08,927,14423.9932,14462.3238,14383.4443,14452.4387,14452.4387,594611997
M08,928,14440.2336,14477.1214,14359.6058,14388.8334,14388.8334,542761504
M08,929,14486.9889,14603.0735,14486.9889,14586.0264,14586.0264,374384876
M08,930,14478.7625,14478.7625,14399.5912,14402.613,14402.613,485496745
M08,931,14440.7927,14440.7927,14262.4394,14331.9224,14331.9224,628510029
M08,932,14292.4867,14292.4867,14097.301,14148.8673,14148.8673,777327101
M08,933,14230.1489,14292.9511,14210.2948,14240.2783,14240.2783,567081268
M08,934,14234.2964,14359.0371,14234.2964,14313.6768,14313.6768,622707890
M08,935,14223.2763,14223.4777,14126.0858,14154.2571,14154.2571,781988745
M08,936,14200.8592,14227.5076,14165.3271,14165.3271,14165.3271,833610017
M08,937,14147.717,14233.4119,14147.3133,14169.8968,14169.8968,792470633
M08,938,14233.7744,14365.8335,14059.9922,14104.3491,14104.3491,1857862274
M08,939,14143.3513,14143.3513,13868.551,14022.0978,14022.0978,1029239455
M08,940,14007.0263,14211.9409,14007.0263,14163.4514,14163.4514,833186376
M08,941,14093.6506,14314.7156,14093.6506,14300.3815,14300.3815,707903530
M08,942,14326.7967,14423.8809,14301.1104,14316.6838,14316.6838,835081646
M08,943,14277.2435,14280.8747,14202.412,14222.9859,14222.9859,965373494
M08,944,14237.5772,14380.1248,14220.8192,14261.6041,14261.6041,1003294639
M08,945,14272.7391,14288.9044,14176.1519,14201.4102,14201.4102,955130785
M08,946,14223.0582,14403.9805,14220.6293,14385.1601,14385.1601,902315014
M08,947,14308.8925,14412.3611,14237.2291,14265.0083,14265.0083,982284413
M08,948,14301.6848,14301.6848,14106.3247,14182.0067,14182.0067,918157919
M08,949,14147.1389,14238.5392,14098.0164,14114.7258,14114.7258,835370632
M08,950,14169.754,14318.303,14169.754,14303.3473,14303.3473,1032707702
M08,951,14269.8503,14269.8503,14004.4996,14106.123,14106.123,1089244254
M08,952,14133.3299,14333.3327,14133.3299,14299.191,14299.191,786181503
M08,953,14247.6908,14310.6958,14232.5936,14283.1189,14283.1189,770544702
M08,954,14278.8027,14382.0357,14259.2826,14382.0357,14382.0357,769842586
M08,955,14450.7936,14450.7936,14281.9594,14417.0273,14417.0273,887411882
M08,956,14428.8494,14474.7851,14343.2495,14452.3227,14452.3227,1277235470
M08,957,14396.0648,14546.0372,14396.0648,14528.9034,14528.9034,872339397
M08,958,14567.7287,14640.8931,14564.8983,14620.8841,14620.8841,893890589
M08,959,14616.1821,14616.1821,14507.4804,14555.163,14555.163,611106647
M08,960,14579.2641,14618.7288,14550.3237,14606.9909,14606.9909,805103241
M08,961,14506.1621,14529.878,14469.5822,14517.4175,14517.4175,691643093
M08,962,14560.1413,14568.2044,14476.6884,14494.0233,14494.0233,664643646
M08,963,14469.9214,14560.28,14469.9214,14498.6997,14498.6997,531922645
M08,964,14442.4902,14528.4882,14442.4902,14478.9737,14478.9737,658257274
M08,965,14526.0328,14643.4839,14526.0328,14636.2436,14636.2436,702069783
M08,966,14699.9268,14705.7842,14638.7236,14650.8429,14650.8429,677035001
M08,967,14576.1104,14585.3547,14508.5892,14568.4744,14568.4744,745696417
M08,968,14698.7855,14698.7855,14582.4039,14674.6578,14674.6578,967449553
M08,969,14649.8664,14783.0539,14649.8664,14753.0972,14753.0972,752416921
M08,970,14726.2447,14726.2447,14628.0507,14698.3619,14698.3619,850921370
M08,971,14668.9767,14674.6233,14589.3285,14616.7519,14616.7519,807309652
M08,972,14634.8042,14723.8379,14632.18,14697.3901,14697.3901,1095555466
M08,973,14743.2201,14847.3149,14723.1708,14792.0275,14792.0275,957987867
M08,974,14769.5337,14794.8101,14748.3015,14762.2539,14762.2539,708400416
M08,975,14782.3589,14810.1,14718.3728,14728.9026,14728.9026,832792323
M08,976,14749.7591,14883.9957,14741.8511,14883.9957,14883.9957,997770468
M08,977,14838.7068,14948.2751,14817.4803,14927.6558,14927.6558,822382210
M08,978,15017.9378,15055.563,14929.0607,14944.1105,14944.1105,795432356
M08,979,14935.9581,14967.6682,14887.5806,14944.0888,14944.0888,679631571
M08,980,14843.8265,14876.9387,14787.6974,14793.5525,14793.5525,870857141
M08,981,14723.7974,14723.7974,14649.445,14651.8568,14651.8568,974362940
M08,982,14633.4719,14633.6718,14534.7269,14562.825,14562.825,658092734
M08,983,14622.0785,14689.5867,14506.8104,14556.7872,14556.7872,1383124260
M08,984,14509.0099,14607.4292,14477.2741,14573.0827,14573.0827,650862096
M08,985,14644.8763,14720.7703,14541.7332,14667.4833,14667.4833,667521337
M08,986,14684.0175,14767.2709,14642.1881,14723.623,14723.623,734274248
M08,987,14681.1519,14732.7334,14681.1519,14729.7111,14729.7111,516001497
M08,988,14716.687,14716.687,14176.5682,14180.3929,14180.3929,2114002942
M08,989,14186.1788,14423.6219,14186.1788,14319.0987,14319.0987,1146397918
M08,990,14409.7855,14409.7855,14165.9748,14307.4376,14307.4376,1597227619
M08,991,14200.4318,14446.8449,14200.2305,14420.0918,14420.0918,874816030
M08,992,14415.8651,14415.8651,14243.9292,14336.4327,14336.4327,847489012
M08,993,14428.4616,14563.8573,14380.0907,14414.4963,14414.4963,959037739
M08,994,14337.7276,14587.349,14337.7276,14559.1659,14559.1659,721543283
M08,995,14619.6013,14846.811,14619.6013,14837.1075,14837.1075,940751517
M08,996,14794.0985,14872.7058,14781.4008,14789.0596,14789.0596,843403418
M08,997,14723.5605,14781.7556,14655.1309,14691.8536,14691.8536,678912612
M08,998,14758.3769,14779.1404,14684.7997,14698.9104,14698.9104,610552274
M08,999,14625.291,14660.1913,14494.5188,14504.1459,14504.1459,1406746150
M08,1000,14545.1318,14651.9366,14519.3865,14519.3865,14519.3865,701575096
M08,1001,14503.1069,14515.764,14399.0334,14407.0699,14407.0699,908666345
M08,1002,14449.4174,14655.9586,14449.4174,14630.3682,14630.3682,1286406400
M08,1003,14647.7634,14700.0147,14598.5383,14666.5251,14666.5251,1668664423
M08,1004,14648.4961,14648.4961,14308.1709,14503.6212,14503.6212,999171274
M08,1005,14533.2819,14733.9775,14533.2819,14733.9775,14733.9775,761876183
M08,1006,14796.2264,14886.0498,14747.7669,14886.0498,14886.0498,569656112
M08,1007,14833.9406,14922.236,14812.523,14897.7877,14897.7877,494063971
M08,1008,14763.2792,14824.1487,14754.269,14760.8771,14760.8771,135415378
M08,1009,14879.1135,15050.669,14879.1135,14977.2031,14977.2031,498277666
M08,1010,14992.2208,15017.8783,14956.4607,14956.4607,14956.4607,297231062
M08,1011,14925.5551,14925.5551,14833.014,14888.2563,14888.2563,208032607
M09,0,5551.5337,5569.5727,5543.4789,5569.5727,5569.5727,970272926
M09,1,5580.9403,5603.747,5579.3669,5601.1061,5601.1061,1083235189
M09,2,5590.5022,5610.1255,5590.5022,5602.9435,5602.9435,1041760552
M09,3,5617.4469,5633.848,5605.7145,5633.2938,5633.2938,965658498
M09,4,5628.9195,5637.769,5615.4194,5636.5266,5636.5266,986374964
M09,5,5639.8167,5654.0195,5634.2603,5638.5317,5638.5317,1147952521
M09,6,5631.1742,5641.0032,5615.1115,5630.4736,5630.4736,1152397927
M09,7,5670.4602,5715.5284,5670.4602,5715.5284,5715.5284,1087930246
M09,8,5687.4652,5712.4773,5686.0005,5710.3854,5710.3854,1196996552
M09,9,5737.5035,5749.607,5682.2257,5695.8132,5695.8132,1316208687
M09,10,5697.477,5737.935,5685.8523,5727.4643,5727.4643,1183415241
M09,11,5729.2661,5734.1529,5711.3033,5718.1657,5718.1657,1060807896
M09,12,5761.3209,5779.24,5756.4591,5779.24,5779.24,1140965378
M09,13,5719.3908,5754.4548,5716.4046,5754.4419,5754.4419,1066884712
M09,14,5793.2108,5802.0543,5781.6218,5798.4783,5798.4783,1068541080
M09,15,5828.2771,5843.9295,5799.2564,5822.9273,5822.9273,1194944860
M09,16,5821.0306,5823.8832,5791.2572,5805.4736,5805.4736,1189255160
M09,17,5847.1197,5885.8519,5843.6322,5885.8519,5885.8519,940256778
M09,18,5853.8142,5859.4602,5822.7553,5824.4653,5824.4653,1119836036
M09,19,5784.1718,5791.6164,5753.2653,5755.886,5755.886,1328144358
M09,20,5761.3314,5772.6764,5719.9104,5740.346,5740.346,1231970566
M09,21,5754.9536,5787.6524,5748.6245,5773.4966,5773.4966,1228753458
M09,22,5731.3108,5731.3108,5637.1266,5641.2091,5641.2091,1309057604
M09,23,5568.85,5601.4581,5373.1317,5396.6188,5396.6188,1643045033
M09,24,5324.5464,5493.1831,5303.4491,5478.6969,5478.6969,1806495314
M09,25,5478.7302,5551.9255,5473.7591,5474.5142,5474.5142,1410029795
M09,26,5465.8203,5465.8203,5280.2554,5280.2554,5280.2554,1628090431
M09,27,5301.553,5353.1355,5166.2093,5319.352,5319.352,1608162602
M09,28,5370.0439,5426.3644,5335.9064,5397.4479,5397.4479,1242070235
M09,29,5401.5709,5439.3101,5388.482,5428.3667,5428.3667,1024191465
M09,30,5381.9113,5487.6702,5377.0736,5481.3446,5481.3446,1203638848
M09,31,5528.6754,5546.1623,5476.077,5545.7958,5545.7958,1105658231
M09,32,5500.4659,5558.0223,5500.4659,5520.8178,5520.8178,1136249751
M09,33,5497.9415,5514.4905,5460.5669,5474.8639,5474.8639,1136793804
M09,34,5511.8617,5563.4412,5476.4669,5476.5621,5476.5621,1175592655
M09,35,5440.4461,5481.1143,5420.9708,5431.4433,5431.4433,1158091002
M09,36,5497.6798,5548.9267,5493.0331,5548.4876,5548.4876,1001683569
M09,37,5557.0861,5592.93,5539.8071,5590.3972,5590.3972,989445887
M09,38,5569.0734,5582.4569,5497.1512,5497.1512,5497.1512,1056233289
M09,39,5526.6831,5536.0315,5440.1195,5440.8678,5440.8678,1238981842
M09,40,5437.2912,5468.2611,5347.6075,5383.2387,5383.2387,1232044548
M09,41,5354.1345,5410.8866,5331.1425,5402.8974,5402.8974,1191279547
M09,42,5372.6244,5463.807,5365.8885,5450.98,5450.98,1217090497
M09,43,5472.6116,5478.26,5440.7543,5471.9492,5471.9492,1011969250
M09,44,5444.2826,5483.4102,5431.1222,5475.7268,5475.7268,1035633605
M09,45,5474.2255,5486.7698,5451.5116,5482.7645,5482.7645,974833962
M09,46,5479.4508,5529.3914,5471.2287,5529.3914,5529.3914,932985977
M09,47,5552.6116,5566.7783,5531.4584,5538.8575,5538.8575,922993060
M09,48,5546.0181,5556.5584,5490.5388,5500.2603,5500.2603,1126292812
M09,49,5575.975,5583.9358,5519.4037,5527.5328,5527.5328,1084918483
M09,50,5526.2552,5537.2486,5498.0666,5507.0035,5507.0035,1108938433
M09,51,5485.5257,5515.2789,5485.5257,5499.161,5499.161,1673390162
M09,52,5478.0615,5478.0615,5402.6992,5433.3586,5433.3586,933031688
M09,53,5431.1792,5443.7373,5422.7471,5431.3463,5431.3463,933336964
M09,54,5407.4335,5455.544,5403.6159,5416.0161,5416.0161,1162189436
M09,55,5386.7472,5396.5744,5299.1698,5302.451,5302.451,1141747123
M09,56,5302.645,5317.7751,5197.1055,5201.8727,5201.8727,1145655628
M09,57,5275.5379,5325.7556,5238.9131,5320.941,5320.941,1102746415
M09,58,5382.0394,5404.0013,5287.069,5311.3016,5311.3016,1125419457
M09,59,5309.7056,5341.5589,5286.3306,5302.6449,5302.6449,1164639327
M09,60,5299.6353,5366.4628,5299.5879,5340.754,5340.754,1190140086
M09,61,5364.6195,5368.4856,5224.3132,5271.3409,5271.3409,1168755406
M09,62,5272.922,5318.4546,5249.7027,5312.7927,5312.7927,1013634117
M09,63,5254.2011,5367.6366,5243.425,5360.6448,5360.6448,1031598353
M09,64,5394.6069,5434.5564,5393.5248,5420.2685,5420.2685,1018252201
M09,65,5387.5034,5405.1021,5280.8565,5317.5354,5317.5354,919825304
M09,66,5358.6568,5410.4215,5342.2434,5344.6738,5344.6738,977108081
M09,67,5349.6389,5444.9993,5349.6389,5429.7547,5429.7547,1094305930
M09,68,5372.52,5403.2667,5369.0372,5374.7533,5374.7533,960370494
M09,69,5410.2116,5438.0961,5407.5146,5419.3612,5419.3612,937639104
M09,70,5399.366,5425.401,5366.5112,5384.7004,5384.7004,903980977
M09,71,5426.4331,5451.7148,5414.2205,5437.9778,5437.9778,930597498
M09,72,5445.1128,5467.9962,5438.7148,5456.007,5456.007,1079401257
M09,73,5479.281,5495.301,5472.8152,5477.4397,5477.4397,1105865236
M09,74,5447.0518,5448.0542,5407.3851,5428.5746,5428.5746,979764107
M09,75,5445.0851,5449.361,5402.2366,5417.6856,5417.6856,994460113
M09,76,5435.1008,5444.6157,5413.1974,5431.956,5431.956,931709970
M09,77,5462.8894,5469.7936,5369.2517,5399.9193,5399.9193,1164052155
M09,78,5356.8291,5377.4821,5321.3857,5368.1636,5368.1636,1083584078
M09,79,5381.7436,5416.7258,5374.1039,5400.3056,5400.3056,1124713730
M09,80,5423.1954,5443.5717,5416.852,5434.5658,5434.5658,1028478965
M09,81,5426.4632,5437.8965,5383.453,5383.453,5383.453,1104497223
M09,82,5396.1268,5397.3495,5352.3668,5397.3276,5397.3276,1125496271
M09,83,5336.3565,5351.5457,5300.5289,5307.2727,5307.2727,1225948034
M09,84,5300.9017,5311.2638,5241.1934,5299.6317,5299.6317,1075697602
M09,85,5308.1142,5390.9583,5297.5673,5376.0779,5376.0779,999219115
M09,86,5385.2156,5417.2641,5384.9958,5396.5954,5396.5954,928860916
M09,87,5369.8302,5380.2232,5352.6828,5379.3169,5379.3169,1116142104
M09,88,5385.9321,5423.1721,5381.624,5414.7622,5414.7622,1246961093
M09,89,5428.807,5466.6878,5426.0537,5459.4278,5459.4278,1094138446
M09,90,5450.6655,5467.6986,5442.8328,5456.1851,5456.1851,892605975
M09,91,5485.6007,5498.3158,5469.9784,5477.0843,5477.0843,933130629
M09,92,5468.6307,5475.2602,5450.0763,5465.5118,5465.5118,1012532311
M09,93,5443.7858,5466.879,5442.1199,5457.992,5457.992,1003623414
M09,94,5457.6993,5477.2231,5445.9501,5460.3936,5460.3936,968285453
M09,95,5435.6252,5437.8273,5420.8657,5428.0745,5428.0745,1023346168
M09,96,5485.417,5503.9414,5485.417,5499.3498,5499.3498,917509761
M09,97,5522.0695,5531.1753,5491.0512,5493.8744,5493.8744,932118487
M09,98,5443.3997,5461.3306,5429.8958,5461.3222,5461.3222,997770060
M09,99,5444.9892,5448.3251,5406.6164,5437.0202,5437.0202,1089766466
M09,100,5464.2157,5466.6828,5447.054,5459.1866,5459.1866,917170352
M09,101,5375.0018,5386.6568,5321.1513,5343.2842,5343.2842,1128785079
M09,102,5351.2369,5408.3611,5351.2369,5398.9324,5398.9324,1054852377
M09,103,5413.185,5413.185,5367.432,5379.2188,5379.2188,1167365943
M09,104,5376.1958,5392.5979,5375.8674,5386.5031,5386.5031,1105510516
M09,105,5427.574,5463.7926,5427.574,5450.401,5450.401,1043600629
M09,106,5452.0899,5453.8279,5430.3699,5445.5469,5445.5469,1053682892
M09,107,5435.033,5470.1303,5428.6462,5470.0066,5470.0066,1136105292
M09,108,5453.0398,5465.3793,5432.8135,5449.0219,5449.0219,1111919931
M09,109,5489.1831,5512.9602,5481.1202,5512.3158,5512.3158,871516511
M09,110,5505.6179,5524.4344,5504.6405,5510.7098,5510.7098,1012785130
M09,111,5536.6682,5543.3709,5519.9956,5529.3715,5529.3715,1090890677
M09,112,5530.9055,5532.1356,5499.9985,5500.4892,5500.4892,1156584801
M09,113,5497.1702,5502.1815,5475.4512,5479.9307,5479.9307,1070869659
M09,114,5447.4654,5455.6749,5418.6089,5450.5684,5450.5684,1718785011
M09,115,5427.614,5449.4818,5418.4313,5448.1744,5448.1744,971858708
M09,116,5439.687,5439.687,5380.3278,5409.8749,5409.8749,1053740364
M09,117,5427.0517,5430.6008,5409.1048,5415.2227,5415.2227,1000445087
M09,118,5443.7982,5444.7211,5409.0442,5417.8439,5417.8439,1090193566
M09,119,5438.8544,5449.3253,5430.8554,5432.9357,5432.9357,1642507290
M09,120,5386.837,5386.837,5317.9572,5342.599,5342.599,1106312513
M09,121,5370.542,5389.2039,5355.4117,5374.4986,5374.4986,1067388238
M09,122,5346.9863,5375.1627,5297.2951,5297.321,5297.321,1266805094
M09,123,5342.0125,5381.3969,5326.8844,5369.4668,5369.4668,1057768166
M09,124,5389.8684,5420.0478,5375.707,5375.707,5375.707,1101789404
M09,125,5324.5033,5348.4214,5311.5846,5348.0102,5348.0102,965474444
M09,126,5399.3988,5414.2466,5374.5461,5378.8944,5378.8944,548153551
M09,127,5372.0646,5386.6738,5354.3998,5385.5141,5385.5141,993539116
M09,128,5403.3064,5448.6198,5396.0467,5440.2565,5440.2565,810119697
M09,129,5452.1364,5481.0602,5452.1364,5479.838,5479.838,915344728
M09,130,5494.7277,5505.3002,5489.278,5502.9639,5502.9639,922500274
M09,131,5471.488,5479.2499,5440.402,5447.2705,5447.2705,909227295
M09,132,5474.8902,5485.7401,5458.8095,5481.2214,5481.2214,841856505
M09,133,5480.322,5496.8516,5472.9947,5490.9432,5490.9432,826013198
M09,134,5427.4177,5430.6763,5409.7854,5423.2747,5423.2747,754083345
M09,135,5469.9085,5498.3073,5467.5497,5490.419,5490.419,982683654
M09,136,5506.3157,5523.2963,5499.4515,5522.2369,5522.2369,889154796
M09,137,5491.9336,5504.2305,5477.0851,5491.981,5491.981,1014437682
M09,138,5465.8184,5478.5484,5462.3839,5470.8189,5470.8189,1023011258
M09,139,5498.9638,5505.2718,5489.1084,5501.3502,5501.3502,946014915
M09,140,5525.6991,5545.6812,5515.975,5530.3741,5530.3741,960318823
M09,141,5510.7963,5555.4056,5504.0174,5552.5552,5552.5552,1105478524
M09,142,5544.0214,5567.9388,5544.0214,5554.1404,5554.1404,1207333716
M09,143,5588.9893,5593.9202,5554.1685,5569.1459,5569.1459,1042869676
M09,144,5564.5092,5575.3141,5546.8049,5550.1641,5550.1641,1001678100
M09,145,5521.8819,5558.6977,5521.8819,5547.4944,5547.4944,1181089427
M09,146,5591.3212,5596.4337,5560.9335,5570.8296,5570.8296,1020226542
M09,147,5543.6006,5580.8619,5537.2479,5577.9732,5577.9732,1079004738
M09,148,5550.7957,5577.4217,5550.5287,5576.3758,5576.3758,896300930
M09,149,5550.0125,5569.6184,5541.0225,5560.5208,5560.5208,874793965
M09,150,5567.911,5580.0042,5561.9116,5562.9,5562.9,1000746011
M09,151,5551.5088,5556.5197,5539.0782,5548.0872,5548.0872,938061917
M09,152,5566.4978,5574.3953,5552.2035,5555.0976,5555.0976,907367150
M09,153,5530.7289,5534.9971,5509.2002,5520.1517,5520.1517,1064805674
M09,154,5528.5287,5535.6434,5489.4913,5497.0931,5497.0931,960391543
M09,155,5485.4032,5510.0774,5485.4032,5503.9965,5503.9965,949668999
M09,156,5481.4494,5481.4494,5436.6695,5468.8079,5468.8079,1000756619
M09,157,5507.6826,5546.7348,5507.6826,5532.0317,5532.0317,1059091718
M09,158,5542.9574,5581.1459,5540.5358,5572.5464,5572.5464,835597708
M09,159,5548.7982,5567.4267,5548.4889,5563.7962,5563.7962,806892738
M09,160,5596.4558,5611.1853,5594.6949,5595.9046,5595.9046,967468984
M09,161,5587.8642,5590.2223,5577.3176,5580.5353,5580.5353,761326835
M09,162,5631.9713,5636.1459,5607.779,5612.3875,5612.3875,876094308
M09,163,5569.9239,5588.336,5567.9824,5583.0748,5583.0748,838350943
M09,164,5633.5861,5662.6408,5633.5861,5658.8962,5658.8962,829264109
M09,165,5647.5753,5649.7914,5625.9752,5630.1318,5630.1318,771296453
M09,166,5671.9411,5693.4055,5661.5361,5686.3649,5686.3649,899140709
M09,167,5671.6931,5671.6931,5639.0614,5647.9359,5647.9359,818020371
M09,168,5614.8927,5627.7218,5596.8102,5619.002,5619.002,846597327
M09,169,5599.7366,5603.2538,5579.1261,5597.0655,5597.0655,941706055
M09,170,5596.1561,5610.4447,5580.5748,5606.7483,5606.7483,952966037
M09,171,5587.6875,5601.8937,5562.0821,5578.5043,5578.5043,917884238
M09,172,5522.4387,5540.2198,5512.6941,5527.8892,5527.8892,915479465
M09,173,5604.0368,5622.5336,5593.6657,5593.9036,5593.9036,792758207
M09,174,5566.9736,5598.1093,5556.8773,5590.9436,5590.9436,855040406
M09,175,5580.2847,5608.3579,5580.2847,5596.5659,5596.5659,1099255276
M09,176,5610.807,5624.9001,5601.367,5615.9688,5615.9688,1027923877
M09,177,5609.4055,5619.0825,5597.4104,5612.9063,5612.9063,894066251
M09,178,5609.0193,5615.3457,5592.4187,5597.2851,5597.2851,864645424
M09,179,5660.4221,5689.6899,5657.7017,5680.8383,5680.8383,884582030
M09,180,5630.1576,5651.6555,5629.5002,5637.3923,5637.3923,1025679791
M09,181,5689.1304,5712.899,5684.8366,5707.0173,5707.0173,1060162590
M09,182,5747.1294,5755.0924,5740.759,5744.1006,5744.1006,1622699672
M09,183,5727.3396,5728.4646,5689.8907,5695.6807,5695.6807,1025745031
M09,184,5735.0974,5740.0314,5713.6663,5716.2898,5716.2898,1008460188
M09,185,5674.8303,5691.7107,5643.9102,5647.7337,5647.7337,1044166881
M09,186,5671.4861,5694.2765,5665.041,5668.7738,5668.7738,917524690
M09,187,5622.6934,5644.1792,5620.3402,5627.4763,5627.4763,1077321304
M09,188,5668.0793,5678.2114,5648.0912,5659.0465,5659.0465,956621082
M09,189,5637.7182,5646.4398,5620.6917,5636.5439,5636.5439,1073573776
M09,190,5658.9065,5671.3595,5639.3041,5646.7982,5646.7982,1052862446
M09,191,5621.0693,5625.4237,5572.3875,5600.9153,5600.9153,973216663
M09,192,5630.3762,5641.4528,5583.8347,5608.1372,5608.1372,1087838750
M09,193,5557.6291,5583.0369,5539.4707,5576.6966,5576.6966,1060719033
M09,194,5625.9062,5642.5363,5606.8124,5621.6859,5621.6859,1065621887
M09,195,5575.0294,5575.2833,5432.1943,5432.9905,5432.9905,1500529591
M09,196,5419.0205,5441.1412,5300.2765,5322.031,5322.031,1578757807
M09,197,5380.64,5387.673,5302.8946,5360.8932,5360.8932,1117565831
M09,198,5368.4909,5403.6168,5355.9564,5363.2852,5363.2852,992647492
M09,199,5366.1624,5464.7173,5366.1624,5461.2886,5461.2886,1091825322
M09,200,5472.043,5486.9162,5426.8121,5472.4205,5472.4205,967945045
M09,201,5402.0823,5415.46,5327.5615,5348.288,5348.288,1144509794
M09,202,5375.0069,5413.3312,5360.0151,5369.6487,5369.6487,1089328051
M09,203,5358.1764,5364.8985,5306.5839,5315.4839,5315.4839,1036867545
M09,204,5246.6804,5293.195,5192.4126,5269.1724,5269.1724,1289804410
M09,205,5275.9444,5282.7617,5139.5796,5145.0,5145.0,1367412657
M09,206,5199.0716,5270.1378,5185.9697,5240.3016,5240.3016,1433113137
M09,207,5171.9083,5204.5376,5103.4322,5159.0679,5159.0679,1462458535
M09,208,5208.1097,5248.7893,5094.2634,5146.9198,5146.9198,1367947047
M09,209,5164.6944,5241.3775,5160.8561,5237.3794,5237.3794,1566137230
M09,210,5271.2707,5317.6758,5271.2707,5275.3366,5275.3366,1542004226
M09,211,5275.2908,5342.3814,5275.2908,5339.4342,5339.4342,1422074851
M09,212,5354.5254,5371.4423,5276.6887,5316.1569,5316.1569,1257332247
M09,213,5343.934,5373.4725,5338.1074,5362.3284,5362.3284,1141223825
M09,214,5356.6931,5386.6455,5356.6931,5385.4803,5385.4803,947779685
M09,215,5429.6055,5472.5369,5409.5614,5471.2597,5471.2597,1115039856
M09,216,5430.3048,5443.6138,5402.6992,5420.6248,5420.6248,1074261072
M09,217,5398.8033,5400.0578,5359.5141,5386.4302,5386.4302,1252404491
M09,218,5400.1838,5402.4613,5319.5413,5325.0245,5325.0245,1143646130
M09,219,5356.2308,5391.3089,5328.5123,5340.221,5340.221,1259096135
M09,220,5399.0692,5415.0591,5313.4997,5345.3179,5345.3179,1387857974
M09,221,5277.7801,5357.6042,5257.4299,5349.9826,5349.9826,1297478567
M09,222,5319.4916,5364.4872,5310.5092,5350.0599,5350.0599,1247711722
M09,223,5344.2292,5352.7321,5277.8497,5297.9831,5297.9831,1078478148
M09,224,5194.8355,5199.5899,5137.4922,5151.4219,5151.4219,1289156741
M09,225,5229.7599,5270.3198,5229.7599,5236.0744,5236.0744,967111905
M09,226,5213.8314,5236.5719,5206.0678,5214.5074,5214.5074,494773169
M09,227,5189.4519,5227.3212,5189.4519,5219.6169,5219.6169,1090117315
M09,228,5228.385,5251.0124,5217.1123,5250.0045,5250.0045,1075410648
M09,229,5275.1762,5358.3443,5253.0497,5357.9773,5357.9773,1232858864
M09,230,5338.1929,5367.778,5317.2622,5340.0849,5340.0849,1104452254
M09,231,5339.8531,5379.3032,5333.7508,5376.3425,5376.3425,1422170178
M09,232,5449.8264,5456.3309,5402.5705,5435.927,5435.927,1305926090
M09,233,5382.0039,5386.7838,5235.1832,5239.2389,5239.2389,1414951356
M09,234,5172.6008,5220.7522,5095.3674,5220.7136,5220.7136,1424550096
M09,235,5219.081,5250.0259,5107.863,5126.8215,5126.8215,1251050572
M09,236,5153.5489,5160.6033,5055.8009,5139.099,5139.099,1218301877
M09,237,5139.905,5166.1647,5063.9565,5087.5185,5087.5185,1132771085
M09,238,5173.7275,5202.3006,5144.9608,5145.594,5145.594,1208156541
M09,239,5158.5974,5169.6241,5118.5708,5137.2412,5137.2412,1255988864
M09,240,5122.3404,5138.3404,5072.8178,5083.4297,5083.4297,1219044555
M09,241,5059.6138,5076.8627,4959.081,4981.5609,4981.5609,1436595969
M09,242,5002.5551,5022.8396,4937.3293,4959.9295,4959.9295,1376025605
M09,243,4961.3798,5020.4169,4863.7232,4889.0068,4889.0068,1597386704
M09,244,4870.2079,4892.4399,4777.6246,4818.6201,4818.6201,1608929514
M09,245,4807.2735,4878.2092,4727.6581,4737.7114,4737.7114,2301672209
M09,246,4725.009,4733.4765,4636.1497,4636.1585,4636.1585,885851566
M09,247,4659.1209,4832.9473,4625.7871,4832.7876,4832.7876,1311635965
M09,248,4758.218,4845.5734,4694.7745,4845.5687,4845.5687,1341136104
M09,249,4889.8756,4921.196,4850.3777,4867.0682,4867.0682,1159754677
M09,250,4876.5766,4893.7592,4847.4974,4892.1245,4892.1245,1061564286
M09,251,4823.1811,4895.7214,4808.3798,4885.306,4885.306,1141508501
M09,252,4880.5618,4880.5618,4805.5579,4814.5845,4814.5845,1225691374
M09,253,4874.0247,4975.2992,4874.0247,4964.246,4964.246,1186320516
M09,254,5008.6134,5070.665,4995.0324,5038.9663,5038.9663,1288764138
M09,255,5038.0196,5048.89,5002.998,5043.9307,5043.9307,1339199177
M09,256,5079.318,5102.4939,5059.5934,5088.1261,5088.1261,1146036345
M09,257,5054.8655,5103.1453,5042.0511,5101.2968,5101.2968,1172718378
M09,258,5060.3074,5079.5083,5041.3379,5077.9911,5077.9911,1036458453
M09,259,5081.2554,5107.2108,5071.773,5094.8918,5094.8918,1168288663
M09,260,5094.9219,5129.206,5094.9219,5125.4315,5125.4315,1100967274
M09,261,5111.4028,5136.8762,5110.517,5121.1399,5121.1399,1250471906
M09,262,5096.2668,5164.836,5091.3779,5148.0799,5148.0799,1121608807
M09,263,5185.808,5226.1055,5181.2798,5220.5503,5220.5503,1211369777
M09,264,5209.0613,5209.0613,5151.0451,5176.2635,5176.2635,1205771181
M09,265,5189.946,5203.0883,5139.2122,5179.7682,5179.7682,1076356907
M09,266,5180.0629,5198.1576,5164.0344,5190.0983,5190.0983,1099101594
M09,267,5203.1221,5228.0886,5202.9375,5212.0876,5212.0876,1146176599
M09,268,5186.3054,5197.4699,5162.2706,5196.8369,5196.8369,1076753429
M09,269,5200.5646,5215.6795,5190.2327,5205.0247,5205.0247,1186729770
M09,270,5228.812,5287.6695,5217.6948,5268.6336,5268.6336,1218256084
M09,271,5257.6212,5297.2585,5246.0935,5290.3292,5290.3292,1469932053
M09,272,5291.8799,5308.3372,5281.1134,5299.3717,5299.3717,1198490226
M09,273,5334.2415,5363.0706,5313.9189,5362.9754,5362.9754,953155236
M09,274,5343.4847,5353.3501,5330.2909,5351.761,5351.761,1064652084
M09,275,5318.4404,5326.1448,5308.4685,5315.5424,5315.5424,1061423227
M09,276,5303.4783,5304.3635,5247.5289,5281.8572,5281.8572,1224761154
M09,277,5304.6157,5321.7422,5275.9516,5321.6166,5321.6166,1114793768
M09,278,5310.4237,5317.0398,5297.5414,5307.4461,5307.4461,1104704744
M09,279,5336.1431,5374.9571,5336.1431,5367.2549,5367.2549,1102499046
M09,280,5340.1252,5360.6752,5335.635,5345.254,5345.254,1082183483
M09,281,5375.1025,5405.4823,5358.266,5382.8822,5382.8822,1132849681
M09,282,5408.3212,5451.7312,5408.3212,5451.5711,5451.5711,988027786
M09,283,5404.2759,5442.6248,5401.1238,5430.3694,5430.3694,1158057334
M09,284,5453.3428,5482.683,5451.8094,5473.2298,5473.2298,1222826220
M09,285,5458.9435,5460.7742,5431.3037,5449.3242,5449.3242,1065120274
M09,286,5425.503,5445.0837,5421.1129,5442.7084,5442.7084,1036618424
M09,287,5505.3295,5515.3626,5484.1139,5485.3666,5485.3666,1145509422
M09,288,5459.4841,5478.3904,5454.7625,5460.0174,5460.0174,1073568214
M09,289,5445.0973,5455.9223,5426.6032,5448.9405,5448.9405,1213184928
M09,290,5510.7698,5514.2316,5498.2442,5499.2792,5499.2792,1204606534
M09,291,5499.8106,5518.0751,5477.0027,5500.8672,5500.8672,1159393860
M09,292,5499.3859,5503.0756,5416.7976,5459.7723,5459.7723,1256310854
M09,293,5458.7567,5463.758,5442.6455,5452.8303,5452.8303,1067301913
M09,294,5454.7187,5455.2762,5414.4172,5418.2069,5418.2069,1191446303
M09,295,5442.19,5442.486,5396.4643,5411.7076,5411.7076,1103923186
M09,296,5299.5224,5322.4952,5287.4357,5321.1408,5321.1408,1049636742
M09,297,5354.9723,5412.7405,5354.9723,5411.5684,5411.5684,1187756235
M09,298,5425.9807,5440.9556,5423.5131,5428.5908,5428.5908,1062720228
M09,299,5441.3358,5477.1866,5441.3358,5463.999,5463.999,1039253435
M09,300,5455.6926,5462.8453,5442.1964,5451.9805,5451.9805,964820399
M09,301,5474.432,5504.8674,5473.8619,5490.2733,5490.2733,1789862719
M09,302,5520.5895,5544.2291,5518.0748,5541.8964,5541.8964,1186984664
M09,303,5534.5356,5546.9199,5492.6148,5506.3454,5506.3454,1048299366
M09,304,5500.7008,5517.859,5461.2884,5479.4047,5479.4047,1187352494
M09,305,5470.1458,5532.5781,5469.5668,5523.5425,5523.5425,1097718743
M09,306,5506.107,5509.3998,5429.8664,5432.5179,5432.5179,1416030147
M09,307,5401.7353,5429.1956,5384.3006,5405.698,5405.698,1006358284
M09,308,5428.968,5460.9771,5420.5305,5447.459,5447.459,954186208
M09,309,5479.4316,5491.2489,5429.5389,5460.5542,5460.5542,1089341336
M09,310,5438.0369,5455.2386,5418.4533,5451.5746,5451.5746,1025269844
M09,311,5482.0755,5487.6131,5461.6495,5484.2829,5484.2829,1147826840
M09,312,5518.0408,5547.4585,5517.0433,5544.0378,5544.0378,1075147414
M09,313,5546.9211,5547.5172,5522.8461,5537.6806,5537.6806,935925931
M09,314,5538.366,5565.8053,5531.8035,5544.6479,5544.6479,1063130509
M09,315,5545.1077,5562.0325,5538.8466,5560.4121,5560.4121,910843408
M09,316,5560.5599,5577.1821,5556.5997,5577.1042,5577.1042,956411158
M09,317,5583.5413,5590.2872,5566.7573,5590.283,5590.283,874883978
M09,318,5568.3703,5568.3703,5543.4917,5550.0828,5550.0828,1021561142
M09,319,5570.8622,5584.2531,5564.6018,5579.53,5579.53,966317058
M09,320,5556.3595,5564.0223,5540.6808,5553.9892,5553.9892,843227614
M09,321,5609.7026,5626.728,5602.0775,5615.7125,5615.7125,1124974952
M09,322,5626.3294,5628.0549,5607.7894,5616.537,5616.537,866144104
M09,323,5578.6435,5585.7488,5556.284,5564.0122,5564.0122,1041046358
M09,324,5606.0206,5610.8863,5565.9153,5572.6808,5572.6808,1135755049
M09,325,5587.0062,5598.503,5568.6903,5591.5626,5591.5626,1082943088
M09,326,5558.5708,5567.3652,5552.7064,5564.5473,5564.5473,900265593
M09,327,5564.3444,5604.9764,5561.8072,5597.5925,5597.5925,1146626544
M09,328,5612.6655,5612.6655,5588.7742,5594.4241,5594.4241,1205342864
M09,329,5561.6999,5575.825,5537.1557,5564.2336,5564.2336,1020631698
M09,330,5595.0723,5624.3557,5589.5393,5624.3126,5624.3126,990195274
M09,331,5603.8011,5622.8947,5602.9469,5610.4126,5610.4126,865518185
M09,332,5624.0025,5641.0636,5598.7222,5638.3094,5638.3094,1170549593
M09,333,5626.5858,5627.8819,5574.42,5574.9322,5574.9322,1030906231
M09,334,5599.4417,5613.1212,5565.5008,5595.339,5595.339,1146212408
M09,335,5633.9031,5663.0376,5633.9031,5660.1941,5660.1941,1017806480
M09,336,5644.2411,5644.2411,5563.3692,5617.7427,5617.7427,978743040
M09,337,5576.7172,5576.7172,5498.8569,5531.4563,5531.4563,1189691834
M09,338,5552.2743,5581.76,5544.1854,5552.1528,5552.1528,1095100817
M09,339,5483.0019,5516.2368,5447.5997,5507.9775,5507.9775,1069895298
M09,340,5474.3518,5525.2635,5417.363,5511.446,5511.446,1113150801
M09,341,5490.8175,5490.8175,5431.2189,5451.4291,5451.4291,1292357327
M09,342,5428.8965,5483.1553,5428.3043,5454.4007,5454.4007,1005601252
M09,343,5447.2773,5500.5023,5432.6958,5487.452,5487.452,1031325598
M09,344,5503.6679,5557.8754,5503.6679,5530.7218,5530.7218,968026748
M09,345,5499.8116,5542.7152,5495.7607,5502.0895,5502.0895,945481990
M09,346,5469.8946,5492.8138,5455.5171,5470.3845,5470.3845,987714660
M09,347,5528.3907,5556.5514,5528.3907,5551.2533,5551.2533,989809277
M09,348,5494.4513,5503.6705,5481.2077,5489.8897,5489.8897,993652674
M09,349,5497.9644,5497.9644,5450.7283,5478.5697,5478.5697,1227216864
M09,350,5483.8056,5493.3491,5459.3199,5477.6321,5477.6321,805365285
M09,351,5437.1821,5450.5271,5379.7016,5380.2929,5380.2929,1272330074
M09,352,5340.4384,5343.3977,5302.0549,5335.2565,5335.2565,1131277566
M09,353,5387.2688,5407.5712,5366.5277,5383.4116,5383.4116,1042317880
M09,354,5330.5215,5346.8765,5312.1263,5323.4507,5323.4507,1198606188
M09,355,5295.8914,5332.2262,5289.246,5318.8663,5318.8663,1287166604
M09,356,5360.3653,5457.0244,5360.3653,5455.3783,5455.3783,1129860619
M09,357,5482.4385,5487.1655,5448.8677,5485.635,5485.635,962023646
M09,358,5452.5772,5486.9303,5441.7983,5471.8173,5471.8173,984916557
M09,359,5506.8928,5545.5934,5506.8928,5524.4107,5524.4107,1038856214
M09,360,5539.3956,5555.8734,5529.3722,5530.9881,5530.9881,945902019
M09,361,5566.6237,5581.1596,5532.1525,5543.5823,5543.5823,1129682400
M09,362,5551.1509,5560.1467,5540.077,5545.499,5545.499,868661505
M09,363,5519.6325,5530.5241,5507.6213,5524.4043,5524.4043,869954821
M09,364,5547.532,5549.3122,5529.7576,5538.1556,5538.1556,852025593
M09,365,5549.6606,5557.6622,5540.9174,5543.5162,5543.5162,817032120
M09,366,5542.7317,5591.6633,5542.7317,5572.9508,5572.9508,1017830657
M09,367,5570.4005,5591.1795,5563.565,5583.2489,5583.2489,1033493701
M09,368,5602.9743,5663.8392,5602.9743,5658.104,5658.104,1258552992
M09,369,5663.9694,5675.7625,5650.7589,5654.8157,5654.8157,1427531894
M09,370,5672.6781,5678.7692,5659.0564,5660.8261,5660.8261,1010835145
M09,371,5643.8241,5645.0162,5606.9441,5607.7027,5607.7027,1087177291
M09,372,5575.5744,5593.3612,5564.9461,5564.9545,5564.9545,1083016358
M09,373,5624.78,5652.7343,5624.78,5647.9816,5647.9816,938062935
M09,374,5628.3697,5667.5737,5628.3697,5664.9038,5664.9038,1546191781
M09,375,5641.8153,5703.2888,5641.8153,5675.5288,5675.5288,967365511
M09,376,5678.2739,5689.1998,5668.4724,5689.0266,5689.0266,963928390
M09,377,5749.1771,5787.3593,5749.1771,5787.3461,5787.3461,601118118
M09,378,5710.104,5710.104,5659.6306,5701.0892,5701.0892,791148755
M09,379,5737.1153,5737.1153,5704.6967,5709.4737,5709.4737,852675638
M09,380,5723.7761,5723.7761,5699.6965,5719.283,5719.283,855307882
M09,381,5652.2378,5687.9891,5652.2378,5667.4245,5667.4245,871496920
M09,382,5733.0914,5749.8384,5723.1905,5744.1717,5744.1717,993706228
M09,383,5740.8431,5757.0786,5740.5738,5756.0262,5756.0262,952978608
M09,384,5698.9063,5707.6777,5692.65,5698.3163,5698.3163,845878547
M09,385,5755.1961,5759.5843,5734.7335,5738.7696,5738.7696,980164635
M09,386,5700.1245,5702.8632,5667.2979,5667.6303,5667.6303,1016190381
M09,387,5680.5793,5711.7398,5671.9996,5706.3232,5706.3232,1038203074
M09,388,5702.6251,5718.3834,5678.0456,5678.0672,5678.0672,1074852812
M09,389,5691.2201,5702.9784,5680.5987,5690.2562,5690.2562,981089578
M09,390,5678.2253,5718.5796,5678.2253,5716.1754,5716.1754,889327984
M09,391,5699.0846,5726.363,5694.4078,5726.0731,5726.0731,1091077556
M09,392,5725.348,5725.348,5687.1589,5696.9527,5696.9527,1053643887
M09,393,5739.0501,5771.6296,5739.0501,5767.9037,5767.9037,956646332
M09,394,5704.8085,5710.6488,5695.0284,5699.257,5699.257,995730856
M09,395,5723.9556,5723.9556,5683.0005,5708.5666,5708.5666,1094346258
M09,396,5700.7446,5704.9117,5610.8968,5648.6055,5648.6055,1370342076
M09,397,5647.2958,5690.8693,5576.917,5589.8264,5589.8264,1500490963
M09,398,5593.3355,5594.1732,5541.9786,5573.4498,5573.4498,1184628253
M09,399,5495.956,5495.956,5383.9914,5422.6305,5422.6305,1383668064
M09,400,5423.831,5454.0779,5394.154,5451.1338,5451.1338,1262032317
M09,401,5444.4497,5459.8724,5352.4197,5446.7781,5446.7781,1510338398
M09,402,5477.0456,5541.5187,5473.0173,5538.8291,5538.8291,1188926001
M09,403,5515.0436,5522.8938,5470.3955,5495.722,5495.722,970442152
M09,404,5501.6296,5501.6296,5444.4789,5457.1701,5457.1701,954358167
M09,405,5429.3064,5515.2586,5413.1519,5487.3483,5487.3483,1078073188
M09,406,5453.1891,5453.1891,5335.0341,5335.3189,5335.3189,1221300987
M09,407,5332.1384,5355.9271,5306.1712,5342.1645,5342.1645,1172627846
M09,408,5398.8481,5466.3042,5398.8481,5458.8061,5458.8061,981407861
M09,409,5454.5609,5467.7377,5446.3839,5454.5953,5454.5953,922096328
M09,410,5499.6335,5499.6335,5460.5789,5461.2727,5461.2727,891750267
M09,411,5452.0857,5461.0896,5445.887,5454.341,5454.341,956631403
M09,412,5507.9209,5519.2013,5467.9456,5492.4459,5492.4459,816823472
M09,413,5475.4897,5504.3786,5356.8896,5376.9745,5376.9745,1155447922
M09,414,5383.2117,5425.7595,5383.2117,5421.7059,5421.7059,937763854
M09,415,5429.9252,5446.8306,5381.8806,5391.8916,5391.8916,1078124046
M09,416,5398.0496,5442.9144,5380.1632,5437.8228,5437.8228,964866787
M09,417,5475.2982,5503.4423,5466.1147,5495.5477,5495.5477,926044078
M09,418,5507.9347,5527.4934,5485.004,5506.5166,5506.5166,864768673
M09,419,5474.1931,5474.1931,5422.7741,5449.7532,5449.7532,930551298
M09,420,5491.7528,5508.8644,5487.0217,5508.5718,5508.5718,1021381296
M09,421,5548.7119,5621.2344,5548.7119,5601.3702,5601.3702,1214420292
M09,422,5588.2008,5599.9056,5580.605,5588.1447,5588.1447,944740636
M09,423,5587.5707,5587.5707,5566.2069,5581.4126,5581.4126,1289603207
M09,424,5604.7102,5621.8778,5581.5718,5621.8735,5621.8735,1250733144
M09,425,5621.8191,5653.8343,5610.1935,5653.8343,5653.8343,1256674751
M09,426,5672.1899,5695.8552,5657.2516,5680.774,5680.774,980847398
M09,427,5695.6629,5704.6151,5678.0228,5684.203,5684.203,1018228905
M09,428,5709.8578,5709.8578,5686.5602,5698.5461,5698.5461,1283410962
M09,429,5661.9911,5681.013,5656.3283,5680.8271,5680.8271,1075383217
M09,430,5634.9009,5641.7567,5598.4989,5639.0615,5639.0615,1092747381
M09,431,5706.1546,5730.7993,5697.3135,5701.8232,5701.8232,992693318
M09,432,5697.371,5707.3241,5665.245,5673.7077,5673.7077,2030513774
M09,433,5657.6649,5669.1839,5638.3461,5657.8899,5657.8899,872134242
M09,434,5652.4261,5669.8353,5597.7882,5611.1893,5611.1893,1151877046
M09,435,5619.2396,5646.0447,5598.6248,5639.3576,5639.3576,986031004
M09,436,5655.8482,5664.374,5631.0561,5650.0112,5650.0112,956923715
M09,437,5605.9678,5612.586,5545.9362,5571.0863,5571.0863,985949304
M09,438,5603.7227,5624.8279,5603.7227,5610.561,5610.561,1075269345
M09,439,5631.6946,5647.2005,5554.5197,5559.3704,5559.3704,1016323691
M09,440,5494.7082,5494.7082,5414.9231,5437.0706,5437.0706,1288281430
M09,441,5421.6264,5464.8015,5376.2711,5464.0305,5464.0305,1138940758
M09,442,5468.9888,5531.6004,5468.9888,5530.023,5530.023,995551647
M09,443,5567.7477,5585.216,5547.1208,5551.0221,5551.0221,871431106
M09,444,5518.4389,5518.4389,5455.7166,5456.1936,5456.1936,1051486750
M09,445,5483.4749,5530.3356,5483.4749,5513.3108,5513.3108,969050428
M09,446,5480.65,5529.9683,5477.8901,5514.0904,5514.0904,929394606
M09,447,5480.7025,5592.0038,5480.7025,5549.7887,5549.7887,1120723876
M09,448,5574.4681,5574.4681,5557.4211,5562.7093,5562.7093,766517922
M09,449,5561.9295,5625.6691,5561.9295,5608.9407,5608.9407,977847622
M09,450,5612.2615,5625.535,5604.1741,5611.1516,5611.1516,931597317
M09,451,5647.6124,5668.2474,5643.6642,5651.392,5651.392,1016824348
M09,452,5634.092,5639.1113,5608.3133,5622.9254,5622.9254,914578797
M09,453,5605.6636,5636.9617,5605.6636,5635.5279,5635.5279,993233939
M09,454,5636.2768,5655.0142,5624.7348,5625.445,5625.445,1047622183
M09,455,5611.9629,5628.3702,5606.1092,5628.2754,5628.2754,991139076
M09,456,5640.2337,5654.7129,5624.6022,5639.9113,5639.9113,1102679500
M09,457,5691.3501,5719.3506,5683.8508,5708.7331,5708.7331,983985784
M09,458,5699.5196,5716.5051,5699.5196,5700.6131,5700.6131,1109090996
M09,459,5677.7201,5707.1628,5671.6201,5694.4156,5694.4156,1129373892
M09,460,5723.0251,5737.2203,5695.7823,5735.2107,5735.2107,1118136948
M09,461,5732.2517,5732.2517,5679.0618,5702.9744,5702.9744,1325667886
M09,462,5682.045,5711.7495,5682.045,5711.7151,5711.7151,1084917669
M09,463,5773.6513,5802.3916,5773.6513,5788.5006,5788.5006,1224626420
M09,464,5766.2387,5773.4809,5746.7505,5753.8806,5753.8806,1497981016
M09,465,5763.4506,5774.2952,5754.7881,5768.5187,5768.5187,1376774398
M09,466,5792.9777,5818.9784,5792.9777,5801.0412,5801.0412,1240417480
M09,467,5782.2553,5795.8589,5767.8518,5795.8547,5795.8547,1146809467
M09,468,5766.7528,5787.6429,5760.9678,5784.3894,5784.3894,862653012
M09,469,5824.5734,5844.9238,5813.661,5822.6816,5822.6816,1081986904
M09,470,5788.7567,5794.4556,5761.9047,5787.6453,5787.6453,1059305435
M09,471,5792.7926,5797.9818,5776.2214,5795.8005,5795.8005,990370104
M09,472,5850.5981,5876.8182,5848.081,5876.8182,5876.8182,1078607043
M09,473,5842.244,5846.4019,5831.6451,5840.2209,5840.2209,1049899893
M09,474,5874.8214,5883.1393,5856.7434,5864.6173,5864.6173,1033065941
M09,475,5859.2024,5859.2024,5815.8124,5841.3379,5841.3379,1221016653
M09,476,5815.7902,5820.2884,5792.675,5809.7621,5809.7621,1151748972
M09,477,5813.8857,5830.8564,5810.5351,5826.318,5826.318,1008217613
M09,478,5838.1794,5865.5124,5838.1794,5864.7755,5864.7755,1060647866
M09,479,5903.4655,5917.4559,5894.9809,5915.3096,5915.3096,1307265670
M09,480,5931.4767,5946.3171,5925.2822,5944.6264,5944.6264,997260900
M09,481,5919.2082,5924.3497,5893.8739,5897.1566,5897.1566,499608058
M09,482,5875.9883,5875.9883,5827.7856,5830.0226,5830.0226,989377404
M09,483,5802.0874,5806.5245,5765.7821,5803.1423,5803.1423,1150202641
M09,484,5817.8483,5850.9684,5817.8483,5839.4957,5839.4957,1160739265
M09,485,5841.0822,5851.7,5824.847,5847.8353,5847.8353,1008838228
M09,486,5838.7017,5880.4239,5838.7017,5870.1555,5870.1555,1003919737
M09,487,5882.3244,5895.1547,5875.6188,5875.6188,5875.6188,1011387252
M09,488,5897.0127,5907.1173,5884.0621,5894.5364,5894.5364,1061052015
M09,489,5907.9166,5923.8917,5905.1226,5919.1753,5919.1753,916353215
M09,490,5889.5118,5949.1751,5886.6423,5937.0649,5937.0649,1234484575
M09,491,5968.3937,5995.3295,5944.1045,5962.3387,5962.3387,1092322129
M09,492,5994.1132,6013.2978,5994.1132,5999.9848,5999.9848,1238490718
M09,493,5982.3003,5990.175,5979.0779,5982.3867,5982.3867,1209413689
M09,494,5995.8598,6002.1574,5989.3624,5993.2581,5993.2581,1101126555
M09,495,6010.4351,6026.6611,6009.1503,6023.4733,6023.4733,1133771852
M09,496,5963.6459,5999.264,5963.6459,5988.472,5988.472,1928320404
M09,497,6021.8148,6022.3734,6013.8992,6018.8357,6018.8357,910698991
M09,498,6031.1776,6031.1776,6023.6292,6027.7851,6027.7851,384038194
M09,499,6078.8649,6092.1488,6071.8908,6091.6508,6091.6508,697645122
M09,500,6049.503,6050.2651,6028.4248,6035.3454,6035.3454,754837627
M09,501,6063.8755,6064.5364,6026.1962,6031.2294,6031.2294,890557036
M09,502,6032.7281,6060.2255,6028.9745,6059.0453,6059.0453,894276868
M09,503,6056.9115,6096.2486,6056.9115,6095.8571,6095.8571,1127958856
M09,504,6033.8618,6065.7148,6030.9312,6051.0663,6051.0663,1135330340
M09,505,6031.6128,6069.2998,6029.8764,6068.6468,6068.6468,1179632022
M09,506,6008.0163,6013.3368,5994.7747,6002.514,6002.514,1062922333
M09,507,6051.9158,6090.9702,6051.7329,6068.2162,6068.2162,1141452227
M09,508,6049.3162,6062.4544,6043.2988,6059.5239,6059.5239,1103821793
M09,509,6086.8242,6088.3571,6053.5634,6060.7062,6060.7062,926132793
M09,510,6093.3631,6120.4644,6086.1281,6120.4644,6120.4644,1072438418
M09,511,6047.5,6066.6243,6039.4791,6053.0625,6053.0625,1137633245
M09,512,6118.3927,6147.9066,6117.904,6131.8888,6131.8888,987567040
M09,513,6097.5317,6114.2975,6093.7917,6114.0687,6114.0687,1164675614
M09,514,6126.5509,6133.0891,6121.4747,6133.0634,6133.0634,1117651879
M09,515,6146.1966,6157.9004,6135.8716,6139.1744,6139.1744,1180828971
M09,516,6172.6916,6181.553,6153.5686,6156.2652,6156.2652,1124264525
M09,517,6116.3889,6136.0935,6089.8607,6132.8101,6132.8101,1088932449
M09,518,6112.0927,6112.0927,6025.7576,6050.8204,6050.8204,1170523277
M09,519,5940.785,5975.2716,5938.7884,5950.7117,5950.7117,1114498432
M09,520,6012.7224,6056.6618,6006.4929,6040.9998,6040.9998,1099300637
M09,521,6012.1437,6016.3139,5982.3266,5982.3351,5982.3351,1114750547
M09,522,5967.9244,6021.9538,5948.2165,6018.602,6018.602,1177041888
M09,523,6021.7505,6023.6772,5929.6714,5947.6091,5947.6091,1425184356
M09,524,5917.9069,5965.3339,5917.9069,5927.4539,5927.4539,1105955261
M09,525,5979.1605,6020.0406,5979.1605,5995.049,5995.049,1200800983
M09,526,6072.6739,6101.3369,6065.5374,6099.1409,6099.1409,1197768381
M09,527,6106.6795,6107.7343,6087.8302,6092.8094,6092.8094,1190933861
M09,528,6059.0113,6059.0113,6026.3198,6034.9355,6034.9355,1226284456
M09,529,6054.9108,6089.98,6052.9558,6089.9498,6089.9498,979618062
M09,530,6062.4665,6112.6627,6062.4665,6092.6389,6092.6389,1115686646
M09,531,6153.4652,6166.7199,6149.4071,6161.8122,6161.8122,1200923146
M09,532,6108.2465,6135.8718,6099.5112,6121.18,6121.18,1051018647
M09,533,6123.338,6125.6914,6098.0846,6120.1126,6120.1126,998670579
M09,534,6134.1023,6144.9228,6109.1213,6130.2159,6130.2159,1167489792
M09,535,6141.1449,6157.9141,6136.2287,6145.3416,6145.3416,1129965582
M09,536,6114.1273,6133.2074,6068.3442,6114.3188,6114.3188,1262408209
M09,537,6117.8326,6117.8326,6081.3822,6100.8735,6100.8735,1328616967
M09,538,5939.9095,5939.9095,5870.1652,5887.7581,5887.7581,1484204901
M09,539,5875.6107,5881.0361,5676.3886,5690.9542,5690.9542,1814171714
M09,540,5728.4727,5784.4928,5662.3198,5664.3515,5664.3515,1652701191
M09,541,5587.8422,5646.9256,5458.8615,5459.8448,5459.8448,2190176073
M09,542,5445.6527,5445.6527,5218.7515,5373.4851,5373.4851,2654522091
M09,543,5412.4579,5581.5561,5357.9698,5580.6253,5580.6253,2053394011
M09,544,5583.5269,5657.684,5404.2028,5452.1139,5452.1139,1960053910
M09,545,5507.6334,5644.2071,5497.7821,5643.5606,5643.5606,1460630405
M09,546,5545.0575,5564.9815,5435.7781,5480.7191,5480.7191,1708350120
M09,547,5438.936,5438.936,5228.9071,5334.848,5334.848,1820640517
M09,548,5095.3252,5095.3252,4875.0767,4900.0837,4900.0837,2543797176
M09,549,5036.9493,5105.6903,4868.6788,5105.3699,5105.3699,2343448934
M09,550,5006.6753,5006.6753,4802.4144,4856.07,4856.07,2305171328
M09,551,4554.4715,4632.8922,4375.0939,4377.8309,4377.8309,2469413682
M09,552,4546.7843,4723.6464,4379.1586,4723.6421,4723.6421,2337788439
M09,553,4712.2292,4712.2292,4150.8815,4154.4855,4154.4855,2414501280
M09,554,4235.9576,4422.3522,4130.7665,4382.8069,4382.8069,2395168064
M09,555,4149.8687,4195.0367,3885.6262,4072.6689,4072.6689,2713291420
M09,556,4056.539,4190.8822,3940.9462,4120.8032,4120.8032,2424797069
M09,557,4140.0931,4182.9037,3937.0414,3947.852,3947.852,2542381196
M09,558,3947.9924,3965.0334,3794.8655,3844.1091,3844.1091,2027929224
M09,559,4019.5732,4190.8873,4019.5732,4184.9557,4184.9557,2411476414
M09,560,4232.2535,4472.7809,4163.642,4324.0975,4324.0975,2624264541
M09,561,4384.4467,4600.7909,4384.4467,4591.8045,4591.8045,2352539910
M09,562,4413.488,4549.9933,4382.4715,4435.9041,4435.9041,1814717106
M09,563,4450.7531,4545.3661,4404.4419,4536.2242,4536.2242,1759287847
M09,564,4492.8814,4541.3534,4427.7827,4455.7452,4455.7452,1954634741
M09,565,4326.6487,4375.3761,4260.9854,4295.0364,4295.0364,1839643170
M09,566,4261.7511,4403.6204,4260.987,4369.0412,4369.0412,1979271443
M09,567,4354.0766,4381.6647,4250.4789,4296.744,4296.744,1999985533
M09,568,4437.1008,4565.3189,4423.6609,4545.6538,4545.6538,2086328872
M09,569,4691.8603,4699.7673,4537.0499,4538.0404,4538.0404,2219224423
M09,570,4613.0461,4742.4271,4568.457,4726.2231,4726.2231,1747143559
M09,571,4830.1906,4918.3969,4808.1565,4859.1142,4859.1142,2405593610
M09,572,4821.6148,4821.6148,4683.304,4740.6181,4740.6181,1462449640
M09,573,4848.9291,4888.0949,4811.3025,4858.078,4858.078,1660614202
M09,574,4746.3178,4764.2727,4702.18,4738.4307,4738.4307,1567215148
M09,575,4693.4648,4697.2814,4622.4341,4665.5184,4665.5184,1499294917
M09,576,4840.9814,4897.6487,4810.0637,4887.628,4887.628,1765947039
M09,577,4798.7856,4870.6264,4784.9251,4793.123,4793.123,1746704989
M09,578,4684.6754,4727.3803,4642.728,4659.7674,4659.7674,1720361567
M09,579,4729.7483,4745.1375,4697.1728,4724.8063,4724.8063,1508039242
M09,580,4767.4047,4827.3209,4743.3092,4748.0238,4748.0238,1678984922
M09,581,4792.6024,4814.0847,4735.1948,4800.0959,4800.0959,1480310319
M09,582,4822.882,4907.6836,4814.6005,4891.8463,4891.8463,1553749637
M09,583,4967.4584,4975.6577,4885.2915,4905.6252,4905.6252,1683544652
M09,584,5019.4247,5075.4596,5004.9398,5050.6506,5050.6506,2076945326
M09,585,4967.2954,4975.8157,4903.6392,4923.6152,4923.6152,2001106151
M09,586,4848.6495,4861.2066,4784.5981,4805.0681,4805.0681,1350714988
M09,587,4731.4663,4772.9701,4703.2564,4770.5195,4770.5195,1361234380
M09,588,4879.931,4910.5612,4851.8964,4856.5674,4856.5674,1551833100
M09,589,4841.6872,4844.9996,4756.5536,4756.5536,4756.5536,1469028750
M09,590,4821.8506,4859.6433,4808.2735,4813.5149,4813.5149,1525748622
M09,591,4899.126,4933.351,4880.1093,4930.845,4930.845,1289307149
M09,592,4916.4509,4960.6909,4899.4643,4932.6814,4932.6814,1490081178
M09,593,4920.1148,4924.8775,4799.9213,4799.9213,4799.9213,1623402350
M09,594,4819.4961,4820.8715,4693.9687,4729.6199,4729.6199,1850062927
M09,595,4622.5002,4737.7903,4574.6448,4737.5998,4737.5998,1730461905
M09,596,4722.6121,4740.2277,4674.9469,4731.2169,4731.2169,1554949297
M09,597,4868.7399,4942.7275,4868.7399,4920.2373,4920.2373,1968645420
M09,598,4929.2944,4944.6487,4874.8235,4875.0097,4875.0097,1563403723
M09,599,4951.2135,4981.0371,4940.6893,4956.1739,4956.1739,1548459629
M09,600,4955.2643,4978.462,4908.9512,4936.859,4936.859,1471437152
M09,601,4930.9016,4934.6331,4897.032,4933.9013,4933.9013,1222391581
M09,602,5064.5833,5082.1753,5044.4624,5049.9856,5049.9856,1798469783
M09,603,5091.1085,5112.6996,5011.15,5112.6911,5112.6911,1957315858
M09,604,5181.3052,5182.981,5115.0362,5124.4519,5124.4519,1748749287
M09,605,5100.2486,5129.0767,5054.5629,5122.8095,5122.8095,2200097228
M09,606,5130.3459,5186.38,5122.5024,5173.9629,5173.9629,1285996010
M09,607,5155.1545,5218.4749,5155.1545,5218.4749,5218.4749,1632758769
M09,608,5301.3147,5368.4704,5301.3147,5356.6706,5356.6706,1822157791
M09,609,5320.7075,5360.6101,5305.7586,5342.5526,5342.5526,2000164813
M09,610,5497.6907,5546.0349,5480.1724,5497.8907,5497.8907,2817074776
M09,611,5556.252,5600.8169,5536.1858,5600.7819,5600.7819,2222288108
M09,612,5485.3547,5505.8194,5460.5841,5478.3741,5478.3741,1966736557
M09,613,5446.9197,5452.2214,5367.0201,5374.6444,5374.6444,2062854834
M09,614,5248.3098,5252.2383,5051.1769,5061.2307,5061.2307,2114131244
M09,615,5200.2064,5213.8402,5044.6742,5142.8671,5142.8671,1859552916
M09,616,5014.5784,5201.8064,4997.0362,5178.0728,5178.0728,1793389485
M09,617,5365.2875,5371.6584,5229.6048,5303.0755,5303.0755,1689633516
M09,618,5262.0866,5266.0439,5208.0562,5215.9451,5215.9451,1394326145
M09,619,5197.7743,5247.93,5193.5491,5231.6317,5231.6317,1320813101
M09,620,5335.8359,5335.8359,5207.9579,5222.4132,5222.4132,2333563826
M09,621,5198.1788,5233.961,5173.8114,5226.6872,5226.6872,1245291568
M09,622,5283.695,5291.9785,5244.8931,5249.0872,5249.0872,1304313864
M09,623,5239.2739,5241.6095,5105.4557,5138.5969,5138.5969,1734214875
M09,624,5071.7761,5152.4575,5054.2469,5151.9842,5151.9842,1431081911
M09,625,5124.7581,5132.4083,5030.2293,5041.3595,5041.3595,2434189279
M09,626,5088.5526,5129.7422,5054.7537,5129.4985,5129.4985,1404281566
M09,627,5076.3671,5162.0966,5071.0991,5144.2856,5144.2856,1429081653
M09,628,5124.219,5156.2352,5103.129,5121.5165,5121.5165,1232201878
M09,629,5243.9352,5265.681,5192.7915,5201.7794,5201.7794,1381664787
M09,630,5266.6728,5282.627,5237.718,5257.4722,5257.4722,1497448100
M09,631,5217.4239,5239.8149,5184.3437,5188.8314,5188.8314,1318079343
M09,632,5261.8046,5293.1426,5239.1879,5289.2958,5289.2958,1388614420
M09,633,5252.5092,5258.5571,5140.3268,5182.7275,5182.7275,1454939475
M09,634,5208.5661,5271.325,5195.8713,5269.7844,5269.7844,1484973227
M09,635,5292.1831,5328.2759,5223.0832,5229.0412,5229.0412,1431974475
M09,636,5182.8721,5280.4568,5171.6715,5193.7916,5193.7916,1506971208
M09,637,5363.5671,5381.8316,5333.9317,5369.4907,5369.4907,1412250295
M09,638,5335.4246,5366.2839,5329.1447,5352.7312,5352.7312,1200655859
M09,639,5395.6403,5409.452,5371.3126,5398.6788,5398.6788,1102389243
M09,640,5375.6958,5384.1921,5349.5254,5366.9609,5366.9609,1204242062
M09,641,5419.0864,5453.1962,5414.7005,5426.2874,5426.2874,1368790022
M09,642,5434.6542,5465.1978,5422.5111,5460.8921,5460.8921,1309008486
M09,643,5426.0002,5447.5924,5379.3225,5401.6922,5401.6922,1252443362
M09,644,5434.677,5449.2598,5408.1232,5422.9712,5422.9712,1174665704
M09,645,5371.5628,5404.0779,5355.854,5402.6018,5402.6018,1210235365
M09,646,5435.4695,5456.1461,5420.8904,5424.7773,5424.7773,1106981131
M09,647,5428.449,5495.6818,5428.449,5487.4222,5487.4222,1375285080
M09,648,5422.9137,5446.0701,5380.5165,5441.0691,5441.0691,1278810297
M09,649,5443.7586,5443.7586,5361.6846,5424.4889,5424.4889,1463128045
M09,650,5427.7721,5449.0523,5409.2329,5438.0087,5438.0087,1257872687
M09,651,5452.9351,5480.5454,5445.8438,5480.3892,5480.3892,1311695765
M09,652,5455.6145,5515.8588,5455.6145,5507.2893,5507.2893,1422572617
M09,653,5490.144,5502.4227,5471.313,5501.5064,5501.5064,1288419028
M09,654,5472.4794,5520.1959,5470.3085,5520.1052,5520.1052,1158286895
M09,655,5566.9172,5591.5982,5565.5035,5587.0308,5587.0308,1221575713
M09,656,5644.6409,5647.7507,5570.9973,5580.7955,5580.7955,1430990355
M09,657,5643.8086,5655.0919,5626.3706,5639.4316,5639.4316,1159252739
M09,658,5595.3103,5617.3583,5582.6635,5597.2383,5597.2383,1085778377
M09,659,5562.5525,5592.0194,5559.0718,5578.8793,5578.8793,940649530
M09,660,5560.7608,5566.1789,5550.1956,5558.0972,5558.0972,1009698934
M09,661,5639.7629,5643.068,5600.2957,5614.7081,5614.7081,1019793555
M09,662,5581.2793,5588.0684,5543.3834,5550.548,5550.548,1085188746
M09,663,5499.1577,5534.1073,5493.8575,5525.7107,5525.7107,1083635732
M09,664,5475.4016,5489.1311,5467.2116,5486.9721,5486.9721,963317716
M09,665,5619.6801,5649.4879,5609.4249,5649.2612,5649.2612,1052869867
M09,666,5637.4691,5637.4691,5599.9362,5625.3936,5625.3936,1076694697
M09,667,5653.6254,5676.0904,5640.4893,5669.4308,5669.4308,1071157570
M09,668,5625.0342,5644.536,5602.1397,5626.179,5626.179,1213635975
M09,669,5728.0279,5753.6208,5706.7803,5752.3063,5752.3063,1168452056
M09,670,5669.2195,5670.1519,5630.0447,5630.8949,5630.8949,1330488714
M09,671,5655.4357,5690.9728,5643.3411,5690.8906,5690.8906,1142622298
M09,672,5652.8134,5724.7054,5644.2522,5714.8095,5714.8095,1276609425
M09,673,5731.77,5745.3017,5573.4022,5607.3678,5607.3678,1588829360
M09,674,5610.3011,5630.765,5481.6249,5586.0332,5586.0332,1373779683
M09,675,5550.7662,5567.4696,5499.3359,5511.8949,5511.8949,1395805182
M09,676,5542.2841,5612.9223,5541.2021,5576.7159,5576.7159,1191296765
M09,677,5594.0764,5611.2597,5491.8514,5499.8025,5499.8025,1259139439
M09,678,5542.9266,5563.693,5501.0116,5539.9164,5539.9164,1076575472
M09,679,5578.0433,5622.3704,5573.6523,5605.9506,5605.9506,1124215820
M09,680,5624.2426,5640.0251,5594.6537,5605.3135,5605.3135,1204660703
M09,681,5649.1821,5699.1993,5639.302,5642.4103,5642.4103,1457861733
M09,682,5579.8891,5629.8368,5561.7916,5615.573,5615.573,1247172743
M09,683,5607.2475,5618.1001,5538.6829,5562.1605,5562.1605,2166302118
M09,684,5457.5068,5550.9866,5372.6,5550.9866,5550.9866,1391343938
M09,685,5422.995,5449.3094,5391.5398,5434.7894,5434.7894,1241836873
M09,686,5403.8372,5415.2477,5286.1384,5287.7344,5287.7344,1203565967
M09,687,5323.0306,5392.8612,5286.0251,5345.0582,5345.0582,1333163031
M09,688,5308.425,5400.8461,5303.2827,5391.1093,5391.1093,1034494230
M09,689,5443.7775,5480.4036,5440.7307,5455.6076,5455.6076,1072081058
M09,690,5473.0768,5485.0815,5430.5407,5447.8792,5447.8792,1130973784
M09,691,5458.0281,5523.7223,5448.5567,5483.2558,5483.2558,1476043548
M09,692,5530.9417,5545.2288,5486.1422,5516.715,5516.715,1266600649
M09,693,5402.044,5509.3607,5401.1187,5486.2409,5486.2409,1285835540
M09,694,5559.0408,5608.8501,5559.0408,5605.4265,5605.4265,1101978766
M09,695,5612.072,5649.7924,5537.9048,5543.8121,5543.8121,1370743698
M09,696,5589.1479,5641.9902,5589.1479,5628.7538,5628.7538,1218166515
M09,697,5653.9735,5686.252,5647.4384,5686.0668,5686.0668,1116819395
M09,698,5724.9515,5742.303,5703.6913,5723.1376,5723.1376,1255119800
M09,699,5719.6615,5745.9324,5713.3738,5734.8629,5734.8629,992688996
M09,700,5734.7263,5738.5896,5695.9826,5709.1018,5709.1018,1133084006
M09,701,5699.9493,5719.2618,5662.6778,5665.8074,5665.8074,1165633767
M09,702,5626.1851,5701.8869,5620.4829,5696.9215,5696.9215,1039838980
M09,703,5712.1743,5737.2698,5703.9116,5705.9828,5705.9828,1426842590
M09,704,5697.6758,5731.6082,5624.1646,5632.428,5632.428,1281215100
M09,705,5612.8132,5690.2072,5612.8132,5644.5669,5644.5669,1107478990
M09,706,5663.2455,5689.7445,5640.4014,5640.7389,5640.7389,1077058191
M09,707,5639.413,5692.4636,5623.3383,5685.1636,5685.1636,1345220082
M09,708,5670.6301,5700.6829,5658.509,5693.8979,5693.8979,1015947943
M09,709,5661.1198,5661.1198,5553.4254,5605.9074,5605.9074,1332318678
M09,710,5604.0743,5609.652,5559.2374,5559.2374,5559.2374,1284614468
M09,711,5447.9469,5466.2681,5376.8153,5378.687,5378.687,1635060404
M09,712,5364.0058,5439.838,5324.5657,5404.3146,5404.3146,1555345756
M09,713,5408.8477,5427.9347,5341.5274,5400.4358,5400.4358,1642531789
M09,714,5433.4872,5477.4752,5417.3207,5471.8746,5471.8746,1171564159
M09,715,5522.6572,5589.9472,5522.6572,5564.2592,5564.2592,1349626236
M09,716,5553.3908,5658.8539,5532.9205,5580.3574,5580.3574,1446913868
M09,717,5704.0061,5759.2308,5704.0061,5735.8903,5735.8903,1349536142
M09,718,5722.2009,5738.2083,5702.6519,5715.8099,5715.8099,1384728256
M09,719,5906.7586,5994.8336,5856.0532,5857.4606,5857.4606,2694001933
M09,720,5921.2103,5951.3037,5883.8711,5940.6299,5940.6299,1735621853
M09,721,5967.1848,5967.1848,5919.5336,5943.3032,5943.3032,1399192526
M09,722,5902.2762,5915.1618,5829.081,5861.6254,5861.6254,1477541400
M09,723,5893.8005,5955.4599,5893.8005,5944.0654,5944.0654,1368883518
M09,724,5967.1803,5984.0039,5938.5083,5982.5836,5982.5836,1696573697
M09,725,5977.3155,6024.0505,5950.5958,6006.7224,6006.7224,1346377539
M09,726,6024.9453,6032.7854,5948.2507,5948.3715,5948.3715,1737542561
M09,727,5962.9373,6008.7418,5940.7369,6005.2636,6005.2636,1301814371
M09,728,5976.9868,5990.0728,5958.4861,5965.7171,5965.7171,1253653840
M09,729,5975.0884,6062.5217,5975.0884,6049.0868,6049.0868,1621658698
M09,730,6109.9739,6158.4698,6101.2008,6149.153,6149.153,1822357405
M09,731,6154.7696,6154.7696,6099.7417,6129.7523,6129.7523,1501872450
M09,732,6143.1663,6159.4165,6131.9678,6146.1618,6146.1618,869921777
M09,733,6046.1495,6046.1495,5976.0717,5988.6464,5988.6464,1786575316
M09,734,6125.0883,6146.6849,6102.5804,6109.1918,6109.1918,1692251375
M09,735,6067.4376,6108.1898,6055.6721,6103.6514,6103.6514,1515152354
M09,736,6135.5506,6167.1513,6124.3033,6138.4173,6138.4173,1490912527
M09,737,6126.8664,6177.3787,6126.1041,6177.3485,6177.3485,1483223186
M09,738,6171.9891,6176.8968,6145.7651,6163.1533,6163.1533,1523110203
M09,739,6186.5882,6238.8522,6186.5882,6228.9866,6228.9866,1423033871
M09,740,6230.3622,6234.9315,6155.939,6190.7431,6190.7431,1713077616
M09,741,6193.0472,6237.4746,6184.621,6229.3733,6229.3733,1507190711
M09,742,6187.5634,6203.2214,6156.4463,6197.1991,6197.1991,1314861594
M09,743,6240.7631,6246.9367,6140.8226,6141.2112,6141.2112,1462930354
M09,744,6153.5788,6199.665,6139.9535,6196.2963,6196.2963,1270768076
M09,745,6237.9845,6245.2531,6213.9553,6230.5731,6230.5731,1181420446
M09,746,6216.4584,6229.8878,6209.379,6228.4892,6228.4892,1152533128
M09,747,6259.3737,6261.1576,6202.7554,6234.4151,6234.4151,2364253461
M09,748,6155.6883,6220.6139,6118.5752,6207.9808,6207.9808,1417070285
M09,749,6207.4074,6207.5935,6180.2168,6187.0079,6187.0079,1250194876
M09,750,6216.6311,6242.6601,6216.6311,6217.3264,6217.3264,1141082237
M09,751,6215.7319,6215.7319,6183.8514,6208.773,6208.773,526077673
M09,752,6238.1878,6240.3988,6203.6627,6207.7733,6207.7733,996185603
M09,753,6256.4044,6263.2128,6201.1064,6212.3463,6212.3463,1035802124
M09,754,6207.2622,6238.4577,6207.2622,6219.9451,6219.9451,1015192616
M09,755,6242.37,6270.0721,6222.4121,6266.4437,6266.4437,895731065
M09,756,6282.7667,6284.6169,6135.0933,6186.0605,6186.0605,1467918117
M09,757,6201.9143,6288.4298,6201.9143,6269.9906,6269.9906,1367174097
M09,758,6247.7439,6377.8873,6246.0014,6330.9471,6330.9471,1843790835
M09,759,6404.9624,6440.0224,6397.3927,6431.6,6431.6,1492535434
M09,760,6399.6299,6406.3071,6326.3208,6389.5166,6389.5166,1460168301
M09,761,6386.1845,6449.598,6381.7528,6433.5294,6433.5294,1364524834
M09,762,6414.0329,6437.0568,6393.9136,6430.9604,6430.9604,1415681225
M09,763,6444.2255,6456.4644,6407.3636,6429.8886,6429.8886,1385168061
M09,764,6475.4972,6503.6802,6464.2045,6467.2523,6467.2523,1528543200
M09,765,6430.5696,6431.8601,6362.7383,6406.8379,6406.8379,1735138365
M09,766,6486.6137,6491.2976,6457.2944,6469.649,6469.649,1434824910
M09,767,6467.076,6486.9263,6450.5176,6479.7029,6479.7029,1324035922
M09,768,6469.7477,6469.7477,6425.3367,6433.9856,6433.9856,1400425869
M09,769,6406.0434,6442.2628,6399.8718,6430.1737,6430.1737,1617874355
M09,770,6462.6239,6465.2781,6382.052,6455.4706,6455.4706,2079839408
M09,771,6384.7742,6410.535,6352.8272,6355.7387,6355.7387,1849235157
M09,772,6371.4001,6371.4001,6191.4052,6208.7058,6208.7058,2991507726
M09,773,6213.3146,6333.32,6213.3146,6291.278,6291.278,2186430043
M09,774,6290.7325,6290.7325,6144.4759,6173.9538,6173.9538,2073540795
M09,775,6177.6953,6274.7727,6177.6953,6263.0754,6263.0754,1627109917
M09,776,6265.4696,6366.177,6265.4696,6339.4731,6339.4731,1622928106
M09,777,6383.203,6427.7169,6376.6029,6413.6653,6413.6653,1339615613
M09,778,6357.7241,6416.4725,6357.7241,6416.1512,6416.1512,1337265787
M09,779,6479.2065,6527.8976,6479.2065,6519.9497,6519.9497,1489917144
M09,780,6453.5462,6520.8031,6453.5462,6520.7859,6520.7859,1352820340
M09,781,6551.399,6568.7039,6526.4696,6559.0533,6559.0533,1519772326
M09,782,6528.1528,6570.7105,6502.2702,6540.7857,6540.7857,1283820454
M09,783,6536.1797,6565.0392,6502.7793,6546.1032,6546.1032,1374822421
M09,784,6543.7289,6576.5306,6525.6683,6574.7468,6574.7468,1213996063
M09,785,6581.2773,6629.6537,6581.2773,6603.8854,6603.8854,1518302161
M09,786,6651.6399,6651.6399,6594.0127,6642.829,6642.829,1311834807
M09,787,6616.6445,6616.6445,6531.7811,6568.553,6568.553,1404862944
M09,788,6550.4463,6605.2512,6550.4463,6581.3125,6581.3125,1592023176
M09,789,6588.2574,6614.3911,6546.2985,6578.7281,6578.7281,1792107023
M09,790,6571.2958,6598.801,6463.9954,6579.2892,6579.2892,1929049438
M09,791,6580.5459,6669.3797,6566.6386,6657.7903,6657.7903,1839698028
M09,792,6678.9615,6686.0449,6514.5256,6535.943,6535.943,1872785440
M09,793,6544.3902,6545.7242,6431.3338,6459.9529,6459.9529,2019497597
M09,794,6452.1279,6618.0682,6452.1279,6588.5166,6588.5166,1477698544
M09,795,6597.7858,6614.6379,6567.7193,6575.9406,6575.9406,1591180281
M09,796,6606.4326,6632.0895,6572.2266,6572.776,6572.776,1930093955
M09,797,6525.4439,6545.9616,6339.2697,6422.4995,6422.4995,2114793147
M09,798,6405.2899,6544.3407,6344.9766,6530.4977,6530.4977,1925105134
M09,799,6564.3778,6659.1001,6557.9647,6580.1088,6580.1088,1794910211
M09,800,6559.489,6649.4652,6559.489,6596.9237,6596.9237,1787577611
M09,801,6594.6762,6679.4448,6594.6762,6657.3863,6657.3863,1843427575
M09,802,6688.7184,6766.2761,6688.7184,6743.0837,6743.0837,1713562686
M09,803,6710.3927,6740.3294,6693.1535,6739.2146,6739.2146,1279148664
M09,804,6773.1643,6800.2437,6729.1856,6799.1489,6799.1489,1518379307
M09,805,6778.6576,6778.6576,6720.1545,6733.0239,6733.0239,1287355784
M09,806,6741.9988,6775.0134,6703.3738,6768.6111,6768.6111,1453744679
M09,807,6755.5901,6784.2725,6682.0183,6694.5836,6694.5836,1394626372
M09,808,6704.0598,6724.2935,6646.0205,6692.53,6692.53,2231230954
M09,809,6706.161,6720.5279,6677.8492,6701.55,6701.55,1289786757
M09,810,6706.6709,6706.6709,6600.794,6618.2425,6618.2425,1495316898
M09,811,6567.0123,6624.0617,6537.0708,6537.0708,6537.0708,1382048771
M09,812,6579.5626,6649.5639,6520.1829,6637.1944,6637.1944,1626853427
M09,813,6634.5089,6753.6816,6634.5089,6751.6841,6751.6841,1664397995
M09,814,6719.6525,6719.6525,6651.1472,6689.3761,6689.3761,1465915786
M09,815,6703.6737,6725.6287,6677.7598,6709.7842,6709.7842,1252755022
M09,816,6716.5255,6740.5098,6706.0506,6706.0506,6706.0506,1394614438
M09,817,6710.2285,6774.9964,6710.2285,6774.7255,6774.7255,1214191179
M09,818,6770.8292,6826.647,6770.8292,6821.5923,6821.5923,1286845053
M09,819,6840.6728,6862.1989,6828.5651,6843.9574,6843.9574,1286974393
M09,820,6837.2341,6848.9855,6805.58,6820.3927,6820.3927,1368142875
M09,821,6810.8207,6834.8797,6799.4343,6831.3363,6831.3363,1157961317
M09,822,6829.985,6860.0023,6820.9739,6859.9981,6859.9981,1111242388
M09,823,6923.0646,6936.0766,6913.2419,6932.215,6932.215,1168850430
M09,824,6917.6645,6923.0072,6885.0624,6911.1181,6911.1181,1124509945
M09,825,6854.682,6903.6025,6854.682,6870.919,6870.919,1136504776
M09,826,6888.4108,6941.5025,6888.4108,6938.6524,6938.6524,1287125735
M09,827,6944.4955,6983.3828,6944.4955,6974.4163,6974.4163,1282541329
M09,828,6937.2407,6937.2407,6890.2162,6903.4978,6903.4978,1225171316
M09,829,6959.0976,6959.0976,6863.9756,6888.6972,6888.6972,1308856697
M09,830,6852.59,6931.7932,6834.9046,6928.6601,6928.6601,1278623930
M09,831,6969.8424,6993.0109,6913.7389,6930.5047,6930.5047,1302651835
M09,832,6878.7007,6971.2785,6878.7007,6953.9558,6953.9558,1120169987
M09,833,6966.2057,6997.198,6966.2057,6981.3408,6981.3408,1136038523
M09,834,6956.512,6976.3906,6944.3219,6970.261,6970.261,1191893263
M09,835,7025.4387,7063.9866,7025.4387,7046.5152,7046.5152,1062906432
M09,836,7046.3894,7085.7393,7020.8799,7069.6455,7069.6455,1362325544
M09,837,7084.7312,7084.7312,7008.3638,7016.9513,7016.9513,1259580445
M09,838,6992.8368,7059.983,6992.8368,7038.4992,7038.4992,1182356007
M09,839,7036.0276,7036.0276,6963.5134,7020.5246,7020.5246,1378769118
M09,840,6958.8694,7003.8754,6956.9345,6984.1346,6984.1346,1234773243
M09,841,7066.1915,7115.4778,7034.531,7114.2504,7114.2504,1323644453
M09,842,7102.3635,7162.0921,7093.4916,7158.8171,7158.8171,1167710833
M09,843,7151.0381,7192.185,7119.3016,7119.3142,7119.3142,1526728905
M09,844,7104.7111,7104.7111,6973.3906,7035.3667,7035.3667,1434890861
M09,845,7063.1764,7063.1764,6922.6868,6928.1583,6928.1583,1429328426
M09,846,6924.4105,7010.8632,6921.1823,6984.2585,6984.2585,1437685278
M09,847,6943.9197,7054.3205,6943.9197,7044.2185,7044.2185,1285599758
M09,848,7076.8427,7084.9867,7044.863,7080.1198,7080.1198,1275834221
M09,849,7023.9614,7039.0458,6987.3206,6987.509,6987.509,1366598164
M09,850,7019.8402,7019.8402,6892.0989,6974.9783,6974.9783,1267123810
M09,851,6966.4143,7037.4157,6966.4055,7016.6798,7016.6798,1270004012
M09,852,7020.9124,7074.3943,7018.4689,7031.4542,7031.4542,1133981832
M09,853,7046.7398,7104.198,7046.7398,7085.3364,7085.3364,1054797621
M09,854,7056.4472,7082.6425,7018.0725,7024.5179,7024.5179,1333498124
M09,855,7111.9177,7144.9603,7111.1066,7138.7211,7138.7211,1389725107
M09,856,7111.1301,7151.9325,7111.1301,7145.7039,7145.7039,2152060172
M09,857,7110.5183,7134.9227,7110.5183,7120.7165,7120.7165,1502923105
M09,858,7153.1572,7223.5884,7153.1572,7191.0323,7191.0323,1672359143
M09,859,7141.6142,7162.4858,7131.8438,7154.762,7154.762,1800539019
M09,860,7200.8995,7200.8995,7138.8138,7182.9248,7182.9248,1634757528
M09,861,7198.8397,7235.9195,7198.8397,7231.9074,7231.9074,1217863472
M09,862,7207.0408,7214.2918,7190.2879,7207.2826,7207.2826,1455569858
M09,863,7197.3004,7205.6428,7163.6543,7197.447,7197.447,1251438176
M09,864,7158.8154,7161.1919,7130.7046,7130.7214,7130.7214,1414945469
M09,865,7214.7522,7261.1789,7211.7788,7228.3959,7228.3959,1310211902
M09,866,7205.6925,7225.2003,7196.2593,7224.5165,7224.5165,1145378459
M09,867,7218.5622,7218.5622,7177.7199,7204.5056,7204.5056,1194731880
M09,868,7187.7677,7197.5251,7159.4612,7184.9166,7184.9166,1150018593
M09,869,7167.1565,7167.1565,7099.1415,7118.5096,7118.5096,1335962828
M09,870,7085.1803,7093.502,6984.2357,7029.0268,7029.0268,1589289297
M09,871,7120.923,7120.923,7004.1402,7004.7694,7004.7694,2013587368
M09,872,6986.2594,7106.5544,6986.2594,7102.2489,7102.2489,1161686407
M09,873,7049.738,7082.0187,7022.8094,7065.6439,7065.6439,1192721456
M09,874,7080.2964,7107.2207,7075.0194,7075.3985,7075.3985,1126544872
M09,875,7057.3488,7115.6017,7057.3488,7109.2941,7109.2941,1114942255
M09,876,7121.2424,7172.5837,7121.2424,7164.3218,7164.3218,2297745839
M09,877,7130.5225,7130.5225,7072.182,7094.1104,7094.1104,1204722119
M09,878,7096.4318,7119.437,7079.4119,7085.2349,7085.2349,1085432384
M09,879,7128.9549,7138.1526,7115.7973,7132.3063,7132.3063,1229687670
M09,880,7120.3563,7160.6776,7120.3563,7157.1772,7157.1772,1064983708
M09,881,7171.7093,7192.5978,7157.6507,7186.3142,7186.3142,940192851
M09,882,7182.8766,7182.8766,7085.4901,7125.9732,7125.9732,1233230517
M09,883,7147.445,7169.4024,7106.9783,7154.6001,7154.6001,1116496564
M09,884,7162.1667,7162.1667,7026.4301,7075.832,7075.832,1357731275
M09,885,7027.7701,7147.8367,7027.7701,7145.3029,7145.3029,1067218359
M09,886,7184.3303,7205.2137,7149.9872,7201.5381,7201.5381,1078269580
M09,887,7178.3753,7178.3753,7135.2099,7136.4536,7136.4536,1087458543
M09,888,7151.7659,7194.3809,7123.5533,7137.9634,7137.9634,1176316135
M09,889,7158.031,7158.031,7106.3876,7138.6825,7138.6825,1193665879
M09,890,7124.541,7149.7718,7058.2355,7066.5049,7066.5049,1169008745
M09,891,7064.6489,7064.6489,6887.6644,6929.9795,6929.9795,1659008817
M09,892,6964.6374,7098.9389,6964.6374,7081.4459,7081.4459,1439430346
M09,893,7034.7004,7119.0331,7034.7004,7112.9394,7112.9394,1170844219
M09,894,7135.0597,7138.0294,7092.2195,7114.5017,7114.5017,1015358206
M09,895,7126.4236,7173.2898,7126.4236,7168.1971,7168.1971,1443364731
M09,896,7135.3566,7143.5942,7118.5353,7140.9303,7140.9303,1409629657
M09,897,7155.3007,7155.3007,7097.0784,7136.1441,7136.1441,1294875566
M09,898,7131.2012,7177.8096,7118.1178,7153.9056,7153.9056,1268786559
M09,899,7167.6773,7244.273,7167.6773,7221.1228,7221.1228,1123834405
M09,900,7241.7023,7249.8301,7188.9457,7200.5643,7200.5643,1099770106
M09,901,7176.679,7245.3889,7161.9692,7165.4062,7165.4062,1233736584
M09,902,7192.5784,7252.4792,7163.6836,7252.1325,7252.1325,1210776931
M09,903,7197.9116,7197.9116,7146.2318,7146.6709,7146.6709,1123347665
M09,904,7189.7347,7233.5152,7189.7347,7233.5025,7233.5025,1187505444
M09,905,7194.6164,7229.2635,7194.6164,7217.2749,7217.2749,1034457881
M09,906,7216.685,7220.1751,7186.7251,7207.5798,7207.5798,1031639124
M09,907,7218.0681,7258.8218,7218.0681,7246.4753,7246.4753,1163199738
M09,908,7264.1793,7300.0664,7264.1793,7299.9151,7299.9151,1123240490
M09,909,7297.5438,7297.5438,7265.9759,7295.6967,7295.6967,914642334
M09,910,7293.3189,7300.2922,7282.97,7292.0178,7292.0178,914294236
M09,911,7292.3587,7292.3587,7223.6644,7278.7974,7278.7974,996204395
M09,912,7296.9302,7296.9302,7189.7305,7240.7583,7240.7583,1215943389
M09,913,7223.073,7232.7828,7153.294,7155.2868,7155.2868,1188494426
M09,914,7170.8387,7170.8387,7082.0437,7118.3262,7118.3262,1347126600
M09,915,7093.4061,7139.1892,7080.6557,7131.2017,7131.2017,1171232063
M09,916,7090.816,7160.8325,7090.816,7147.4299,7147.4299,1073567675
M09,917,7229.609,7282.891,7229.609,7269.8245,7269.8245,1099470641
M09,918,7247.0514,7290.2101,7236.5412,7278.0807,7278.0807,1042504655
M09,919,7286.5257,7286.5257,7230.7876,7235.1604,7235.1604,1045952414
M09,920,7231.645,7302.7297,7231.645,7296.8081,7296.8081,1002219732
M09,921,7276.0233,7288.295,7257.2725,7265.1732,7265.1732,905174363
M09,922,7269.4523,7282.2149,7253.6424,7263.751,7263.751,1321224531
M09,923,7321.1388,7353.1173,7314.4786,7338.3677,7338.3677,1251908997
M09,924,7305.5997,7348.312,7305.5997,7340.6101,7340.6101,1118792838
M09,925,7310.0404,7312.3811,7288.0584,7302.6988,7302.6988,931027703
M09,926,7312.0534,7312.0534,7264.9106,7265.1184,7265.1184,1203884877
M09,927,7272.5324,7272.5324,7218.8495,7242.1714,7242.1714,1139474703
M09,928,7225.4209,7250.9224,7191.9612,7196.0892,7196.0892,1082532781
M09,929,7214.4624,7259.6289,7170.95,7171.3229,7171.3229,1165305495
M09,930,7183.5764,7238.0363,7183.468,7214.7639,7214.7639,1099050427
M09,931,7199.1032,7217.6771,7127.988,7139.3132,7139.3132,1229175955
M09,932,7188.665,7253.1815,7181.8717,7245.1601,7245.1601,1294896738
M09,933,7235.103,7240.1157,7178.9387,7213.2973,7213.2973,1242504708
M09,934,7174.0973,7178.1225,7115.9273,7123.7131,7123.7131,2221416713
M09,935,7108.0569,7108.0569,6904.0957,6981.8852,6981.8852,1450884838
M09,936,6986.1252,7053.9982,6980.2013,6993.1813,6993.1813,1154075314
M09,937,7006.3655,7124.055,7006.3655,7078.955,7078.955,1203185510
M09,938,7111.7895,7231.3212,7111.7895,7205.3308,7205.3308,1157582063
M09,939,7170.3021,7176.9149,7142.3696,7158.1363,7158.1363,962055057
M09,940,7194.6592,7246.5857,7194.6592,7221.0375,7221.0375,1182015599
M09,941,7224.6943,7224.6943,7095.9153,7106.7437,7106.7437,1376549584
M09,942,7084.9543,7123.4661,7080.3505,7091.944,7091.944,1161957636
M09,943,7106.8041,7134.2362,7019.5828,7019.8567,7019.8567,1265700212
M09,944,6933.0182,7041.8302,6911.3666,7009.8079,7009.8079,1237044524
M09,945,7090.3518,7109.7893,7004.9614,7035.9785,7035.9785,1242742105
M09,946,7060.2329,7152.9965,7060.2329,7116.2536,7116.2536,1302080748
M09,947,7042.8648,7049.3913,6943.5482,7047.7695,7047.7695,1251947547
M09,948,7055.9605,7169.6393,7055.9605,7130.824,7130.824,1102482153
M09,949,7150.2652,7182.0064,7147.3506,7152.6122,7152.6122,981520355
M09,950,7171.6661,7222.158,7133.4138,7133.8217,7133.8217,1055106557
M09,951,7138.9082,7176.0404,7130.8436,7143.9831,7143.9831,1016031656
M09,952,7153.5574,7195.6255,7117.7062,7184.6269,7184.6269,1045333872
M09,953,7178.9386,7282.0723,7178.9386,7279.4197,7279.4197,1020691613
M09,954,7255.9432,7329.7757,7255.9432,7311.1727,7311.1727,1160784033
M09,955,7298.3662,7306.9138,7257.2145,7294.1527,7294.1527,1181064345
M09,956,7343.4911,7401.762,7343.4911,7398.4345,7398.4345,1098789195
M09,957,7321.5348,7374.5671,7321.5348,7369.3953,7369.3953,1093337489
M09,958,7439.7055,7439.7055,7398.9064,7432.7177,7432.7177,1134753525
M09,959,7431.925,7464.2228,7409.5594,7448.9308,7448.9308,1132336989
M09,960,7405.442,7435.6911,7394.1622,7425.6962,7425.6962,1109828916
M09,961,7465.8546,7491.6106,7449.4911,7455.4532,7455.4532,1125775234
M09,962,7427.8504,7427.8504,7330.4728,7330.4728,7330.4728,1260424976
M09,963,7326.9933,7395.0387,7326.9933,7394.8137,7394.8137,1311361476
M09,964,7447.4493,7447.4493,7404.0521,7421.0255,7421.0255,1344752927
M09,965,7385.6397,7438.5787,7385.6397,7435.41,7435.41,1248974251
M09,966,7478.1352,7478.1352,7455.3182,7471.19,7471.19,1141497201
M09,967,7432.101,7477.8828,7417.693,7473.1715,7473.1715,1434574924
M09,968,7487.164,7496.3223,7443.9765,7469.3787,7469.3787,1252822604
M09,969,7445.9206,7505.484,7445.9206,7477.7924,7477.7924,1376987501
M09,970,7478.2035,7521.323,7478.2035,7507.7611,7507.7611,1343157849
M09,971,7513.613,7519.0861,7473.4329,7503.3696,7503.3696,1258204575
M09,972,7499.2009,7514.7358,7437.6391,7458.0408,7458.0408,1464976035
M09,973,7440.3341,7464.0634,7440.3341,7452.6167,7452.6167,1224040391
M09,974,7460.7038,7500.7919,7460.7038,7494.1722,7494.1722,1129112464
M09,975,7552.4338,7569.5403,7539.4359,7547.1466,7547.1466,1120391069
M09,976,7494.1499,7528.2962,7494.1499,7501.6236,7501.6236,1169226757
M09,977,7529.4876,7529.4876,7466.9078,7481.5639,7481.5639,1313460806
M09,978,7484.4887,7484.4887,7421.9754,7451.8737,7451.8737,1198085007
M09,979,7467.6428,7467.6428,7401.3589,7404.9188,7404.9188,1406869272
M09,980,7361.7358,7408.8964,7349.4658,7349.5132,7349.5132,1335161823
M09,981,7381.8353,7417.0154,7356.579,7408.8961,7408.8961,1196678414
M09,982,7427.327,7444.0043,7385.3732,7439.952,7439.952,1039054337
M09,983,7362.422,7362.4566,7150.5615,7184.4024,7184.4024,1103623572
M09,984,7246.809,7320.7735,7236.727,7272.5757,7272.5757,1336226152
M09,985,7213.9253,7213.9253,7049.3111,7056.0996,7056.0996,1945777990
M09,986,7115.9297,7254.5114,7034.9286,7035.225,7035.225,1614618406
M09,987,7041.8548,7213.2584,7041.8548,7190.8462,7190.8462,1546320700
M09,988,7167.8202,7201.4375,7056.7089,7112.4016,7112.4016,1458798039
M09,989,7125.6907,7263.6161,7125.6907,7232.089,7232.089,1284729565
M09,990,7199.7543,7341.5452,7199.7543,7313.2702,7313.2702,1357322162
M09,991,7329.1839,7359.699,7322.7474,7349.3401,7349.3401,1199040308
M09,992,7332.7606,7332.7606,7280.9062,7280.9324,7280.9324,1205681291
M09,993,7289.7211,7336.6857,7282.1053,7322.8064,7322.8064,1190693749
M09,994,7319.2618,7319.2618,7247.4133,7259.7492,7259.7492,1227135247
M09,995,7262.6697,7283.9196,7214.9395,7233.5704,7233.5704,1323557278
M09,996,7200.0257,7273.5796,7163.1056,7269.6326,7269.6326,1520567939
M09,997,7297.1712,7371.6073,7287.2543,7312.5868,7312.5868,1464561769
M09,998,7274.3368,7274.3368,7178.2539,7196.4307,7196.4307,2581516120
M09,999,7222.4689,7222.4689,7067.3181,7124.4008,7124.4008,1279423341
M09,1000,7129.1639,7264.2998,7129.1639,7260.0892,7260.0892,1262894322
M09,1001,7282.1417,7340.8325,7270.5514,7338.945,7338.945,1025060249
M09,1002,7320.2224,7379.4785,7320.2224,7358.6386,7358.6386,842080012
M09,1003,7363.9643,7441.4051,7363.9643,7441.0837,7441.0837,866363996
M09,1004,7423.1786,7456.2123,7410.4641,7420.1776,7420.1776,786392826
M09,1005,7462.6643,7483.3696,7451.1615,7469.5326,7469.5326,885007614
M09,1006,7433.4986,7471.9538,7433.4986,7439.7014,7439.7014,917703701
M09,1007,7427.8897,7454.7982,7419.9877,7427.8424,7427.8424,865731070
M10,0,50.554,51.0075,50.47,50.6968,50.6968,444601
M10,1,50.57,51.8931,50.4779,51.6084,51.6084,599465
M10,2,52.0558,52.2658,51.7449,52.0978,52.0978,608537
M10,3,52.0834,52.2012,51.4018,51.6963,51.6963,492332
M10,4,51.7638,52.0663,51.537,51.8647,51.8647,503452
M10,5,51.9216,53.2297,51.821,52.7937,52.7937,784892
M10,6,52.9099,53.1269,52.6429,53.0434,53.0434,622171
M10,7,52.997,54.0569,52.9385,53.2473,53.2473,735247
M10,8,53.8641,54.6521,53.432,54.4826,54.4826,558131
M10,9,54.1991,54.586,53.3242,53.6102,53.6102,736425
M10,10,53.6765,53.9117,53.1892,53.7437,53.7437,380167
M10,11,54.1096,54.346,53.6028,54.0082,54.0082,153027
M10,12,53.6516,53.6768,52.9024,53.3401,53.3401,134660
M10,13,53.6097,54.0563,53.2388,53.5085,53.5085,549788
M10,14,53.6049,54.444,53.4538,54.1,54.1,604405
M10,15,54.4541,55.8319,54.3864,55.46,55.46,791160
M10,16,55.5938,56.2521,54.9187,55.2816,55.2816,696473
M10,17,54.604,55.5246,54.3195,55.3488,55.3488,619476
M10,18,55.6631,55.8986,54.6538,55.1416,55.1416,551156
M10,19,55.3107,55.336,53.9264,54.4413,54.4413,553315
M10,20,53.8014,54.566,53.4989,54.3896,54.3896,521450
M10,21,54.2526,55.5009,54.1437,55.1239,55.1239,555129
M10,22,55.2633,55.5229,53.9904,54.8111,54.8111,701281
M10,23,54.9673,55.2207,53.5488,54.1652,54.1652,769303
M10,24,53.5311,54.2569,53.2695,53.4973,53.4973,692567
M10,25,53.6902,53.9086,51.4475,51.9011,51.9011,849539
M10,26,52.1926,52.5225,50.983,51.7274,51.7274,730420
M10,27,51.034,51.3211,49.0409,49.9952,49.9952,802838
M10,28,49.9908,51.4367,49.9738,50.1345,50.1345,583201
M10,29,50.1471,50.4682,49.3359,50.0119,50.0119,454598
M10,30,49.6102,51.2252,48.9541,50.9728,50.9728,547832
M10,31,51.1996,51.9839,50.3646,51.7309,51.7309,325361
M10,32,51.9181,52.3744,51.4365,52.1124,52.1124,148376
M10,33,52.1325,53.0715,52.0902,52.3609,52.3609,637933
M10,34,52.1406,52.3352,51.54,52.1829,52.1829,392178
M10,35,51.7238,53.1995,51.2263,52.9297,52.9297,488802
M10,36,52.9823,53.9387,52.7538,53.7863,53.7863,401926
M10,37,53.4229,53.9605,52.9693,53.6833,53.6833,382575
M10,38,54.1527,54.1696,52.9523,53.265,53.265,440252
M10,39,52.7037,53.2493,51.5034,51.7384,51.7384,656443
M10,40,51.7593,51.9947,50.6072,51.2883,51.2883,707074
M10,41,51.8319,52.0516,50.8095,51.7559,51.7559,533790
M10,42,52.0754,53.1245,51.6947,52.9384,52.9384,495289
M10,43,52.6229,53.2115,52.2782,52.6397,52.6397,538430
M10,44,52.388,52.6235,50.9417,51.421,51.421,727281
M10,45,51.7619,51.821,50.5972,50.7407,50.7407,633490
M10,46,50.6658,52.2715,50.5565,52.1538,52.1538,621196
M10,47,52.3753,52.5693,51.1692,51.7512,51.7512,475161
M10,48,52.0672,52.5763,51.134,51.5073,51.5073,644812
M10,49,51.1784,51.5652,50.5394,51.2541,51.2541,513772
M10,50,51.926,52.4287,51.8153,52.1305,52.1305,347574
M10,51,51.5234,52.6601,51.4308,52.4917,52.4917,157493
M10,52,52.7742,52.8759,52.0364,52.63,52.63,95975
M10,53,52.6224,54.0715,52.6055,53.724,53.724,618393
M10,54,53.7212,55.264,53.6031,54.9436,54.9436,619080
M10,55,55.1262,55.3282,53.9816,54.1163,54.1163,632230
M10,56,54.2815,55.7339,54.1379,55.6326,55.6326,668409
M10,57,55.6489,56.1978,54.9565,55.3534,55.3534,488892
M10,58,55.2012,55.9425,54.3588,54.9654,54.9654,564846
M10,59,54.3312,54.6923,53.5082,54.0624,54.0624,571822
M10,60,54.5323,55.0128,54.0856,54.7431,54.7431,501379
M10,61,54.5542,54.9828,52.7808,52.9573,52.9573,473756
M10,62,53.0292,53.8471,53.0039,53.552,53.552,433834
M10,63,53.8827,53.9251,52.5863,53.6963,53.6963,661232
M10,64,53.4541,53.8911,53.0086,53.4037,53.4037,472367
M10,65,53.7577,53.8337,52.1627,52.3737,52.3737,578463
M10,66,52.4744,53.8371,52.4152,53.6762,53.6762,532345
M10,67,53.4848,55.6478,53.4003,55.3521,55.3521,732926
M10,68,55.4196,56.9912,55.0478,56.4589,56.4589,808546
M10,69,56.3527,56.8424,55.7195,56.6229,56.6229,598130
M10,70,56.6892,57.1787,56.2842,56.8664,56.8664,557606
M10,71,56.6878,57.1094,55.752,55.8279,55.8279,460455
M10,72,55.8505,56.128,55.1274,55.9346,55.9346,386822
M10,73,56.2089,58.0888,56.1078,57.7179,57.7179,186092
M10,74,57.8256,58.5069,57.1779,57.4387,57.4387,106082
M10,75,57.5603,57.8639,56.9194,57.6615,57.6615,602466
M10,76,57.7968,58.483,56.8818,58.1526,58.1526,641540
M10,77,58.2707,58.6341,57.0791,57.2143,57.2143,599739
M10,78,56.8664,57.2273,56.3292,57.1182,57.1182,630983
M10,79,57.6382,58.2736,57.3671,57.7737,57.7737,522692
M10,80,57.3281,57.4541,56.849,57.2356,57.2356,464692
M10,81,57.3061,58.3068,56.4821,57.6593,57.6593,603620
M10,82,57.7355,58.0219,56.2955,56.6324,56.6324,616293
M10,83,56.9676,57.5163,56.4865,57.339,57.339,637847
M10,84,57.2021,57.9797,56.8049,57.836,57.836,577136
M10,85,57.7382,58.9772,57.4179,58.7665,58.7665,564040
M10,86,58.7092,59.5413,58.4235,59.4489,59.4489,652517
M10,87,59.033,59.3449,57.0098,58.2153,58.2153,1004345
M10,88,59.0324,60.1364,58.8639,59.951,59.951,722349
M10,89,59.8667,60.4214,59.3036,59.976,59.976,601649
M10,90,60.7411,60.8941,59.891,60.1035,60.1035,505298
M10,91,59.7103,60.3198,59.4733,60.0659,60.0659,506119
M10,92,60.4695,61.1239,59.8491,60.6055,60.6055,556762
M10,93,59.7933,60.2732,59.4902,60.189,60.189,506416
M10,94,60.5945,61.2211,60.1965,60.5352,60.5352,492040
M10,95,60.2794,60.4057,59.7658,60.01,60.01,164912
M10,96,60.0573,60.9984,59.8724,60.7043,60.7043,100466
M10,97,61.3099,61.5635,60.7774,60.9718,60.9718,586758
M10,98,60.7903,60.9168,60.0147,60.5627,60.5627,619256
M10,99,60.2517,60.3943,59.1529,59.3122,59.3122,581202
M10,100,59.5964,59.7229,56.8717,57.2597,57.2597,807430
M10,101,56.1416,56.8678,55.6603,56.3443,56.3443,859502
M10,102,56.7893,58.3354,56.3645,57.9446,57.9446,629175
M10,103,57.6789,57.7296,56.2589,56.6646,56.6646,792323
M10,104,56.8906,57.1197,55.5674,55.8219,55.8219,677294
M10,105,55.4845,55.7632,54.5219,54.6739,54.6739,578855
M10,106,55.0266,55.5604,54.4165,55.518,55.518,522092
M10,107,55.4328,55.8136,54.3836,54.7728,54.7728,611321
M10,108,54.9366,55.7808,54.7171,55.6795,55.6795,576890
M10,109,55.7708,55.9906,55.0692,55.5679,55.5679,498971
M10,110,55.4795,56.1481,54.8787,55.9365,55.9365,478919
M10,111,56.1361,56.6885,55.9831,56.3995,56.3995,455417
M10,112,56.2081,56.9575,55.7909,56.7446,56.7446,530126
M10,113,56.1619,56.6171,55.9427,56.3895,56.3895,379694
M10,114,56.4725,56.9302,54.4974,55.1501,55.1501,464278
M10,115,54.2463,55.5772,53.564,55.4677,55.4677,170900
M10,116,55.941,56.009,54.7256,55.3036,55.3036,99906
M10,117,54.7988,55.9939,54.7146,55.733,55.733,643864
M10,118,55.486,56.2333,54.6368,55.6559,55.6559,663086
M10,119,55.8896,58.8142,55.7031,58.1361,58.1361,993132
M10,120,58.4482,59.0348,57.6235,57.8786,57.8786,685907
M10,121,57.9273,60.2203,57.5112,59.8976,59.8976,747391
M10,122,59.7262,61.7374,59.6248,61.4839,61.4839,639889
M10,123,60.8145,62.2955,60.7556,61.8074,61.8074,598469
M10,124,62.1192,63.0764,61.7803,62.8138,62.8138,517928
M10,125,62.5876,63.2082,61.6439,62.8596,62.8596,501858
M10,126,62.8119,63.8209,61.6673,62.8628,62.8628,577765
M10,127,62.7202,63.0998,61.1849,61.5307,61.5307,738158
M10,128,61.5319,62.2468,60.674,62.0701,62.0701,522938
M10,129,62.4099,62.7563,61.6664,62.393,62.393,482350
M10,130,62.6409,63.1993,62.311,62.7002,62.7002,476506
M10,131,62.6062,62.6569,59.0794,59.3831,59.3831,718978
M10,132,59.6961,60.2373,58.5377,59.4678,59.4678,565921
M10,133,59.5585,60.6417,59.1016,60.0917,60.0917,464764
M10,134,59.8563,60.1534,57.3609,57.7683,57.7683,443634
M10,135,57.321,57.6664,56.4784,57.3631,57.3631,385259
M10,136,57.0796,58.3037,56.5983,58.0504,58.0504,162609
M10,137,58.6044,59.5981,57.5852,58.9951,58.9951,87705
M10,138,59.0932,60.5495,59.0762,60.0044,60.0044,428037
M10,139,57.5005,58.4621,57.0197,57.2644,57.2644,473120
M10,140,57.7043,58.7682,57.5,58.3171,58.3171,473142
M10,141,58.2264,59.0138,57.7438,58.6751,58.6751,528648
M10,142,58.4974,58.9527,58.1095,58.6913,58.6913,382003
M10,143,58.9013,59.0621,57.7839,58.1479,58.1479,426043
M10,144,58.4101,59.612,58.2324,59.3581,59.3581,402718
M10,145,59.1676,59.3112,57.4192,58.078,58.078,442291
M10,146,57.6703,57.7462,56.7264,57.0214,57.0214,472655
M10,147,57.4566,58.7267,56.6607,58.388,58.388,458704
M10,148,57.8028,58.0122,56.8644,57.3839,57.3839,399638
M10,149,57.9671,59.0395,57.8405,58.2711,58.2711,403020
M10,150,58.4246,59.2133,58.3483,58.6536,58.6536,381316
M10,151,58.4239,58.6607,56.0815,56.6058,56.6058,659919
M10,152,56.727,57.2536,56.4722,56.744,56.744,412461
M10,153,56.538,57.4953,56.0298,57.292,57.292,425914
M10,154,57.226,57.3695,55.4783,56.7363,56.7363,485021
M10,155,56.9736,57.7764,56.2638,56.6525,56.6525,453632
M10,156,56.4651,56.7024,54.6767,55.1005,55.1005,483926
M10,157,54.7541,55.2346,54.3157,55.1841,55.1841,306459
M10,158,55.1244,55.8991,54.9813,55.4949,55.4949,144861
M10,159,55.9055,56.5586,55.6341,56.3466,56.3466,90970
M10,160,56.3888,57.6415,56.3041,57.0067,57.0067,383919
M10,161,55.7998,57.5478,55.7153,57.3029,57.3029,518884
M10,162,57.3136,57.3557,56.6821,57.1115,57.1115,374854
M10,163,57.2956,58.4854,57.1943,57.9875,57.9875,424506
M10,164,58.0302,58.3688,57.8356,58.2841,58.2841,296852
M10,165,58.5728,58.8022,57.961,58.2329,58.2329,359369
M10,166,58.0101,59.0426,57.8662,58.831,58.831,426668
M10,167,59.159,59.8295,59.0233,59.6173,59.6173,360928
M10,168,58.8854,59.1376,58.5324,58.6669,58.6669,360001
M10,169,59.5297,60.6164,58.6468,59.3175,59.3175,612288
M10,170,59.2243,59.3608,58.4822,58.6186,58.6186,472971
M10,171,58.0504,58.3717,56.6634,57.3146,57.3146,491708
M10,172,57.7715,57.9418,56.9034,57.6609,57.6609,395315
M10,173,57.4986,58.0921,57.0832,57.2612,57.2612,476403
M10,174,56.9797,59.0723,56.9375,58.431,58.431,539750
M10,175,59.3244,60.4873,58.9934,59.7318,59.7318,673983
M10,176,59.249,59.2828,57.6548,57.8572,57.8572,540531
M10,177,57.8632,58.8053,57.1482,58.0314,58.0314,535563
M10,178,58.179,58.8458,57.8414,58.1622,58.1622,357449
M10,179,58.4516,59.8279,58.2222,59.3436,59.3436,203357
M10,180,59.0213,60.5368,58.9705,60.2151,60.2151,105465
M10,181,60.1034,60.457,59.5477,59.6066,59.6066,542582
M10,182,59.5393,60.8963,59.3527,60.0312,60.0312,716300
M10,183,59.8837,61.2306,59.8837,60.675,60.675,511599
M10,184,61.075,61.523,60.7706,61.1003,61.1003,463714
M10,185,61.1153,61.3612,60.5897,60.6745,60.6745,395901
M10,186,60.943,61.4423,60.6891,61.0361,61.0361,391226
M10,187,61.3887,62.707,61.1335,62.2987,62.2987,475669
M10,188,62.1544,64.2576,61.866,63.859,63.859,503044
M10,189,63.9576,64.3732,63.5421,63.7965,63.7965,395261
M10,190,63.7233,65.2332,63.0277,64.8176,64.8176,613855
M10,191,64.68,64.9262,62.7272,63.1093,63.1093,609369
M10,192,63.0841,63.5488,62.3829,62.8053,62.8053,528759
M10,193,63.0984,63.2511,61.9704,63.0051,63.0051,473395
M10,194,62.8252,63.7311,62.6475,63.4602,63.4602,541992
M10,195,63.6716,64.0298,61.7272,62.4009,62.4009,585315
M10,196,61.751,61.819,59.9073,60.2982,60.2982,730806
M10,197,60.2402,61.1057,59.9432,60.5372,60.5372,536701
M10,198,60.6558,61.3733,59.8116,60.5967,60.5967,441647
M10,199,60.9716,61.4562,60.3765,61.1417,61.1417,427986
M10,200,60.9821,61.2018,58.6668,58.9372,58.9372,582905
M10,201,59.248,59.248,57.9281,58.0804,58.0804,184174
M10,202,58.1524,59.0753,58.0508,58.5249,58.5249,100542
M10,203,58.505,58.7073,57.5441,58.3027,58.3027,435492
M10,204,58.8782,58.9713,55.6528,56.2369,56.2369,724692
M10,205,56.0673,57.3806,55.9656,56.618,56.618,664632
M10,206,56.3255,57.4205,56.0115,57.1489,57.1489,467428
M10,207,56.867,57.6569,56.2299,57.4106,57.4106,507643
M10,208,57.4241,57.7642,56.353,56.9906,56.9906,419233
M10,209,56.4865,56.9778,55.3429,56.0629,56.0629,614547
M10,210,56.3459,56.9237,55.063,55.4878,55.4878,497591
M10,211,54.7627,55.1932,53.2687,53.7583,53.7583,655573
M10,212,54.0455,54.4285,53.3051,53.7391,53.7391,549552
M10,213,53.5404,54.5178,53.1409,53.6339,53.6339,535842
M10,214,53.216,53.7422,52.0362,52.8001,52.8001,637548
M10,215,52.1604,53.3769,51.7042,52.1012,52.1012,715740
M10,216,52.3247,52.9869,51.2721,51.5013,51.5013,672558
M10,217,51.8843,51.9185,50.6118,51.406,51.406,628632
M10,218,51.4251,51.9164,49.7137,50.7727,50.7727,686067
M10,219,49.7575,50.1547,46.2674,47.0617,47.0617,905153
M10,220,46.7982,48.5763,46.6796,47.6279,47.6279,681362
M10,221,47.6094,48.6632,47.244,47.9833,47.9833,205393
M10,222,47.8875,49.0555,47.3035,47.7859,47.7859,144312
M10,223,48.2822,48.8015,46.8862,48.3163,48.3163,569427
M10,224,48.4423,48.4845,44.5426,45.0997,45.0997,889900
M10,225,45.3817,47.4812,45.3817,46.4357,46.4357,579266
M10,226,45.4611,45.6721,42.3218,42.5496,42.5496,857960
M10,227,42.8296,44.2087,42.3896,43.6841,43.6841,554153
M10,228,43.542,44.2516,42.4944,43.5589,43.5589,603883
M10,229,44.1507,44.5491,42.4301,42.6251,42.6251,744705
M10,230,42.7619,44.3683,41.9969,43.7308,43.7308,630643
M10,231,43.379,43.8189,42.0083,43.0913,43.0913,613691
M10,232,44.3977,45.5827,44.0422,44.8209,44.8209,620028
M10,233,45.0986,46.3039,44.5044,45.2005,45.2005,644651
M10,234,44.8843,45.1981,42.4675,43.6632,43.6632,709362
M10,235,43.9892,46.0799,43.0034,44.7116,44.7116,832882
M10,236,44.0153,44.6752,42.7464,43.144,43.144,589561
M10,237,43.0574,44.3604,42.8966,43.7004,43.7004,588423
M10,238,44.0186,44.8066,43.1628,43.3407,43.3407,569123
M10,239,43.4156,45.1708,42.6948,44.5858,44.5858,656535
M10,240,44.9366,45.0387,43.2439,43.5502,43.5502,459675
M10,241,43.6107,44.1383,41.7046,42.4449,42.4449,195744
M10,242,41.5727,41.9364,38.7229,39.1034,39.1034,107659
M10,243,39.117,40.88,39.117,40.1986,40.1986,695129
M10,244,40.0584,40.1599,38.6045,38.782,38.782,680209
M10,245,39.083,39.5224,38.1365,38.5252,38.5252,587171
M10,246,38.5346,39.2043,35.9147,36.0588,36.0588,358099
M10,247,36.4462,39.976,36.1656,39.3126,39.3126,589164
M10,248,39.5518,39.6537,37.6753,37.8791,37.8791,580594
M10,249,38.2761,38.9331,37.4169,38.1835,38.1835,484036
M10,250,38.3094,39.4192,37.8943,38.4703,38.4703,404696
M10,251,38.9487,40.6325,37.7156,39.578,39.578,770151
M10,252,39.2457,40.2892,38.4736,39.9498,39.9498,696035
M10,253,39.4313,41.3819,39.2211,40.3225,40.3225,683606
M10,254,40.916,42.1782,40.755,41.1023,41.1023,647420
M10,255,41.3761,42.412,41.0195,42.2676,42.2676,636535
M10,256,42.0448,44.3918,41.9688,44.2061,44.2061,753759
M10,257,44.4027,44.9132,43.7134,44.7515,44.7515,728264
M10,258,44.131,45.0005,43.2025,43.5486,43.5486,662776
M10,259,43.6834,44.0043,42.5434,42.6531,42.6531,651738
M10,260,42.7392,44.0185,42.6213,43.8586,43.8586,552140
M10,261,43.8042,44.2422,43.1808,44.0653,44.0653,603178
M10,262,44.2563,44.4933,43.1393,44.0617,44.0617,238302
M10,263,44.3943,45.8307,44.2753,45.7288,45.7288,166513
M10,264,45.3472,45.7776,43.7183,44.3681,44.3681,885015
M10,265,44.7631,45.3464,43.8416,44.4841,44.4841,610760
M10,266,44.1635,45.0224,43.8436,44.7361,44.7361,563286
M10,267,44.996,45.6476,44.776,45.4361,45.4361,504904
M10,268,45.0779,45.1452,43.201,43.7565,43.7565,582657
M10,269,43.8193,45.341,43.5839,44.8197,44.8197,564079
M10,270,45.0041,46.4327,44.8773,45.841,45.841,623957
M10,271,45.8821,46.8035,45.3243,45.468,45.468,636018
M10,272,45.8528,47.2536,45.3095,46.914,46.914,561183
M10,273,46.6682,47.031,44.9557,46.0271,46.0271,529505
M10,274,46.1664,46.461,44.9967,45.1566,45.1566,506668
M10,275,45.595,46.0787,44.8567,45.8326,45.8326,546112
M10,276,45.5882,45.8164,43.7796,44.4895,44.4895,688828
M10,277,44.4664,44.8047,44.0352,44.5764,44.5764,517942
M10,278,44.5819,44.6835,43.3712,44.3702,44.3702,590601
M10,279,44.2946,45.6284,44.1426,44.8264,44.8264,557868
M10,280,45.3768,46.44,45.3087,45.8446,45.8446,619543
M10,281,45.3357,45.9406,44.5963,45.7138,45.7138,550918
M10,282,46.0319,47.2064,45.8292,46.9698,46.9698,234161
M10,283,47.2731,47.7393,46.8579,47.5359,47.5359,128368
M10,284,47.4465,48.812,47.0563,48.2777,48.2777,585165
M10,285,48.5465,48.8603,48.0376,48.309,48.309,470960
M10,286,48.2572,49.0807,48.1468,48.6138,48.6138,425125
M10,287,48.29,48.5941,46.5246,46.8625,46.8625,579219
M10,288,47.0014,47.5268,46.6285,47.0353,47.0353,451083
M10,289,47.4163,48.6367,47.2214,48.2553,48.2553,488564
M10,290,48.2833,48.6475,47.8004,48.4696,48.4696,426053
M10,291,48.1314,48.6866,46.7435,46.937,46.937,550599
M10,292,46.9234,47.9068,46.9066,47.5622,47.5622,520170
M10,293,47.3493,47.97,47.0473,47.4415,47.4415,442436
M10,294,47.5544,47.6558,46.8277,47.5037,47.5037,564004
M10,295,47.5892,48.2582,47.4876,47.9788,47.9788,500004
M10,296,47.7501,47.8178,46.1339,47.4454,47.4454,596266
M10,297,47.6009,48.3989,47.5075,48.2121,48.2121,504067
M10,298,47.7849,48.45,47.7681,47.8775,47.8775,561710
M10,299,48.3961,49.5745,48.3283,49.388,49.388,522201
M10,300,49.708,50.0402,49.4098,49.9295,49.9295,459228
M10,301,49.5412,49.9138,48.8892,49.5497,49.5497,411488
M10,302,49.431,50.0906,49.0927,49.9722,49.9722,149800
M10,303,49.8561,50.3292,49.5266,49.873,49.873,99320
M10,304,50.1065,51.0404,49.5717,50.7942,50.7942,728105
M10,305,50.654,50.9918,50.3754,50.6456,50.6456,562448
M10,306,50.814,50.9838,49.4645,50.1096,50.1096,611983
M10,307,49.9705,50.2839,49.2842,49.8349,49.8349,613220
M10,308,49.8394,50.9016,49.772,50.5307,50.5307,610845
M10,309,50.8659,51.0269,49.8321,50.3405,50.3405,690553
M10,310,50.5356,50.6717,49.5147,50.4505,50.4505,555978
M10,311,50.3626,51.3778,50.2611,50.8787,50.8787,662656
M10,312,51.0683,52.3908,50.975,52.2127,52.2127,529475
M10,313,52.55,53.3492,52.3715,53.2047,53.2047,636938
M10,314,53.1089,53.4057,52.6087,52.9563,52.9563,649478
M10,315,53.5157,53.7469,52.9934,53.1732,53.1732,593095
M10,316,52.9169,53.9041,52.6105,53.6828,53.6828,549715
M10,317,53.4417,54.4121,53.2729,54.3446,54.3446,719202
M10,318,54.7614,55.0931,54.1492,54.4043,54.4043,715894
M10,319,54.3463,54.7525,54.2024,54.6763,54.6763,632005
M10,320,54.5756,54.5841,53.5854,53.8139,53.8139,597979
M10,321,54.1762,54.9755,54.1336,54.3292,54.3292,563824
M10,322,54.1409,54.2089,53.5211,53.8352,53.8352,447529
M10,323,54.2376,54.9201,53.7427,54.6471,54.6471,408194
M10,324,54.6053,54.8515,54.045,54.1299,54.1299,203493
M10,325,53.7498,54.0955,53.5053,53.9606,53.9606,125589
M10,326,54.3183,55.9478,54.3183,55.7611,55.7611,650305
M10,327,55.4877,56.205,55.3442,55.9518,55.9518,556864
M10,328,55.9669,56.1868,55.5356,55.7301,55.7301,568314
M10,329,55.8357,56.2345,55.0636,55.3267,55.3267,522056
M10,330,55.4415,55.4841,53.0155,53.8838,53.8838,858794
M10,331,53.3835,54.0111,52.968,53.85,53.85,528299
M10,332,53.8314,54.822,53.5943,54.1108,54.1108,595355
M10,333,53.5009,53.9482,52.9693,53.6697,53.6697,569577
M10,334,54.1519,54.2115,51.8874,52.6195,52.6195,770284
M10,335,52.276,53.0999,52.0637,52.6073,52.6073,501557
M10,336,51.9433,53.2286,50.768,52.6367,52.6367,578052
M10,337,52.9447,53.2172,51.6588,52.289,52.289,749103
M10,338,52.2811,53.0725,51.9663,52.8598,52.8598,655838
M10,339,52.2283,52.3883,51.302,51.9588,51.9588,584675
M10,340,52.4645,53.188,52.2773,52.4815,52.4815,636098
M10,341,52.2022,53.6247,51.3469,51.6856,51.6856,827720
M10,342,51.9444,53.0113,51.7993,52.7297,52.7297,618332
M10,343,52.0456,52.8683,51.6046,52.5969,52.5969,579933
M10,344,52.6119,53.7638,52.5781,53.2471,53.2471,464642
M10,345,53.6251,54.0669,53.1154,53.3193,53.3193,173252
M10,346,53.8928,54.1303,52.9766,53.528,53.528,116158
M10,347,53.7083,53.9799,53.2585,53.4622,53.4622,561273
M10,348,53.1526,53.2714,51.7865,52.1174,52.1174,682086
M10,349,51.9321,51.9491,48.5926,49.0842,49.0842,967878
M10,350,49.3944,50.1496,48.7919,49.7508,49.7508,624207
M10,351,50.0213,50.556,49.3339,50.1911,50.1911,825736
M10,352,49.9068,49.966,48.0565,49.6872,49.6872,937936
M10,353,50.185,50.6773,47.8167,48.0374,48.0374,745667
M10,354,48.0286,48.1562,45.1278,45.5106,45.5106,859779
M10,355,45.3897,46.4178,44.2766,45.2452,45.2452,886809
M10,356,44.5082,45.2571,44.1211,45.0047,45.0047,704160
M10,357,45.0593,45.5282,43.1328,44.0535,44.0535,845655
M10,358,44.0408,45.4389,43.623,44.8336,44.8336,657917
M10,359,45.0213,46.0557,44.6144,45.7759,45.7759,717169
M10,360,45.961,46.4694,44.9526,45.1306,45.1306,631750
M10,361,45.3749,45.8929,44.9333,45.239,45.239,497771
M10,362,44.8397,44.8481,42.8784,43.2334,43.2334,646323
M10,363,43.0572,45.0638,42.9307,44.0773,44.0773,807312
M10,364,44.339,45.0188,43.9311,44.6194,44.6194,472772
M10,365,44.5589,44.7626,43.7781,44.0751,44.0751,346740
M10,366,43.9007,45.895,43.5204,45.5485,45.5485,142797
M10,367,46.0352,46.316,45.3458,45.7543,45.7543,96070
M10,368,45.9333,48.3947,45.9249,48.0806,48.0806,730084
M10,369,48.8217,49.4356,48.3101,48.9666,48.9666,538358
M10,370,49.0782,49.5033,48.2534,49.2312,49.2312,534721
M10,371,48.542,49.4668,48.088,48.6176,48.6176,590616
M10,372,49.4786,50.3952,49.3188,49.9327,49.9327,574886
M10,373,50.6674,51.0607,50.1032,50.8042,50.8042,407795
M10,374,50.4848,50.9793,49.2317,49.8455,49.8455,493245
M10,375,50.4308,51.2902,49.6395,50.2776,50.2776,616837
M10,376,50.4943,50.7419,47.8902,48.0268,48.0268,739402
M10,377,48.1105,48.9537,47.7273,48.8344,48.8344,507155
M10,378,48.9333,49.3085,48.0037,49.0441,49.0441,588492
M10,379,49.117,49.7036,48.7174,49.0235,49.0235,431110
M10,380,48.7266,50.0302,48.498,48.9551,48.9551,485672
M10,381,49.7355,51.5495,49.693,51.4644,51.4644,590877
M10,382,51.181,51.6044,50.927,50.9778,50.9778,504274
M10,383,51.0966,51.3333,50.6487,50.8853,50.8853,380602
M10,384,50.9554,51.522,50.0674,50.3887,50.3887,542751
M10,385,50.1646,50.8418,48.3107,48.7763,48.7763,597377
M10,386,48.5347,49.2434,47.4293,47.9103,47.9103,405634
M10,387,48.2545,48.8683,46.6517,47.1462,47.1462,191867
M10,388,47.1677,47.7095,46.5498,47.0915,47.0915,94726
M10,389,47.4792,48.0028,47.0569,47.4792,47.4792,520478
M10,390,47.6809,48.7844,47.3159,48.1902,48.1902,407974
M10,391,48.5352,48.8829,46.9239,47.3903,47.3903,664615
M10,392,47.3478,48.271,47.2716,47.4494,47.4494,473111
M10,393,47.3074,47.8487,47.0959,47.5358,47.5358,418354
M10,394,47.407,48.1662,47.078,47.9722,47.9722,418820
M10,395,48.7141,49.9092,48.6203,49.5507,49.5507,403062
M10,396,49.7941,50.2038,49.3417,49.9989,49.9989,498339
M10,397,49.1036,49.2224,45.4877,45.7933,45.7933,690332
M10,398,46.0932,47.3693,45.7636,47.0397,47.0397,675130
M10,399,46.8776,47.0723,45.8957,46.2936,46.2936,660329
M10,400,46.5614,46.9596,45.1548,45.4429,45.4429,625873
M10,401,45.0392,45.3342,42.5941,43.0747,43.0747,916268
M10,402,44.5583,45.1799,44.2262,44.7371,44.7371,590154
M10,403,44.7037,46.4283,44.2726,46.0733,46.0733,631815
M10,404,45.8965,46.6232,45.2375,46.412,46.412,486339
M10,405,46.37,48.6914,45.9294,48.3779,48.3779,607192
M10,406,47.9489,48.0418,45.608,46.6728,46.6728,619015
M10,407,46.3291,46.692,45.3756,45.9663,45.9663,453864
M10,408,46.5732,47.3644,46.1648,46.6838,46.6838,142048
M10,409,46.5756,47.8044,46.4739,47.6349,47.6349,96851
M10,410,47.44,47.8628,46.7465,47.6429,47.6429,531413
M10,411,47.1589,48.0676,46.7382,46.8476,46.8476,613639
M10,412,47.2524,47.6916,46.3316,46.754,46.754,502953
M10,413,46.8079,47.0193,45.0235,45.81,45.81,715706
M10,414,45.2564,46.9647,45.0099,45.5879,45.5879,572755
M10,415,45.3462,46.9995,45.2872,46.3331,46.3331,460361
M10,416,47.2741,48.1567,46.9602,47.3335,47.3335,593794
M10,417,47.5569,48.4165,47.174,48.2633,48.2633,554959
M10,418,47.9056,47.9818,46.1461,46.6113,46.6113,623150
M10,419,46.5558,46.759,44.7275,45.6586,45.6586,808171
M10,420,45.5498,47.7969,45.4823,47.5266,47.5266,533151
M10,421,47.6034,49.1434,47.4332,47.9012,47.9012,590005
M10,422,47.6194,48.2635,46.4668,47.8991,47.8991,592403
M10,423,47.903,49.05,47.7174,48.7885,48.7885,509625
M10,424,49.1208,49.7388,48.4183,48.5876,48.5876,651792
M10,425,48.8601,49.2061,46.9357,47.0539,47.0539,725420
M10,426,47.3902,47.7376,45.7549,46.6784,46.6784,768679
M10,427,46.7247,47.1737,46.1231,46.4705,46.4705,502508
M10,428,52.2279,53.842,49.9258,53.4343,53.4343,1148170
M10,429,52.2451,52.7763,49.2939,50.0359,50.0359,857121
M10,430,49.4894,50.0111,48.5301,48.9003,48.9003,177323
M10,431,49.021,50.1497,48.861,48.962,48.962,102816
M10,432,49.6013,49.9818,48.8739,49.1277,49.1277,499944
M10,433,50.3197,50.4386,48.723,49.8016,49.8016,460466
M10,434,49.8827,49.9254,48.389,48.9011,48.9011,504307
M10,435,47.8629,48.1331,46.8922,47.6857,47.6857,491476
M10,436,48.4102,48.5383,47.3171,48.1711,48.1711,469522
M10,437,48.1174,48.3303,46.6188,47.6066,47.6066,590562
M10,438,47.7807,47.8061,45.6173,45.6934,45.6934,439661
M10,439,46.2807,46.7582,45.2319,45.7179,45.7179,502006
M10,440,45.7761,46.1321,44.2248,44.6232,44.6232,511253
M10,441,44.3001,44.6716,43.0505,44.2832,44.2832,523269
M10,442,44.5021,45.4043,44.2894,44.9447,44.9447,426242
M10,443,44.5933,45.7528,44.5086,44.6441,44.6441,432420
M10,444,44.6939,45.0832,43.8476,44.5415,44.5415,524347
M10,445,44.6595,45.6535,44.4387,44.6765,44.6765,546998
M10,446,44.8921,45.9827,43.776,45.6248,45.6248,475943
M10,447,45.7679,46.6598,45.564,46.4644,46.4644,393922
M10,448,46.6001,46.6001,44.7921,45.4881,45.4881,407894
M10,449,45.4766,45.7145,44.5247,44.8817,44.8817,459540
M10,450,45.0894,45.788,44.7486,45.4643,45.4643,343679
M10,451,44.8429,45.833,44.5298,45.6383,45.6383,360065
M10,452,45.885,46.3346,45.2572,45.622,45.622,158623
M10,453,45.5343,45.8055,44.6865,45.1951,45.1951,74612
M10,454,45.3881,46.4337,45.1416,46.0427,46.0427,391005
M10,455,46.0737,47.5756,45.4967,47.4907,47.4907,511252
M10,456,47.2093,47.7244,46.7955,47.488,47.488,402583
M10,457,47.6059,48.1748,47.2069,48.1068,48.1068,370947
M10,458,48.1667,48.3963,47.257,47.4525,47.4525,359388
M10,459,47.15,47.243,46.1445,46.9303,46.9303,430631
M10,460,47.0016,47.1709,46.0621,46.6038,46.6038,565917
M10,461,46.4905,47.0748,45.4828,45.8808,45.8808,570463
M10,462,45.8809,47.728,45.8131,47.6179,47.6179,468356
M10,463,47.796,48.6603,47.3046,47.9062,47.9062,502656
M10,464,48.0802,48.8793,47.8592,48.6498,48.6498,387184
M10,465,48.0383,48.5333,47.0736,47.2749,47.2749,543701
M10,466,47.6195,48.9125,47.5519,48.2956,48.2956,566409
M10,467,48.2231,48.561,47.1079,48.3582,48.3582,526618
M10,468,48.3219,48.3219,47.3538,47.8673,47.8673,418984
M10,469,48.0195,48.5766,47.7241,47.9436,47.9436,471387
M10,470,48.053,48.6791,47.5537,48.3322,48.3322,440341
M10,471,48.7473,49.087,48.1017,48.2207,48.2207,463781
M10,472,48.3134,49.2133,47.9059,49.001,49.001,291646
M10,473,48.9576,49.1353,47.8326,48.2556,48.2556,135452
M10,474,48.0571,48.2345,46.4862,46.6297,46.6297,101039
M10,475,46.9206,48.6984,46.5804,48.5793,48.5793,601435
M10,476,48.1892,49.6011,47.8511,49.525,49.525,521031
M10,477,48.9904,49.3517,48.3099,48.5367,48.5367,427063
M10,478,49.165,49.3602,48.5623,49.2414,49.2414,353386
M10,479,49.0287,49.5705,48.8933,49.4435,49.4435,389794
M10,480,49.3865,49.734,48.7424,49.2509,49.2509,391502
M10,481,49.2599,49.404,46.6245,46.7516,46.7516,618962
M10,482,47.1146,48.1338,47.0721,47.5308,47.5308,581169
M10,483,47.4872,48.2,46.9696,47.606,47.606,487503
M10,484,47.6408,49.5235,47.5142,49.3293,49.3293,688997
M10,485,49.4321,50.0758,49.2118,49.4914,49.4914,559107
M10,486,49.2659,50.5584,48.7422,50.0093,50.0093,544533
M10,487,50.1079,50.2266,49.3619,50.0316,50.0316,423939
M10,488,49.9352,50.4437,49.5962,50.2064,50.2064,451383
M10,489,49.8585,49.9936,49.0565,49.6052,49.6052,500673
M10,490,49.7178,50.4271,49.6081,49.9712,49.9712,431211
M10,491,50.1752,51.1219,50.0991,50.7753,50.7753,447943
M10,492,50.8547,51.254,50.7188,51.1435,51.1435,293766
M10,493,51.1719,51.8771,51.002,51.7751,51.7751,126802
M10,494,51.4535,51.9889,51.2581,51.7764,51.7764,120067
M10,495,51.4984,52.0146,51.4392,51.803,51.803,377976
M10,496,51.642,51.718,50.7208,51.0758,51.0758,467737
M10,497,51.3729,51.679,51.1093,51.4664,51.4664,271686
M10,498,51.3125,51.761,51.1771,51.7187,51.7187,177293
M10,499,51.5164,52.0468,51.3986,51.9205,51.9205,240468
M10,500,52.5573,52.7617,52.1401,52.5488,52.5488,323711
M10,501,52.0308,52.562,51.508,52.0055,52.0055,377372
M10,502,52.3437,52.5134,51.4526,51.8175,51.8175,405515
M10,503,52.3306,52.3306,51.5151,51.9738,51.9738,397489
M10,504,51.7076,54.167,51.6653,53.2881,53.2881,725535
M10,505,54.0243,54.8807,53.1169,53.6512,53.6512,597315
M10,506,53.2482,53.4514,52.5711,53.0705,53.0705,515565
M10,507,53.4213,55.8101,50.2844,50.6754,50.6754,873681
M10,508,50.8849,51.1563,49.7567,50.5201,50.5201,608976
M10,509,50.6487,50.7931,50.003,50.1644,50.1644,561569
M10,510,49.943,50.1376,48.9871,49.1309,49.1309,520516
M10,511,49.0482,49.6314,48.7862,49.2172,49.2172,422248
M10,512,49.1794,49.3146,48.4696,48.8498,48.8498,387699
M10,513,49.2343,49.8868,48.7767,49.5902,49.5902,150212
M10,514,49.2774,49.6054,49.0083,49.2354,49.2354,104522
M10,515,50.1952,50.6702,48.9312,49.4911,49.4911,524600
M10,516,49.3944,49.4962,47.5038,48.1057,48.1057,541272
M10,517,47.6599,47.7958,46.5217,47.2182,47.2182,635664
M10,518,47.0984,47.3183,45.5422,45.8298,45.8298,435817
M10,519,45.6802,45.6887,44.3447,45.2039,45.2039,594213
M10,520,44.954,46.0529,44.8773,45.5588,45.5588,528121
M10,521,45.9305,46.2709,44.9433,45.3858,45.3858,501447
M10,522,45.0143,45.1076,43.8019,44.2088,44.2088,590500
M10,523,44.6971,45.0688,43.0501,43.5485,43.5485,742893
M10,524,43.3757,44.1921,42.3468,42.6104,42.6104,754524
M10,525,42.4952,43.8652,41.9592,42.2144,42.2144,710343
M10,526,41.8401,43.8429,41.8063,42.888,42.888,858119
M10,527,43.3284,44.2006,42.5409,43.1421,43.1421,610469
M10,528,43.2032,43.5159,42.3409,42.5354,42.5354,665226
M10,529,42.4226,42.7358,41.8301,41.9571,41.9571,623106
M10,530,42.0457,42.961,42.0203,42.3254,42.3254,638097
M10,531,42.3239,43.8234,42.3154,43.349,43.349,720895
M10,532,44.0955,44.3001,43.1406,43.8397,43.8397,684673
M10,533,43.5602,44.2621,43.3995,44.0168,44.0168,517049
M10,534,44.0833,44.2352,42.9438,43.9313,43.9313,185891
M10,535,44.0335,45.3346,43.873,45.022,45.022,93632
M10,536,45.4837,46.3339,45.2457,45.7218,45.7218,552780
M10,537,45.6573,45.7593,44.6463,45.3515,45.3515,569415
M10,538,44.4414,44.4752,42.6249,43.4529,43.4529,649675
M10,539,43.5002,44.0506,42.0776,42.2554,42.2554,675283
M10,540,42.7434,43.0506,41.2241,41.5911,41.5911,726634
M10,541,41.2774,41.4047,38.9432,39.9702,39.9702,845682
M10,542,39.306,39.7625,37.0739,37.8433,37.8433,877649
M10,543,36.9669,40.2321,36.6454,39.5469,39.5469,836477
M10,544,40.412,41.2081,39.3534,39.9547,39.9547,836604
M10,545,39.861,41.1093,39.6148,39.7252,39.7252,617272
M10,546,40.1228,40.4974,38.8629,39.0757,39.0757,619029
M10,547,39.0767,39.3226,34.8036,34.9986,34.9986,1105522
M10,548,27.8644,29.5683,23.1765,26.3894,26.3894,1581895
M10,549,25.6573,29.5857,25.5137,29.0282,29.0282,849798
M10,550,29.3529,30.8197,27.6063,27.9624,27.9624,813806
M10,551,27.9203,28.3931,25.3452,26.5948,26.5948,852893
M10,552,26.0564,28.6815,25.6838,26.8694,26.8694,615739
M10,553,28.5788,28.5788,23.7945,24.3026,24.3026,598187
M10,554,24.3804,25.7486,22.6298,22.9018,22.9018,430103
M10,555,22.7775,23.0142,16.9605,17.2226,17.2226,259553
M10,556,18.9416,23.5369,18.1432,21.4219,21.4219,109594
M10,557,21.0812,23.775,16.5888,19.1206,19.1206,996901
M10,558,19.2453,20.5699,17.7754,19.9632,19.9632,795961
M10,559,20.3204,21.4186,19.6564,20.4396,20.4396,523437
M10,560,20.7198,21.4595,19.4785,20.8219,20.8219,552020
M10,561,20.6747,21.0157,19.0804,19.268,19.268,531425
M10,562,19.7482,19.8754,17.7047,18.2389,18.2389,489224
M10,563,17.8479,17.8479,16.4323,17.1316,17.1316,677637
M10,564,17.1939,18.6047,17.0069,17.4064,17.4064,592033
M10,565,17.1083,18.3425,16.9381,17.287,17.287,562161
M10,566,17.9383,23.1541,17.5494,21.4042,21.4042,912468
M10,567,21.0443,24.7086,19.9501,24.0385,24.0385,856771
M10,568,22.0832,23.903,21.3976,22.0747,22.0747,675040
M10,569,22.4034,23.1689,20.0219,20.0984,20.0984,659539
M10,570,20.5512,22.3695,20.0776,21.2193,21.2193,735460
M10,571,22.4235,24.1983,19.2579,19.42,19.42,1021932
M10,572,20.8996,21.0186,18.7162,19.039,19.039,605783
M10,573,19.0707,19.6847,17.0152,17.1517,17.1517,673761
M10,574,17.5826,17.7269,16.2928,16.8613,16.8613,498712
M10,575,17.1698,17.4936,16.5478,16.9312,16.9312,284250
M10,576,16.9853,17.1721,14.7008,15.5161,15.5161,202205
M10,577,15.0936,15.1958,-34.3246,-32.0346,-32.0346,207919
M10,578,-11.9396,11.8202,-14.2764,8.5368,8.5368,1954920
M10,579,11.1489,13.7492,8.7186,11.7097,11.7097,1045550
M10,580,12.0245,15.4624,11.3047,13.9721,13.9721,691434
M10,581,14.2649,15.2765,13.2957,14.4009,14.4009,474655
M10,582,14.3551,14.4744,10.127,10.8942,10.8942,539373
M10,583,10.9787,11.5971,8.5305,10.4535,10.4535,772008
M10,584,11.258,14.1505,10.6845,12.7,12.7,462648
M10,585,13.2977,16.5285,13.1361,16.0184,16.0184,449484
M10,586,16.1945,17.4193,15.3695,16.8239,16.8239,344473
M10,587,16.279,18.2468,15.376,17.3694,17.3694,272005
M10,588,18.2359,21.8848,18.1414,21.0863,21.0863,324221
M10,589,21.6955,22.1715,19.1961,20.3948,20.3948,338152
M10,590,20.4959,22.7506,19.5175,20.0365,20.0365,259844
M10,591,19.8485,21.2425,19.772,21.03,21.03,176486
M10,592,20.9166,21.8475,20.2162,20.6177,20.6177,148752
M10,593,20.8704,22.3533,20.6403,21.9698,21.9698,195365
M10,594,21.4522,22.4273,21.0197,21.4437,21.4437,134590
M10,595,21.7076,23.7459,21.3849,23.4061,23.4061,139922
M10,596,23.4958,25.434,23.1558,25.0175,25.0175,89529
M10,597,25.0948,28.3156,25.0948,27.0409,27.0409,77716
M10,598,27.8679,28.3857,26.6031,27.5878,27.5878,374524
M10,599,27.1503,28.7594,26.8694,28.5125,28.5125,341975
M10,600,28.5219,29.4831,28.2922,28.8536,28.8536,333708
M10,601,28.9943,29.037,26.2358,28.3965,28.3965,360319
M10,602,28.4975,29.7897,27.7957,29.396,29.396,354670
M10,603,29.0756,29.2289,27.0401,27.9429,27.9429,343968
M10,604,27.3628,29.1614,26.5445,28.7352,28.7352,399510
M10,605,28.7462,30.53,27.6195,30.291,30.291,365772
M10,606,29.9181,30.5044,29.1194,30.1135,30.1135,317438
M10,607,30.3284,31.6077,30.0896,31.3945,31.3945,282772
M10,608,31.2662,32.3859,30.435,31.631,31.631,422112
M10,609,31.2551,31.9864,30.932,31.8078,31.8078,266815
M10,610,32.0529,34.0707,31.8125,33.9591,33.9591,374222
M10,611,33.4831,34.3582,32.2511,32.4465,32.4465,340080
M10,612,32.7916,33.5467,31.805,33.4094,33.4094,315729
M10,613,32.7816,33.9822,32.126,33.7182,33.7182,316083
M10,614,33.3994,33.3994,30.2552,31.0498,31.0498,461839
M10,615,30.8975,31.5195,29.3807,30.8975,30.8975,322883
M10,616,30.7835,31.8344,29.3567,31.7148,31.7148,333552
M10,617,31.571,33.2837,31.0001,32.7043,32.7043,310606
M10,618,32.4145,33.1153,31.7992,32.4402,32.4402,217998
M10,619,32.1887,33.2378,31.6514,33.1269,33.1269,97675
M10,620,33.204,34.6057,32.8194,33.9732,33.9732,50813
M10,621,33.4034,34.6993,33.3522,34.4946,34.4946,298367
M10,622,34.874,35.6884,34.0853,34.6082,34.6082,315067
M10,623,34.0254,34.4934,31.7451,32.3407,32.3407,425746
M10,624,32.4764,33.4835,31.6485,33.0482,33.0482,399982
M10,625,33.4338,33.6561,32.3219,32.9206,32.9206,290698
M10,626,32.3287,33.9724,31.9369,33.8105,33.8105,285762
M10,627,33.7673,34.1421,33.0943,33.4521,33.4521,292063
M10,628,34.0725,34.7054,33.3969,34.0554,34.0554,342245
M10,629,33.8951,34.7131,33.6225,34.6364,34.6364,278885
M10,630,34.3439,34.9392,33.8846,34.5565,34.5565,321556
M10,631,34.7223,34.9528,34.0565,34.6711,34.6711,233902
M10,632,34.4638,34.9747,34.3106,34.8214,34.8214,229745
M10,633,34.8975,34.9999,33.5313,33.8301,33.8301,303017
M10,634,33.84,34.8574,32.9508,34.6694,34.6694,330397
M10,635,34.4132,34.7287,33.6626,34.2,34.2,278051
M10,636,33.8613,34.6907,33.4081,34.4513,34.4513,368658
M10,637,34.6365,35.2429,34.235,35.1917,35.1917,277499
M10,638,35.238,35.4187,34.851,35.0488,35.0488,180360
M10,639,34.9418,35.0963,34.3411,34.8303,34.8303,74416
M10,640,34.7137,34.9443,34.0218,34.8589,34.8589,55984
M10,641,35.0821,36.5924,35.0735,36.2127,36.2127,330894
M10,642,35.3468,35.7638,35.0064,35.6531,35.6531,321724
M10,643,35.9461,36.2974,34.9864,35.1921,35.1921,330494
M10,644,35.1682,35.6907,34.8256,35.3652,35.3652,309946
M10,645,35.1665,35.6438,34.5017,35.4562,35.4562,334191
M10,646,35.4588,35.6971,34.7777,34.9394,34.9394,245704
M10,647,35.0329,35.4077,34.8625,35.1521,35.1521,263043
M10,648,35.3889,35.4488,33.1621,34.1898,34.1898,396525
M10,649,34.5287,34.7085,33.9467,34.4688,34.4688,262837
M10,650,34.4524,35.1775,33.7615,34.9813,34.9813,311058
M10,651,34.8445,35.9553,34.2977,35.6306,35.6306,378625
M10,652,35.3213,36.987,35.2448,35.8567,35.8567,427446
M10,653,35.8591,36.2501,35.3661,35.6551,35.6551,320157
M10,654,35.9161,36.13,35.1373,35.2743,35.2743,358243
M10,655,35.4692,36.1786,35.1872,35.8453,35.8453,298892
M10,656,35.9965,36.8197,35.5678,35.6793,35.6793,361752
M10,657,35.6142,36.7095,35.5372,36.5127,36.5127,313373
M10,658,36.3283,36.5588,35.9187,36.0467,36.0467,273062
M10,659,36.0566,36.261,35.4518,35.784,35.784,259074
M10,660,36.3458,36.9739,35.9672,36.9051,36.9051,176381
M10,661,36.493,36.6636,35.9131,36.5783,36.5783,95515
M10,662,36.3439,36.7108,36.1392,36.6254,36.6254,69527
M10,663,36.5533,36.596,35.4928,36.4164,36.4164,329643
M10,664,36.4775,36.6567,35.3767,36.1276,36.1276,297858
M10,665,36.2988,36.6492,36.0852,36.4185,36.4185,245673
M10,666,36.122,37.1538,36.0794,36.9662,36.9662,258982
M10,667,37.3012,37.6364,36.9659,37.3012,37.3012,231044
M10,668,37.2795,37.3224,36.3443,36.9277,36.9277,274248
M10,669,36.6337,37.0087,36.3865,36.6252,36.6252,227014
M10,670,36.3663,36.9257,36.0697,36.1121,36.1121,187863
M10,671,36.5361,37.048,36.4423,36.4764,36.4764,230581
M10,672,36.8875,37.0504,35.3526,35.5927,35.5927,349231
M10,673,35.4959,35.6324,34.2937,35.2742,35.2742,347189
M10,674,35.3093,35.84,33.683,34.0425,34.0425,363257
M10,675,33.7011,33.795,30.8414,31.3792,31.3792,591371
M10,676,31.4955,32.9166,30.9561,32.5741,32.5741,392722
M10,677,32.3814,32.7069,31.6361,31.9531,31.9531,298494
M10,678,31.5065,32.196,31.217,31.7789,31.7789,331180
M10,679,31.9532,32.2614,31.5251,31.9018,31.9018,300787
M10,680,31.7018,32.7987,31.5147,32.5521,32.5521,291610
M10,681,32.7455,34.4447,32.7455,34.291,34.291,299108
M10,682,34.0974,34.9712,33.4441,34.7591,34.7591,213157
M10,683,34.9548,35.3984,34.3831,35.0742,35.0742,67503
M10,684,34.9669,35.2143,32.9873,33.5419,33.5419,60314
M10,685,33.7297,34.0617,33.1935,33.7042,33.7042,220899
M10,686,33.8606,34.7037,33.4347,34.0053,34.0053,264460
M10,687,33.8284,34.4862,33.4183,34.4349,34.4349,213699
M10,688,34.3476,34.7667,33.9711,34.4331,34.4331,201128
M10,689,34.2335,34.8571,33.9857,34.6863,34.6863,215398
M10,690,34.6614,34.7639,32.8079,33.5596,33.5596,344552
M10,691,33.5104,34.5458,33.0996,34.4174,34.4174,314029
M10,692,33.8494,34.3329,31.9066,32.8483,32.8483,366007
M10,693,33.1374,33.1804,31.4462,31.8068,31.8068,341948
M10,694,31.7288,34.0613,31.7288,33.6325,33.6325,348474
M10,695,33.5958,34.885,33.3824,34.7228,34.7228,338708
M10,696,33.863,34.3051,33.3954,33.965,33.965,348707
M10,697,34.2544,35.4022,34.0573,35.2822,35.2822,351589
M10,698,35.2573,35.3938,34.4635,34.6513,34.6513,269120
M10,699,34.488,34.5307,33.327,33.66,33.66,278425
M10,700,33.5897,34.4394,33.4368,34.159,34.159,301583
M10,701,34.1955,35.0208,33.8807,34.9187,34.9187,260735
M10,702,34.8223,34.9578,33.2052,34.6784,34.6784,226664
M10,703,34.9005,35.0457,34.2175,34.9005,34.9005,81735
M10,704,34.6309,35.082,34.5033,34.7501,34.7501,63365
M10,705,34.7813,35.6797,34.439,35.4743,35.4743,330122
M10,706,35.2321,35.5483,34.0013,34.215,34.215,300513
M10,707,34.219,35.0565,33.9369,34.7317,34.7317,279615
M10,708,34.8317,35.0976,33.9397,34.1799,34.1799,230240
M10,709,33.7993,33.8419,32.5986,32.8371,32.8371,338000
M10,710,32.9842,34.0441,32.9158,33.8218,33.8218,300237
M10,711,33.2985,33.3326,31.5895,31.9484,31.9484,375068
M10,712,31.9191,32.235,29.8105,30.8777,30.8777,562313
M10,713,30.7781,31.2303,30.0442,30.5391,30.5391,316350
M10,714,29.9228,31.5446,28.5642,31.2559,31.2559,380802
M10,715,31.6041,32.705,31.2115,32.1417,32.1417,342285
M10,716,32.4592,33.3951,31.7019,33.31,33.31,394934
M10,717,33.3438,33.497,32.5776,33.0203,33.0203,257567
M10,718,32.9415,33.0013,31.6765,31.7448,31.7448,355650
M10,719,31.9996,35.4189,31.8453,34.5277,34.5277,520357
M10,720,34.1122,35.7618,33.6848,35.3516,35.3516,392200
M10,721,35.4916,36.5702,35.0924,35.2028,35.2028,407807
M10,722,35.4854,36.1015,34.972,35.1859,35.1859,334580
M10,723,34.9288,34.9288,34.178,34.2377,34.2377,259340
M10,724,34.295,35.9342,34.278,35.2939,35.2939,291045
M10,725,35.355,35.5683,34.6127,35.3465,35.3465,195378
M10,726,35.1439,36.0873,34.9144,35.5434,35.5434,89558
M10,727,35.2639,35.5775,34.8147,35.3741,35.3741,72632
M10,728,35.7349,36.2662,35.572,36.1205,36.1205,237208
M10,729,36.1686,36.9352,36.0238,36.6797,36.6797,259436
M10,730,36.5321,38.5446,36.515,38.2973,38.2973,325786
M10,731,38.3337,39.5654,38.2568,39.0949,39.0949,352917
M10,732,38.9251,39.0862,37.7802,38.6113,38.6113,281349
M10,733,38.4372,38.8271,37.6572,38.4372,38.4372,328688
M10,734,38.5323,39.0623,37.7118,38.0793,38.0793,271792
M10,735,37.985,39.3031,37.5913,38.7553,38.7553,306715
M10,736,38.5886,39.3176,38.3055,39.1461,39.1461,276973
M10,737,38.9117,39.7984,38.8861,39.4403,39.4403,273284
M10,738,39.1978,39.5291,38.5268,38.8666,38.8666,306418
M10,739,39.0879,39.3191,38.6428,39.0366,39.0366,281417
M10,740,38.6925,39.2356,38.141,38.6246,38.6246,349662
M10,741,38.9927,40.7422,38.8476,39.9229,39.9229,378446
M10,742,40.3498,40.6247,39.8086,40.0062,40.0062,308456
M10,743,40.0926,40.7018,39.2004,40.3157,40.3157,352187
M10,744,39.7703,40.3966,39.3895,40.3035,40.3035,272629
M10,745,40.5352,40.8247,40.169,40.7225,40.7225,250250
M10,746,41.0726,41.7078,41.0382,41.5103,41.5103,78284
M10,747,41.4758,42.2037,41.1932,42.0496,42.0496,69776
M10,748,40.9919,41.051,38.9989,40.3163,40.3163,369627
M10,749,40.9309,40.9566,39.7951,40.1538,40.1538,257853
M10,750,39.9552,41.4154,39.4172,41.0909,41.0909,291095
M10,751,41.2041,41.6582,40.75,41.3241,41.3241,129939
M10,752,41.2846,41.9095,40.6598,40.7625,40.7625,186231
M10,753,40.8756,41.4153,40.8414,41.1155,41.1155,176684
M10,754,41.4375,41.8938,40.9898,41.6699,41.6699,224781
M10,755,41.4489,41.6461,40.9517,41.5946,41.5946,152153
M10,756,41.3152,42.5359,40.2738,40.6494,40.6494,474085
M10,757,40.6048,43.0215,40.4848,42.7901,42.7901,582972
M10,758,42.73,43.6906,42.4383,43.4247,43.4247,409473
M10,759,43.2013,43.8425,43.0816,43.4578,43.4578,328513
M10,760,43.488,45.042,43.3855,44.6066,44.6066,409610
M10,761,44.9539,45.0565,44.0305,44.6718,44.6718,336338
M10,762,44.8022,45.8926,44.7077,45.6865,45.6865,329522
M10,763,45.7808,46.3132,45.1539,45.4373,45.4373,368611
M10,764,45.5681,46.3529,45.0507,46.1977,46.1977,307723
M10,765,46.0031,46.0288,44.3186,44.7718,44.7718,144378
M10,766,44.4097,45.3747,44.2047,45.2466,45.2466,101339
M10,767,45.5917,46.1581,45.5231,45.6861,45.6861,331272
M10,768,45.2019,45.6119,45.0482,45.3727,45.3727,304031
M10,769,45.2231,45.2742,43.8093,44.5162,44.5162,367878
M10,770,44.5565,45.2227,44.2576,45.0689,45.0689,295090
M10,771,45.4952,45.7876,44.9621,45.2373,45.2373,272525
M10,772,45.1229,45.5847,44.3446,45.1999,45.1999,358395
M10,773,44.8289,45.6208,44.3095,44.565,44.565,345621
M10,774,44.8091,45.7543,44.6201,44.8521,44.8521,361074
M10,775,44.8374,46.3466,44.5355,46.1828,46.1828,393760
M10,776,45.8893,47.4167,45.8636,46.9876,46.9876,383463
M10,777,46.9491,48.0407,46.7444,47.4949,47.4949,389838
M10,778,47.8327,48.3626,47.2685,48.0635,48.0635,307616
M10,779,48.2525,48.9619,48.2269,48.5858,48.5858,318941
M10,780,48.7072,49.6291,48.6559,49.4839,49.4839,350411
M10,781,49.5109,49.9455,48.7952,49.7239,49.7239,421554
M10,782,49.985,50.3784,49.6686,50.1817,50.1817,402727
M10,783,49.7563,50.0204,49.2792,49.6199,49.6199,301441
M10,784,49.5571,51.1651,49.1038,50.8657,50.8657,405744
M10,785,51.1606,51.988,50.6062,51.2203,51.2203,508500
M10,786,51.1959,52.4622,50.5075,51.9608,51.9608,289371
M10,787,52.8869,53.3842,51.2663,51.8923,51.8923,104195
M10,788,51.7395,51.8169,50.3558,50.9144,50.9144,91128
M10,789,50.3364,52.8668,50.2851,52.5676,52.5676,396510
M10,790,52.9174,53.6325,51.6489,52.5002,52.5002,459244
M10,791,52.0982,53.9852,51.8262,53.7387,53.7387,421250
M10,792,53.9327,54.2901,53.3031,54.0518,54.0518,399956
M10,793,54.1408,54.2346,52.3321,52.4686,52.4686,390176
M10,794,53.0807,53.9118,51.3756,51.9583,51.9583,381011
M10,795,51.7012,52.5424,50.9715,51.2891,51.2891,366632
M10,796,51.0238,53.1145,50.7582,52.5061,52.5061,394422
M10,797,52.0634,55.2854,51.5861,54.4074,54.4074,587321
M10,798,54.8385,56.7701,54.5478,56.488,56.488,487956
M10,799,57.2437,58.3597,55.4323,55.8444,55.8444,446442
M10,800,55.514,56.586,54.5706,54.8965,54.8965,489509
M10,801,54.8742,55.8369,54.2639,55.3899,55.3899,425708
M10,802,55.1733,56.461,55.0369,56.299,56.299,373710
M10,803,56.4432,56.6828,55.9725,56.1437,56.1437,290516
M10,804,56.0803,56.7988,54.857,55.9349,55.9349,307780
M10,805,56.3252,56.4114,55.0061,55.8682,55.8682,295250
M10,806,55.2057,55.7087,54.2252,55.0778,55.0778,223935
M10,807,54.9273,55.2683,49.6238,51.1586,51.1586,124979
M10,808,50.8519,52.6961,50.3226,52.44,52.44,76779
M10,809,52.599,52.8981,51.6077,52.599,52.599,320445
M10,810,52.1777,52.2373,48.7463,49.1806,49.1806,591640
M10,811,48.8994,52.2559,48.8057,52.1196,52.1196,464095
M10,812,52.0183,52.0696,49.1436,50.1018,50.1018,551141
M10,813,49.8647,52.3204,49.7283,51.9879,51.9879,399071
M10,814,52.1374,52.8561,50.8367,52.6764,52.6764,415629
M10,815,52.7905,53.0546,51.0694,51.5891,51.5891,302610
M10,816,51.7954,52.4123,50.4245,50.6901,50.6901,353259
M10,817,51.2171,53.1628,50.6747,52.9045,52.9045,544184
M10,818,52.5869,52.5869,49.2778,50.15,50.15,385577
M10,819,50.2387,52.0329,50.0849,50.6915,50.6915,388904
M10,820,50.4202,51.0838,49.4502,50.8541,50.8541,424482
M10,821,51.064,51.4157,50.4634,51.1326,51.1326,359157
M10,822,51.0345,51.1967,50.4708,50.6587,50.6587,292015
M10,823,50.5573,51.7669,50.0291,50.8554,50.8554,341839
M10,824,50.9121,51.7231,50.9121,51.3731,51.3731,311861
M10,825,51.5938,54.1548,51.5426,53.9072,53.9072,334735
M10,826,53.5978,54.2291,53.3419,54.1353,54.1353,211870
M10,827,54.0682,54.5464,53.6498,53.906,53.906,75426
M10,828,54.02,54.5776,53.7198,54.3631,54.3631,58748
M10,829,54.1674,54.833,52.4861,53.2883,53.2883,412436
M10,830,53.1947,53.3397,51.8902,52.308,52.308,328135
M10,831,52.2192,52.8686,51.792,52.4927,52.4927,282925
M10,832,52.562,53.2271,52.221,52.9798,52.9798,266079
M10,833,52.9132,53.1263,51.7195,52.7853,52.7853,322591
M10,834,52.8486,53.9829,52.7975,53.6759,53.6759,310397
M10,835,53.7735,55.0445,53.4579,54.473,54.473,311971
M10,836,54.1876,55.6933,54.145,55.302,55.302,325635
M10,837,55.2005,55.2601,53.6691,54.0945,54.0945,340827
M10,838,54.3154,55.203,53.6923,55.0408,55.0408,258598
M10,839,54.8088,56.2187,54.605,55.7941,55.7941,321112
M10,840,56.5734,56.8374,55.2708,55.8753,55.8753,359571
M10,841,55.4216,56.0245,54.7678,54.9461,54.9461,311809
M10,842,55.1041,55.3928,54.2551,55.1041,55.1041,364482
M10,843,55.8824,56.0358,54.5018,55.3284,55.3284,388744
M10,844,55.2406,55.7513,54.2022,55.564,55.564,417287
M10,845,55.8835,56.8824,55.4652,56.4128,56.4128,467737
M10,846,55.8897,55.9407,53.6286,54.2492,54.2492,423148
M10,847,54.3794,55.9044,53.9535,55.6914,55.6914,327579
M10,848,56.1679,56.9654,55.5934,56.8282,56.8282,214899
M10,849,56.6428,57.2235,54.747,55.9255,55.9255,148308
M10,850,55.5135,55.573,52.6817,53.8808,53.8808,87108
M10,851,54.181,54.6682,52.8989,53.0357,53.0357,434385
M10,852,53.0492,54.9178,52.7664,54.4978,54.4978,463610
M10,853,54.5631,56.5023,54.3581,56.4254,56.4254,385194
M10,854,56.3232,56.7412,55.8028,56.3658,56.3658,409116
M10,855,56.7469,57.0821,56.0681,56.893,56.893,340606
M10,856,56.686,57.3371,56.0948,57.2771,57.2771,293799
M10,857,57.2899,57.7777,56.6225,56.7508,56.7508,346325
M10,858,56.707,58.5694,56.4774,57.5914,57.5914,462278
M10,859,57.9402,58.8009,57.7612,58.656,58.656,276781
M10,860,58.735,59.2817,58.2481,58.7777,58.7777,304853
M10,861,58.7524,59.4771,58.2579,59.3578,59.3578,274786
M10,862,59.3451,59.7548,58.8414,59.0975,59.0975,333173
M10,863,58.9965,59.8309,58.2983,59.6436,59.6436,344751
M10,864,59.4036,59.9212,58.9369,59.3612,59.3612,337471
M10,865,59.7167,60.4785,58.7922,60.1704,60.1704,412806
M10,866,59.7634,60.7353,59.4054,60.454,60.454,474637
M10,867,60.3721,61.3377,60.3721,60.5686,60.5686,277412
M10,868,60.7494,61.8849,60.4506,61.569,61.569,270567
M10,869,61.8385,62.2995,61.1216,61.5825,61.5825,328639
M10,870,61.0142,61.5678,59.4133,60.4948,60.4948,323920
M10,871,61.1574,62.0777,60.3488,61.6218,61.6218,120828
M10,872,60.7703,62.8436,60.4559,62.5887,62.5887,110607
M10,873,62.9586,63.4217,62.5555,62.6584,62.6584,392234
M10,874,62.3418,63.4875,62.2648,62.4871,62.4871,362202
M10,875,62.6213,62.9033,61.8009,62.6384,62.6384,288138
M10,876,62.7167,63.4523,62.3147,63.3411,63.3411,293213
M10,877,63.432,63.8264,62.2575,62.5061,62.5061,297359
M10,878,61.7719,62.6461,61.0844,61.9416,61.9416,275001
M10,879,62.4317,63.001,61.8793,62.4317,62.4317,305915
M10,880,62.3558,64.6634,62.2625,63.8235,63.8235,527764
M10,881,63.7846,64.2948,63.266,63.9037,63.9037,321639
M10,882,64.5163,65.912,62.4529,62.821,62.821,608747
M10,883,63.3032,64.169,60.9202,61.8889,61.8889,462228
M10,884,61.722,62.6542,60.5161,62.3805,62.3805,464037
M10,885,62.6807,63.9641,62.2187,63.793,63.793,376509
M10,886,64.1175,64.2805,62.7621,63.5685,63.5685,329492
M10,887,63.4157,64.5612,62.9882,64.3304,64.3304,402227
M10,888,64.149,64.3794,61.6229,62.408,62.408,393741
M10,889,62.2985,62.2985,60.9665,61.1799,61.1799,305819
M10,890,61.4602,62.1653,60.5402,61.744,61.744,119427
M10,891,61.4807,61.6355,56.4412,57.1206,57.1206,70390
M10,892,56.8147,57.7104,55.6289,57.5142,57.5142,496351
M10,893,56.9679,60.4486,56.9594,60.2686,60.2686,417834
M10,894,60.0389,61.5864,59.7311,61.4838,61.4838,355981
M10,895,61.5111,61.94,61.2366,61.8199,61.8199,234026
M10,896,61.6778,61.8914,60.2935,61.4471,61.4471,356042
M10,897,62.2066,62.3014,61.2247,61.7157,61.7157,280306
M10,898,61.6496,62.2498,61.4781,62.0697,62.0697,252618
M10,899,62.5918,63.6984,62.4708,63.6465,63.6465,253133
M10,900,63.29,63.9969,62.8762,63.7555,63.7555,257875
M10,901,63.7294,63.7639,60.8322,61.4444,61.4444,356464
M10,902,61.5321,61.9107,59.5275,60.7062,60.7062,454266
M10,903,60.3517,60.7723,58.2319,58.4893,58.4893,454348
M10,904,58.1427,59.2448,57.7583,59.0226,59.0226,363343
M10,905,59.2466,60.1378,58.0983,58.5097,58.5097,415690
M10,906,58.0765,58.0937,55.7408,56.8787,56.8787,547811
M10,907,57.4207,59.1816,57.1716,58.6576,58.6576,348161
M10,908,58.5648,59.3683,56.9919,59.1973,59.1973,464039
M10,909,59.1838,59.4057,58.4159,58.9534,58.9534,305366
M10,910,58.9633,59.2285,57.9878,58.5611,58.5611,223817
M10,911,58.6284,58.637,56.5631,57.9056,57.9056,298371
M10,912,57.6943,57.9424,56.7531,56.9756,56.9756,191431
M10,913,56.9158,57.6852,55.001,55.9584,55.9584,97029
M10,914,55.392,55.5464,53.7194,54.6286,54.6286,73944
M10,915,55.1545,55.1975,53.4839,53.6647,53.6647,317088
M10,916,53.1873,56.6553,52.9984,56.3462,56.3462,285254
M10,917,55.9899,57.9206,55.8788,57.6984,57.6984,274883
M10,918,58.1797,58.9625,57.5689,58.8077,58.8077,288974
M10,919,58.6624,58.9298,57.817,58.1621,58.1621,289136
M10,920,58.0317,59.1452,57.8346,58.8796,58.8796,285140
M10,921,58.8768,59.1656,57.4919,58.8003,58.8003,343580
M10,922,59.2347,59.3716,58.3613,58.6524,58.6524,281791
M10,923,59.028,59.6222,57.7967,59.0625,59.0625,304885
M10,924,58.3979,60.3818,58.013,59.8516,59.8516,350690
M10,925,59.8617,60.5224,59.2524,59.4584,59.4584,271120
M10,926,59.3059,59.6234,58.0444,58.6537,58.6537,414245
M10,927,58.6287,59.8121,58.5773,59.4262,59.4262,331795
M10,928,59.4396,59.8938,57.8971,58.3941,58.3941,481546
M10,929,58.2131,59.9175,57.9648,59.7119,59.7119,354037
M10,930,59.7073,60.7604,59.5104,60.3152,60.3152,338408
M10,931,60.5881,61.0856,60.022,60.4337,60.4337,345685
M10,932,60.5861,62.6239,60.4919,62.1701,62.1701,357733
M10,933,61.8767,62.1663,60.9228,61.8427,61.8427,247893
M10,934,62.3927,62.4786,61.1813,61.8342,61.8342,97541
M10,935,61.1673,61.3034,59.4153,59.781,59.781,63138
M10,936,60.969,61.8673,60.1744,60.9431,60.9431,386035
M10,937,60.4777,61.7155,60.2985,61.6557,61.6557,337590
M10,938,61.6687,62.9797,61.3602,62.8083,62.8083,358937
M10,939,62.2729,63.1487,61.9073,62.9021,62.9021,289237
M10,940,63.6661,65.0048,63.6403,64.7473,64.7473,352811
M10,941,64.1433,65.1978,63.1314,64.0242,64.0242,400657
M10,942,63.3157,64.516,62.7709,63.6988,63.6988,338592
M10,943,64.1482,65.2548,62.7413,64.3626,64.3626,510730
M10,944,64.9933,65.746,64.2233,65.6509,65.6509,331439
M10,945,65.0298,67.1546,64.5329,66.5035,66.5035,397872
M10,946,66.6099,68.2413,66.5155,67.769,67.769,359105
M10,947,67.6235,68.2566,65.7327,66.2461,66.2461,412764
M10,948,66.2992,67.9266,64.5427,67.4186,67.4186,477582
M10,949,67.1098,68.1736,66.9141,67.5268,67.5268,547472
M10,950,67.7283,69.9323,67.6943,68.5197,68.5197,568507
M10,951,69.2262,70.1894,68.3405,69.3466,69.3466,541095
M10,952,68.6524,69.0443,67.6641,68.5331,68.5331,412501
M10,953,69.2123,70.1484,69.0319,69.8306,69.8306,367261
M10,954,69.3863,70.3911,69.3096,70.0675,70.0675,212529
M10,955,70.5522,71.637,69.9031,70.4155,70.4155,109603
M10,956,70.5516,71.725,70.0633,71.0569,71.0569,67621
M10,957,71.329,72.1079,69.583,71.7827,71.7827,458949
M10,958,71.3746,71.6991,68.9921,70.4524,70.4524,489720
M10,959,71.1011,72.4868,70.3695,72.0909,72.0909,373328
M10,960,71.8452,73.0686,71.3404,71.657,71.657,474052
M10,961,71.5652,72.5568,70.9241,72.3602,72.3602,396930
M10,962,72.1262,72.2288,70.0921,70.6476,70.6476,457012
M10,963,70.4547,71.277,69.0242,70.9344,70.9344,430539
M10,964,71.0806,71.6367,69.6434,71.4912,71.4912,374779
M10,965,71.5539,72.8586,71.0217,72.1461,72.1461,348186
M10,966,72.1263,72.5907,71.3094,72.1607,72.1607,363208
M10,967,71.7263,71.7349,68.8079,69.8181,69.8181,427029
M10,968,68.5421,71.3118,66.8922,67.3709,67.3709,610640
M10,969,68.0336,70.1166,67.6822,69.6623,69.6623,435907
M10,970,69.5831,70.904,69.5145,70.2693,70.2693,313374
M10,971,70.2039,72.3144,69.8792,71.9043,71.9043,384931
M10,972,72.165,72.5406,68.9892,69.4416,69.4416,468870
M10,973,69.6203,70.4071,68.5855,69.7742,69.7742,415687
M10,974,69.6019,69.9532,68.3763,69.2419,69.2419,348477
M10,975,69.0273,69.4894,67.8634,69.2155,69.2155,305887
M10,976,69.4244,70.1793,68.6524,69.2786,69.2786,275847
M10,977,68.6904,68.8183,66.2597,66.8311,66.8311,140236
M10,978,66.8915,67.7625,65.8157,67.4636,67.4636,78294
M10,979,67.6343,68.6304,64.7232,65.35,65.35,516625
M10,980,64.3605,65.5585,63.5193,65.2101,65.2101,431183
M10,981,65.0681,67.1106,64.081,66.8042,66.8042,442389
M10,982,67.1294,67.7709,66.7017,67.0524,67.0524,284086
M10,983,67.4851,67.7521,58.0609,58.707,58.707,800060
M10,984,59.1083,62.2673,58.7924,59.723,59.723,559004
M10,985,59.8914,60.9005,55.0943,56.5907,56.5907,605629
M10,986,57.0775,59.1899,55.2291,55.8509,55.8509,510362
M10,987,55.9439,57.5293,53.2161,56.6855,56.6855,582815
M10,988,57.7622,59.234,56.1363,56.7011,56.7011,402366
M10,989,57.2282,59.9009,56.972,59.3373,59.3373,327703
M10,990,59.7212,62.5565,59.5499,61.7171,61.7171,444125
M10,991,61.351,62.3243,60.54,61.7779,61.7779,379765
M10,992,62.1841,62.8873,60.3577,60.8293,60.8293,299187
M10,993,60.5315,61.9446,60.2232,61.3794,61.3794,350252
M10,994,61.6423,62.4637,60.5043,61.0005,61.0005,363745
M10,995,60.6735,61.4499,59.3,60.3408,60.3408,304779
M10,996,59.5739,60.6833,58.761,60.0143,60.0143,249680
M10,997,61.0288,62.318,60.6446,61.7972,61.7972,106502
M10,998,61.4839,61.7746,59.7485,60.5777,60.5777,69325
M10,999,59.4835,59.4835,56.0624,57.9215,57.9215,428198
M10,1000,59.3132,61.3186,58.7561,60.9501,60.9501,309437
M10,1001,61.3525,62.9795,60.9479,62.6352,62.6352,248225
M10,1002,62.4137,63.1999,61.7641,63.0632,63.0632,226009
M10,1003,63.0383,65.3663,62.3424,64.9196,64.9196,238001
M10,1004,64.8634,65.6745,64.4877,64.8719,64.8719,204577
M10,1005,64.5164,65.6449,63.9395,64.9576,64.9576,241843
M10,1006,65.3267,66.0603,64.6442,65.6764,65.6764,200481
M10,1007,65.5061,65.8649,64.0449,64.267,64.267,212038
M11,0,332.3324,332.3356,329.2729,331.2044,331.2044,52123832
M11,1,330.5596,333.4711,330.2778,332.5551,332.5551,57352876
M11,2,335.0849,338.5599,335.0784,337.7313,337.7313,78172698
M11,3,336.7004,339.2761,336.611,339.2761,339.2761,57788606
M11,4,340.5922,341.309,340.1601,340.525,340.525,51218272
M11,5,342.9621,344.6116,342.7756,344.3126,344.3126,71252216
M11,6,341.0554,341.709,339.305,340.0766,340.0766,85022713
M11,7,344.3406,344.389,342.0519,342.5741,342.5741,74021557
M11,8,342.7869,343.4467,341.8535,343.3534,343.3534,69594956
M11,9,344.0075,344.7105,343.182,343.9011,343.9011,51090851
M11,10,344.5301,345.7953,343.9814,344.6495,344.6495,58487943
M11,11,343.036,344.4108,342.5369,343.3773,343.3773,68332814
M11,12,344.8147,345.0918,342.9745,344.1154,344.1154,76394206
M11,13,343.1697,345.4716,343.0187,345.2016,345.2016,65371937
M11,14,345.2557,346.6554,345.0047,346.5942,346.5942,62119058
M11,15,349.5941,349.6394,347.0601,347.8746,347.8746,72174718
M11,16,345.0477,345.1312,342.6852,342.6852,342.6852,71120697
M11,17,343.3381,345.1594,341.2659,342.4339,342.4339,67715631
M11,18,342.6355,344.9959,342.507,344.3986,344.3986,55348320
M11,19,345.8736,345.9316,344.5233,344.7747,344.7747,53709971
M11,20,343.8876,345.0592,342.2319,342.7354,342.7354,74193495
M11,21,342.3285,343.0336,341.5913,342.219,342.219,79398383
M11,22,342.8929,344.1294,339.1997,340.1856,340.1856,77901507
M11,23,339.9295,340.1291,336.0043,336.0139,336.0139,72918285
M11,24,333.9787,334.2208,331.1874,331.6488,331.6488,72858923
M11,25,320.4016,327.7744,320.3951,323.7631,323.7631,143329782
M11,26,326.1356,330.4916,324.4029,329.6591,329.6591,101111328
M11,27,328.534,329.7059,322.882,324.0927,324.0927,96508482
M11,28,323.5537,324.9261,318.7418,320.4258,320.4258,114331065
M11,29,322.332,324.3065,321.1977,322.7747,322.7747,71418110
M11,30,322.3132,322.7805,319.848,319.848,319.848,65903234
M11,31,320.4758,322.8417,317.1404,321.5609,321.5609,83925749
M11,32,323.9706,325.9208,323.2831,324.3337,324.3337,81715709
M11,33,327.9756,330.4341,327.8625,329.8429,329.8429,73339046
M11,34,329.5161,329.5161,326.7128,327.1376,327.1376,46848385
M11,35,328.5091,330.3062,327.9079,330.1349,330.1349,69259851
M11,36,327.6788,329.2347,326.2902,329.0514,329.0514,61098094
M11,37,326.144,329.7824,326.0861,329.1331,329.1331,71992729
M11,38,331.972,332.9018,330.7215,332.6297,332.6297,53113021
M11,39,335.9153,337.2271,335.6061,336.2343,336.2343,56584886
M11,40,333.8004,334.0034,331.7673,332.5438,332.5438,65363870
M11,41,331.0927,333.2502,330.7997,331.1442,331.1442,77762243
M11,42,330.5493,331.1768,326.7816,327.6857,327.6857,92885709
M11,43,327.4977,327.7502,322.0933,323.0318,323.0318,93476738
M11,44,318.9972,322.9188,318.9908,322.3998,322.3998,88892945
M11,45,328.24,329.1602,327.0023,327.0056,327.0056,67601082
M11,46,324.573,327.5462,323.7272,326.9102,326.9102,70448099
M11,47,326.4632,331.4476,326.3891,330.8318,330.8318,70923996
M11,48,332.2993,335.1737,332.202,334.2523,334.2523,59684736
M11,49,332.3942,332.7697,330.4492,331.3479,331.3479,56262569
M11,50,332.2683,333.2167,328.1373,329.1724,329.1724,70778784
M11,51,329.7003,331.5635,328.5205,329.1104,329.1104,64268634
M11,52,329.3097,330.3286,327.9534,329.8915,329.8915,68918334
M11,53,328.3188,330.5752,328.3028,329.4902,329.4902,146475047
M11,54,331.161,331.1739,327.9613,328.7451,328.7451,53550759
M11,55,330.898,332.4666,329.5303,332.1976,332.1976,59377312
M11,56,331.4391,331.4585,329.2558,330.5509,330.5509,60065803
M11,57,327.5457,329.59,322.8962,325.5757,325.5757,81772664
M11,58,324.4232,325.1725,320.8553,323.1615,323.1615,81508719
M11,59,323.5201,324.7445,319.5781,320.9871,320.9871,67154261
M11,60,323.75,324.5298,322.1583,322.8543,322.8543,69294597
M11,61,321.829,325.8157,319.7968,325.8157,325.8157,84604145
M11,62,325.9975,327.9068,324.6042,326.3071,326.3071,71007484
M11,63,323.6257,325.3921,322.2357,324.4622,324.4622,68614074
M11,64,325.3043,325.9688,321.5659,324.3399,324.3399,71899445
M11,65,327.5407,331.3819,327.303,331.0897,331.0897,79068694
M11,66,331.0099,332.3925,330.3943,331.1356,331.1356,63728934
M11,67,330.8941,331.8586,329.5117,330.6401,330.6401,60795096
M11,68,333.0089,333.8101,332.2495,333.6782,333.6782,71726757
M11,69,333.9546,334.1998,332.1092,332.9416,332.9416,63134906
M11,70,333.5998,335.0757,332.5341,334.9174,334.9174,68981032
M11,71,337.8598,338.8292,336.9717,337.6256,337.6256,61055661
M11,72,335.7258,335.7582,334.1716,335.0375,335.0375,50855504
M11,73,336.4792,339.29,336.0388,338.3703,338.3703,68741749
M11,74,337.1026,338.2147,336.8447,338.147,338.147,66553758
M11,75,339.5441,339.7025,338.3836,338.9008,338.9008,58483924
M11,76,337.7193,339.1427,336.7275,338.1283,338.1283,72208822
M11,77,339.0504,340.8685,338.1543,340.7908,340.7908,59070678
M11,78,339.8251,341.1825,339.3436,341.0015,341.0015,71674456
M11,79,339.894,341.3425,338.3192,339.8551,339.8551,71633956
M11,80,339.2493,342.1923,338.6762,341.8912,341.8912,81868356
M11,81,343.0087,344.6105,342.9534,344.3993,344.3993,68532657
M11,82,342.2577,344.5444,342.086,344.4796,344.4796,67752307
M11,83,343.8778,345.5261,343.7418,344.3247,344.3247,81701621
M11,84,342.9805,343.459,341.4155,342.1107,342.1107,64333067
M11,85,341.4847,342.9008,341.3427,342.9008,342.9008,69683903
M11,86,341.916,343.1328,341.5845,343.1328,343.1328,38920079
M11,87,343.2049,344.0493,342.0253,343.8011,343.8011,64576099
M11,88,345.9431,346.3186,345.3734,346.3186,346.3186,77474338
M11,89,346.2852,346.8746,345.4984,346.6188,346.6188,51790488
M11,90,343.9353,344.4756,343.3886,344.3245,344.3245,54466455
M11,91,347.519,347.8404,346.7691,347.756,347.756,73329784
M11,92,344.9594,346.609,344.756,345.8955,345.8955,76916987
M11,93,344.3819,345.5982,344.0279,345.4469,345.4469,71191541
M11,94,346.6729,349.6387,346.5793,349.6387,349.6387,76443202
M11,95,349.0,350.7618,348.2997,348.9386,348.9386,87087218
M11,96,348.0706,349.9144,348.0706,348.8865,348.8865,65296913
M11,97,350.8016,351.8893,350.3336,350.9824,350.9824,78910576
M11,98,350.0662,350.0662,345.8996,347.1744,347.1744,98925945
M11,99,349.3083,350.4393,346.2587,347.4967,347.4967,80108694
M11,100,348.1846,349.2554,345.1567,346.7257,346.7257,76252343
M11,101,350.1711,350.7114,346.057,347.1311,347.1311,52549322
M11,102,341.8432,342.4886,336.9513,339.7361,339.7361,97232811
M11,103,339.6427,340.7763,338.0183,340.3694,340.3694,78710136
M11,104,340.8027,341.7673,337.6155,338.4188,338.4188,116480188
M11,105,343.4343,345.7397,343.4343,344.5984,344.5984,81303969
M11,106,345.0091,345.5624,344.3296,344.6014,344.6014,66806806
M11,107,345.3181,348.0829,344.9806,344.9806,344.9806,71262994
M11,108,343.7452,344.1359,340.0836,342.2889,342.2889,62928980
M11,109,346.1685,346.8773,343.1967,343.8015,343.8015,72388426
M11,110,343.7798,346.0677,342.9071,345.6526,345.6526,70144302
M11,111,343.3385,344.8433,343.0537,344.4615,344.4615,66583680
M11,112,347.1858,347.3514,344.7167,345.0448,345.0448,68372101
M11,113,345.1883,346.552,344.763,345.3117,345.3117,73652601
M11,114,342.88,349.2537,342.1185,348.3497,348.3497,87868173
M11,115,350.3203,351.5333,347.7999,347.7999,347.7999,149648657
M11,116,346.1794,346.6011,342.4844,344.1129,344.1129,66310922
M11,117,339.0504,340.0035,338.0231,339.4672,339.4672,76823086
M11,118,338.5797,339.7012,337.0596,337.0596,337.0596,71291039
M11,119,341.4481,342.3312,337.4937,338.2436,338.2436,76012336
M11,120,338.6646,342.2195,338.5997,342.1287,342.1287,66706936
M11,121,341.4862,342.2709,336.9085,336.9085,336.9085,52038106
M11,122,337.2825,338.1398,336.2889,336.2889,336.2889,60769019
M11,123,336.9341,341.5955,334.4816,339.3801,339.3801,67871852
M11,124,337.2019,338.9338,333.8222,335.5412,335.5412,74064619
M11,125,338.2242,339.533,337.4389,337.6425,337.6425,83759316
M11,126,335.9343,337.4351,334.5116,336.4638,336.4638,67196753
M11,127,334.8124,336.7972,333.8408,335.726,335.726,59538294
M11,128,336.776,337.7577,336.3626,337.0634,337.0634,56236376
M11,129,336.9518,340.335,336.7873,338.6805,338.6805,73089961
M11,130,341.4298,341.7926,339.5382,341.3164,341.3164,60030955
M11,131,344.1457,345.2672,343.6385,344.2757,344.2757,58338497
M11,132,342.5795,344.262,342.3179,344.0101,344.0101,59662000
M11,133,340.8885,341.1849,339.2741,339.2741,339.2741,69093770
M11,134,343.4399,345.7348,342.6326,345.686,345.686,53692681
M11,135,342.3806,343.3772,342.1138,342.7471,342.7471,55657651
M11,136,346.672,347.4229,345.1506,345.4725,345.4725,49503564
M11,137,343.8577,344.8319,342.3431,344.5665,344.5665,50358407
M11,138,345.3057,346.4331,345.2476,345.9582,345.9582,55346260
M11,139,345.764,346.1293,344.6068,345.3988,345.3988,64287442
M11,140,345.2928,346.7033,342.501,345.3058,345.3058,75923108
M11,141,346.3881,346.6418,345.217,345.9945,345.9945,50058593
M11,142,346.2473,348.9079,345.6633,347.9216,347.9216,71718138
M11,143,346.9599,347.4444,345.7002,346.3462,346.3462,65104609
M11,144,345.3577,345.7433,343.6612,345.7401,345.7401,81085210
M11,145,348.9474,351.0282,348.9215,350.8205,350.8205,69735912
M11,146,349.4508,350.5453,349.1423,349.4054,349.4054,55234377
M11,147,349.3632,350.4328,348.8997,349.4475,349.4475,77512739
M11,148,349.1123,349.2156,347.1074,347.3366,347.3366,72617134
M11,149,345.5356,345.961,343.7346,344.64,344.64,95920707
M11,150,349.1973,350.3881,348.5434,349.7634,349.7634,60990921
M11,151,350.0927,350.9156,348.6194,349.6341,349.6341,45473627
M11,152,349.3186,351.5072,349.1922,350.5994,350.5994,58774207
M11,153,348.9976,349.6758,347.8025,348.132,348.132,54255900
M11,154,347.3089,348.5174,346.4171,348.4916,348.4916,48756139
M11,155,344.9229,345.316,341.0105,342.4188,342.4188,83721068
M11,156,345.043,345.9444,343.8585,345.261,345.261,56471878
M11,157,345.5869,346.2973,343.6015,344.286,344.286,56602811
M11,158,342.8477,342.9057,335.6769,336.792,336.792,64473248
M11,159,339.8115,341.3921,338.7395,341.0229,341.0229,51699922
M11,160,341.8118,342.2789,339.058,340.949,340.949,53533233
M11,161,339.5536,341.7119,339.2443,340.8131,340.8131,44316195
M11,162,343.1129,345.8859,342.8791,344.7981,344.7981,43020953
M11,163,344.1957,346.3652,344.1957,345.4039,345.4039,60083713
M11,164,344.6984,345.6346,344.4878,344.517,344.517,53357808
M11,165,344.2231,345.6821,344.0517,344.5563,344.5563,47717988
M11,166,344.6884,346.3457,344.3466,345.9523,345.9523,35354338
M11,167,350.1708,350.9491,349.4348,349.526,349.526,55319517
M11,168,348.6417,349.0113,347.4,348.8525,348.8525,50347288
M11,169,350.7021,350.7608,348.9012,349.5145,349.5145,60779666
M11,170,345.821,345.8371,342.0976,342.4826,342.4826,80472473
M11,171,345.0234,345.9043,344.2469,345.6401,345.6401,40814702
M11,172,345.7051,346.0633,340.1529,341.2145,341.2145,72356003
M11,173,336.5666,336.6858,332.6269,332.6494,332.6494,84399972
M11,174,334.4753,336.0685,333.3137,333.3137,333.3137,66513043
M11,175,334.2323,334.8723,332.3512,334.4272,334.4272,90145107
M11,176,333.3755,336.2259,333.3041,335.065,335.065,69957851
M11,177,334.5144,334.5629,332.1009,334.1493,334.1493,64812318
M11,178,335.975,337.99,335.7446,337.4092,337.4092,68043196
M11,179,337.7213,339.7747,337.5101,337.5653,337.5653,63153347
M11,180,336.5209,336.9499,335.8661,336.3241,336.3241,58134180
M11,181,336.9813,337.9099,336.111,337.224,337.224,65128562
M11,182,338.1183,340.1512,337.512,339.0132,339.0132,70643355
M11,183,339.1171,340.4179,338.676,339.8502,339.8502,76583758
M11,184,337.9232,341.2882,337.9232,340.7563,340.7563,94402058
M11,185,344.2795,346.1148,344.2795,345.6015,345.6015,166796990
M11,186,342.5776,343.0067,341.4453,342.097,342.097,63257347
M11,187,343.7537,345.6763,343.7505,344.6615,344.6615,65987101
M11,188,344.4608,345.3094,343.7159,345.3094,345.3094,54645455
M11,189,343.3122,345.4774,342.3604,345.0741,345.0741,64001024
M11,190,344.3485,344.8786,340.9907,342.8684,342.8684,79838801
M11,191,344.3043,345.888,344.1096,345.1026,345.1026,61224289
M11,192,340.2049,340.3528,338.1375,339.8094,339.8094,68856814
M11,193,343.7654,345.467,342.939,344.7734,344.7734,62067087
M11,194,343.7979,343.9276,339.2303,339.6063,339.6063,85220930
M11,195,339.9354,340.2633,336.9849,337.2153,337.2153,60922799
M11,196,336.2526,336.8174,333.2146,333.6917,333.6917,55605915
M11,197,334.979,335.8671,331.7975,335.3824,335.3824,65429083
M11,198,335.1311,335.1733,327.7856,327.8604,327.8604,97371627
M11,199,322.5195,325.3845,321.0238,321.2866,321.2866,118506660
M11,200,322.8226,322.9581,319.1973,319.1973,319.1973,87961669
M11,201,320.7357,321.1412,318.3609,320.6481,320.6481,71260038
M11,202,318.9682,324.2787,318.3971,324.0432,324.0432,69761369
M11,203,326.8648,328.0534,322.729,324.235,324.235,88404745
M11,204,325.2453,326.8203,323.4625,323.5112,323.5112,82516419
M11,205,324.5596,325.3311,321.2816,323.5439,323.5439,94535008
M11,206,322.4444,322.4444,317.6189,317.6962,317.6962,60691727
M11,207,314.3702,315.2986,311.7527,312.291,312.291,97625809
M11,208,315.257,318.5404,313.1653,313.3434,313.3434,87623937
M11,209,310.5054,316.0041,309.9355,315.7418,315.7418,97977032
M11,210,311.049,311.1135,306.4872,310.7623,310.7623,98275828
M11,211,309.5056,313.7093,309.5056,311.0631,311.0631,60769145
M11,212,314.2614,314.9838,310.1504,313.0303,313.0303,75448256
M11,213,316.5678,319.485,316.4289,318.4157,318.4157,102703338
M11,214,317.9533,320.6321,317.656,319.0746,319.0746,68502865
M11,215,322.6016,323.434,319.7267,319.7526,319.7526,77779942
M11,216,320.6161,321.5704,319.8623,320.0726,320.0726,60799125
M11,217,319.7761,319.8245,317.3604,318.1441,318.1441,53492372
M11,218,320.245,323.1311,320.245,322.5726,322.5726,73942655
M11,219,321.9942,323.3026,320.1457,320.7629,320.7629,62316428
M11,220,322.2922,323.2046,321.0681,322.8864,322.8864,60638237
M11,221,321.0591,321.6666,316.9385,316.9771,316.9771,61606901
M11,222,318.3616,320.1188,316.9391,319.7327,319.7327,62447647
M11,223,316.5684,320.4784,314.5187,317.5194,317.5194,65658150
M11,224,320.6085,321.4062,314.8438,317.2692,317.2692,83937837
M11,225,317.8902,318.7295,313.1373,315.3883,315.3883,78314540
M11,226,318.3061,319.5843,314.4424,314.6398,314.6398,53190114
M11,227,313.4548,313.8307,308.656,310.3604,310.3604,75897701
M11,228,308.7823,310.9066,307.932,310.6884,310.6884,62671585
M11,229,312.4691,312.5242,310.6437,310.8509,310.8509,51493481
M11,230,309.5747,311.1827,308.0537,310.0355,310.0355,51088089
M11,231,313.0663,315.2216,312.2843,313.8354,313.8354,72760282
M11,232,313.7823,314.8457,311.6232,313.6885,313.6885,63819508
M11,233,314.4389,314.9752,313.1498,313.46,313.46,65768940
M11,234,315.8787,316.6535,313.8868,314.7262,314.7262,63855415
M11,235,315.8887,315.9728,313.6328,314.976,314.976,97290260
M11,236,321.4177,321.4759,317.5978,318.0086,318.0086,74806183
M11,237,317.883,318.1552,316.2948,316.311,316.311,68105825
M11,238,313.5657,314.3671,312.2874,312.4724,312.4724,60413699
M11,239,308.5678,308.5678,299.6698,300.7498,300.7498,115336881
M11,240,299.4003,303.2628,299.3236,299.6974,299.6974,76635003
M11,241,300.9649,301.6127,296.7752,297.4068,297.4068,81204825
M11,242,300.7796,305.1449,300.2262,302.6144,302.6144,79397230
M11,243,303.9501,309.1586,303.7529,308.1434,308.1434,83570852
M11,244,307.7681,308.2286,305.4208,306.0841,306.0841,72311187
M11,245,304.2039,305.6018,302.1023,304.5203,304.5203,70739067
M11,246,304.3542,304.5709,300.857,301.5428,301.5428,66331118
M11,247,297.4677,298.8475,296.2611,296.3638,296.3638,84446278
M11,248,297.2943,299.128,297.0948,298.4331,298.4331,82816224
M11,249,293.8169,294.9801,292.4384,292.6376,292.6376,86642731
M11,250,291.8299,292.8629,288.7922,292.731,292.731,150951357
M11,251,291.943,293.266,291.0383,291.0804,291.0804,18869586
M11,252,293.73,293.7623,285.4476,287.8555,287.8555,70536303
M11,253,289.1425,292.8427,288.162,291.5408,291.5408,49696520
M11,254,293.2994,294.8919,292.6946,294.8919,294.8919,16921036
M11,255,291.0683,294.4467,288.6515,293.7465,293.7465,55465993
M11,256,292.9535,294.2856,291.3225,291.5824,291.5824,66454071
M11,257,293.0647,299.0212,292.1966,298.409,298.409,74773722
M11,258,298.266,298.453,294.9118,296.605,296.605,64461437
M11,259,296.2374,301.1883,295.9992,299.1474,299.1474,73372945
M11,260,299.4609,300.8934,298.2875,299.1572,299.1572,77698373
M11,261,299.6852,301.4078,298.3683,301.4078,301.4078,55208884
M11,262,301.9596,302.555,299.8387,300.9716,300.9716,58439748
M11,263,297.4577,298.4894,296.3843,297.7557,297.7557,54074228
M11,264,301.4585,302.4629,298.9317,300.8341,300.8341,56891853
M11,265,300.338,300.466,298.6163,299.874,299.874,60869351
M11,266,300.59,301.9076,300.0069,301.4179,301.4179,53812994
M11,267,301.5587,305.365,301.4787,305.1505,305.1505,85685208
M11,268,306.299,306.7883,306.048,306.5179,306.5179,41241952
M11,269,304.3782,305.7595,303.3085,304.5581,304.5581,59095764
M11,270,301.8651,304.8683,301.159,302.8363,302.8363,63558794
M11,271,306.0059,308.1875,305.5928,307.6615,307.6615,63981419
M11,272,307.5581,309.0541,307.3013,308.7588,308.7588,62649434
M11,273,305.5945,305.987,303.5078,304.1077,304.1077,64443090
M11,274,307.3138,310.565,306.7015,309.3889,309.3889,59182834
M11,275,309.2885,311.7434,309.2885,311.422,311.422,60158838
M11,276,310.686,311.6437,308.4036,310.6349,310.6349,107768515
M11,277,312.9958,313.9484,311.7033,313.7463,313.7463,76450545
M11,278,314.8252,315.1567,313.1455,314.8349,314.8349,55687276
M11,279,315.2706,320.2627,314.4954,320.2627,320.2627,67197075
M11,280,317.4229,318.9772,317.295,318.6478,318.6478,72425369
M11,281,321.13,321.682,316.3755,316.3755,316.3755,74509915
M11,282,314.7214,315.4408,311.9658,312.7398,312.7398,67634572
M11,283,314.541,316.5364,314.451,315.8552,315.8552,55133783
M11,284,317.2461,318.336,316.7684,317.3486,317.3486,62762371
M11,285,318.3312,320.0321,317.8891,318.8789,318.8789,72687346
M11,286,322.8659,323.0527,319.5516,319.5516,319.5516,81866247
M11,287,317.4688,322.6662,316.9727,321.9205,321.9205,91462115
M11,288,322.2504,323.497,322.1254,323.3816,323.3816,51229121
M11,289,324.4251,324.9883,322.5972,323.9489,323.9489,53315824
M11,290,322.797,324.5998,321.8684,324.3789,324.3789,60723013
M11,291,327.0114,327.4245,325.8206,326.608,326.608,62944516
M11,292,325.5445,327.4948,325.3768,326.6373,326.6373,55233501
M11,293,325.9647,326.6544,325.4385,325.8941,325.8941,50067492
M11,294,328.5433,330.7575,327.5206,330.2316,330.2316,62397205
M11,295,323.8902,324.5009,323.2348,324.1556,324.1556,71967612
M11,296,325.7589,328.8266,325.7589,328.4722,328.4722,91444709
M11,297,329.4023,330.5368,329.0487,329.518,329.518,65455980
M11,298,331.6286,332.6662,330.952,331.1228,331.1228,50623748
M11,299,330.0589,331.0866,328.8321,330.6884,330.6884,72813025
M11,300,330.9997,331.895,329.9499,330.4201,330.4201,67535191
M11,301,326.1618,327.7158,324.1683,325.2892,325.2892,81625767
M11,302,326.0861,326.8122,325.0516,325.6749,325.6749,76739266
M11,303,325.1371,326.1754,324.0476,326.0284,326.0284,49929336
M11,304,328.8679,328.9899,326.6559,327.9016,327.9016,59231575
M11,305,326.0229,328.7115,325.9749,328.5165,328.5165,57850782
M11,306,330.4144,333.6754,330.4144,333.1003,333.1003,67828485
M11,307,332.9028,336.7185,332.8482,336.0863,336.0863,169443606
M11,308,333.8782,334.6786,333.7315,334.5287,334.5287,68138330
M11,309,339.1302,341.7661,339.0558,340.6277,340.6277,55235397
M11,310,337.0667,337.5089,334.5701,334.5701,334.5701,67743787
M11,311,336.8085,337.8508,335.3372,337.1925,337.1925,62510057
M11,312,336.995,337.2297,329.8114,330.1715,330.1715,78781143
M11,313,326.8982,330.2534,326.8982,329.1242,329.1242,59715595
M11,314,331.7958,334.7523,330.9062,334.1571,334.1571,56062649
M11,315,333.9057,335.7716,332.0236,333.6248,333.6248,68993490
M11,316,333.1857,334.9703,332.8275,332.9372,332.9372,61474442
M11,317,332.0763,333.6274,331.3407,333.4035,333.4035,62443099
M11,318,340.331,341.5623,339.333,341.1021,341.1021,68691729
M11,319,339.4764,341.0449,339.3733,340.4136,340.4136,54840564
M11,320,343.1085,343.8088,342.6568,343.7668,343.7668,76241566
M11,321,342.7041,343.6739,342.0695,343.0006,343.0006,53027697
M11,322,341.6549,342.9177,341.6068,342.2959,342.2959,61292439
M11,323,342.9133,343.8296,342.296,342.8169,342.8169,51005014
M11,324,344.0321,346.232,342.916,342.9483,342.9483,46193058
M11,325,341.7229,343.2915,341.5909,342.6796,342.6796,58720475
M11,326,344.3221,345.9191,342.8348,345.1545,345.1545,61547192
M11,327,346.4477,348.0624,346.13,347.7803,347.7803,69675260
M11,328,347.8575,348.7028,347.3684,347.9482,347.9482,54017636
M11,329,346.9567,348.1218,346.5662,347.941,347.941,55690517
M11,330,348.8909,350.5087,348.4347,350.1625,350.1625,75261755
M11,331,348.5447,351.6282,347.7569,350.6305,350.6305,78449576
M11,332,348.2952,349.5859,347.4765,349.3194,349.3194,68952496
M11,333,349.1699,349.9804,347.9734,348.7775,348.7775,73786716
M11,334,348.4166,348.5614,346.3793,347.5122,347.5122,56059068
M11,335,349.0409,350.0301,348.1875,349.7618,349.7618,67585173
M11,336,349.5151,350.9856,348.3418,350.4394,350.4394,53625559
M11,337,350.5013,352.0044,349.9959,352.0044,352.0044,69168360
M11,338,349.9859,350.2766,348.2315,348.4383,348.4383,67697700
M11,339,347.5375,349.3625,347.344,348.3113,348.3113,50183187
M11,340,343.2676,345.7818,341.8134,345.4941,345.4941,50515622
M11,341,342.2396,343.459,337.455,337.8722,337.8722,79127317
M11,342,341.0221,343.2894,340.448,342.7963,342.7963,66455032
M11,343,337.9835,338.2673,334.1904,334.7032,334.7032,66971422
M11,344,339.2522,340.4684,336.7613,337.4975,337.4975,56086826
M11,345,338.2656,338.4151,333.0519,333.8412,333.8412,67878656
M11,346,336.8079,340.0293,336.534,340.0293,340.0293,66354852
M11,347,336.1054,337.5534,332.952,337.5534,337.5534,74202126
M11,348,339.5938,344.6104,338.5619,344.6104,344.6104,68292870
M11,349,342.1504,343.3341,340.3942,342.5126,342.5126,67700152
M11,350,341.1248,342.0937,335.9445,337.3333,337.3333,63366167
M11,351,338.6516,340.1269,337.6195,339.3763,339.3763,62189759
M11,352,339.2811,340.638,337.2311,339.5142,339.5142,52440778
M11,353,335.0713,335.4223,331.8538,332.2982,332.2982,67729942
M11,354,335.4764,337.3971,335.2367,335.9882,335.9882,66407569
M11,355,337.1765,338.3083,336.1126,336.8176,336.8176,33869367
M11,356,337.6014,337.9931,335.3449,336.3485,336.3485,100358897
M11,357,332.5717,332.7656,329.9366,330.7578,330.7578,70445225
M11,358,331.5243,333.3325,331.4404,332.8094,332.8094,41060012
M11,359,330.6521,331.2579,328.3906,331.1478,331.1478,65341569
M11,360,327.379,330.8968,325.9539,330.8968,330.8968,67099061
M11,361,328.4826,332.5455,327.603,331.8657,331.8657,80956975
M11,362,332.8858,335.2007,332.6146,334.3322,334.3322,64489353
M11,363,335.3201,337.5102,333.4148,334.2624,334.2624,66921879
M11,364,333.3581,338.1258,333.3581,336.9137,336.9137,69066280
M11,365,339.8163,340.776,339.1475,339.8778,339.8778,35965053
M11,366,340.1245,342.9199,339.9047,341.5432,341.5432,62120944
M11,367,339.2734,340.2288,338.6698,339.6607,339.6607,58677582
M11,368,338.0103,339.6034,337.4632,338.4577,338.4577,60954294
M11,369,336.851,336.9409,334.8932,336.2605,336.2605,53380377
M11,370,336.1374,337.6062,335.5986,336.6409,336.6409,45721471
M11,371,336.3278,343.5606,335.2537,343.1053,343.1053,88216792
M11,372,342.448,342.912,341.3248,342.8096,342.8096,71131350
M11,373,344.9901,345.8323,343.9463,343.9463,343.9463,76995539
M11,374,345.5065,347.3681,343.8184,344.4904,344.4904,135327232
M11,375,345.7329,346.9685,344.5007,344.9555,344.9555,62720301
M11,376,343.2516,344.5152,343.2516,343.8641,343.8641,58744769
M11,377,345.1755,346.8844,344.6955,344.9744,344.9744,65388605
M11,378,341.5359,341.8149,339.0022,340.7245,340.7245,58784476
M11,379,341.7577,345.0108,341.7094,344.7566,344.7566,62488710
M11,380,348.1979,349.5959,347.2058,347.296,347.296,65877277
M11,381,350.258,350.7117,349.0751,350.4816,350.4816,58791065
M11,382,346.747,349.8678,346.747,349.823,349.823,56912113
M11,383,352.8883,353.3952,352.2521,352.6848,352.6848,45779727
M11,384,351.0518,351.1772,348.0869,349.2542,349.2542,54994069
M11,385,348.5958,349.8602,348.0842,348.9561,348.9561,49994538
M11,386,349.3632,349.7669,347.4383,348.9756,348.9756,57787713
M11,387,348.2264,350.5585,348.0067,348.4331,348.4331,55105216
M11,388,349.8202,350.1532,347.9064,348.2135,348.2135,54701369
M11,389,347.0133,348.5476,346.8166,347.9029,347.9029,52489014
M11,390,345.7847,347.4478,344.3523,346.1596,346.1596,46444075
M11,391,346.2381,349.0129,346.1386,348.4868,348.4868,60800251
M11,392,345.6652,347.1603,344.2912,344.7024,344.7024,53039920
M11,393,345.2937,347.995,345.0496,346.3376,346.3376,57315710
M11,394,351.6197,352.7069,348.9793,349.9954,349.9954,58493670
M11,395,348.9517,350.5256,348.7195,350.2225,350.2225,48635864
M11,396,352.6082,355.4444,352.1457,354.3417,354.3417,63878170
M11,397,352.6303,353.1418,350.9351,352.3955,352.3955,66983956
M11,398,356.7954,358.8446,351.9104,353.5775,353.5775,84883362
M11,399,351.7373,353.9902,351.5762,353.8323,353.8323,70680257
M11,400,352.8354,354.6445,352.5258,353.2546,353.2546,57903385
M11,401,353.7327,353.7327,347.6717,348.504,348.504,72688401
M11,402,347.2304,348.6814,346.7768,347.8095,347.8095,68291492
M11,403,346.0135,350.0914,346.0135,349.8178,349.8178,72762216
M11,404,342.3132,344.1917,338.1374,338.7271,338.7271,114913785
M11,405,335.7558,336.641,330.7383,331.4265,331.4265,87512743
M11,406,328.9677,331.8776,328.1816,328.1816,328.1816,84399016
M11,407,331.0365,334.519,329.2276,331.8007,331.8007,85599868
M11,408,336.1292,338.9702,334.6345,338.9702,338.9702,69471124
M11,409,336.0667,336.6736,332.8236,333.4112,333.4112,64627548
M11,410,335.7692,337.244,331.7175,332.4822,332.4822,56927450
M11,411,332.103,337.7832,329.9971,335.41,335.41,87822742
M11,412,334.4372,334.4372,326.3292,327.6089,327.6089,82440427
M11,413,328.9736,329.1406,322.6691,326.6528,326.6528,90790230
M11,414,328.1496,331.6459,328.0725,331.421,331.421,96698105
M11,415,334.8367,337.3586,334.3498,337.0877,337.0877,57771536
M11,416,336.0024,337.4633,333.4829,334.091,334.091,62109529
M11,417,334.8095,339.4087,334.8095,339.1899,339.1899,48967022
M11,418,336.6231,337.8497,334.3459,334.8935,334.8935,66235010
M11,419,337.1084,337.7632,332.2396,332.2396,332.2396,65115042
M11,420,329.9799,333.4682,328.9942,332.1305,332.1305,38402086
M11,421,331.1098,334.1422,329.5713,333.6251,333.6251,56355102
M11,422,337.3729,337.797,334.6988,337.4441,337.4441,52929682
M11,423,335.0096,340.6036,334.7489,340.1819,340.1819,62896377
M11,424,340.6002,343.9014,340.3844,342.7097,342.7097,63569842
M11,425,342.0828,343.4321,342.0539,342.69,342.69,38546967
M11,426,342.1763,342.2244,339.6703,341.2606,341.2606,51354753
M11,427,343.2371,344.4832,342.6958,343.9162,343.9162,56046747
M11,428,347.1436,348.2845,346.3305,347.8538,347.8538,71083030
M11,429,348.5797,349.4626,347.6516,348.831,348.831,78914998
M11,430,348.571,348.587,346.5615,347.375,347.375,63704123
M11,431,346.6041,346.6041,344.045,346.1359,346.1359,102706826
M11,432,346.7024,348.0997,346.4749,347.9875,347.9875,77102260
M11,433,351.6504,353.7312,349.8794,352.1795,352.1795,87271960
M11,434,351.0443,352.0438,350.4176,351.4685,351.4685,69388890
M11,435,350.4566,350.7561,349.2073,349.2073,349.2073,71413014
M11,436,346.6948,347.9455,346.1158,347.7823,347.7823,74640051
M11,437,346.9544,348.3527,346.6958,347.5226,347.5226,54870746
M11,438,351.1517,353.496,351.1517,353.312,353.312,63378596
M11,439,349.8945,351.8901,349.2677,351.3656,351.3656,141400025
M11,440,351.5653,351.9824,348.5235,349.3578,349.3578,63179243
M11,441,351.6859,352.0889,350.8446,350.9059,350.9059,57575203
M11,442,345.4336,345.692,342.0067,345.1432,345.1432,61611203
M11,443,346.7878,350.2476,346.6915,349.6442,349.6442,68686488
M11,444,350.9499,352.1852,350.596,351.693,351.693,53087154
M11,445,350.3161,352.6579,349.8702,352.613,352.613,62838995
M11,446,353.0955,354.0175,347.0514,347.2499,347.2499,67585210
M11,447,347.3868,347.3868,337.578,337.578,337.578,97348355
M11,448,340.0434,342.3847,337.9087,340.7248,340.7248,65800009
M11,449,339.6821,341.6806,338.0845,341.6806,341.6806,65154629
M11,450,343.4813,346.3481,342.7677,346.2965,346.2965,53395685
M11,451,345.9974,346.3392,341.5603,341.7183,341.7183,58575573
M11,452,341.0214,344.2682,340.3263,343.2192,343.2192,59595190
M11,453,346.4555,349.1423,343.8626,348.5887,348.5887,72618035
M11,454,346.4175,351.6982,346.3468,351.6532,351.6532,99069499
M11,455,351.178,351.5419,348.5698,351.1426,351.1426,58934238
M11,456,353.6701,356.0719,352.4643,354.9467,354.9467,67664855
M11,457,356.4927,356.8618,355.2785,355.7868,355.7868,70671231
M11,458,353.7188,357.1029,353.6672,353.8157,353.8157,69896145
M11,459,351.7013,352.5769,349.8181,350.6873,350.6873,71725413
M11,460,347.8329,349.3424,347.2776,348.6946,348.6946,67259195
M11,461,351.2834,351.5503,349.3501,351.5503,351.5503,56222197
M11,462,348.7072,350.6011,348.3862,350.3829,350.3829,59698779
M11,463,354.9904,356.0203,354.1453,355.8681,355.8681,70540737
M11,464,356.8694,356.8694,353.3707,355.6913,355.6913,65131873
M11,465,352.3018,353.5976,351.5833,352.6097,352.6097,64753788
M11,466,354.2016,354.2016,352.9324,354.1468,354.1468,65311946
M11,467,355.5768,356.5742,354.2018,356.5742,356.5742,65076826
M11,468,355.107,355.7592,352.0063,352.7678,352.7678,87437387
M11,469,355.6929,357.4921,355.3472,356.5392,356.5392,58082997
M11,470,355.5503,358.165,355.4861,357.3886,357.3886,82582548
M11,471,360.1963,361.8181,359.7925,361.5725,361.5725,76460565
M11,472,361.5503,363.2618,361.2371,362.7806,362.7806,69130431
M11,473,362.5682,362.6357,361.4075,362.4106,362.4106,92941986
M11,474,360.7931,361.8851,360.2214,361.6378,361.6378,81049814
M11,475,362.2416,363.9023,361.9771,363.1832,363.1832,47096164
M11,476,363.6844,365.2085,363.1882,364.4545,364.4545,58651790
M11,477,363.5293,364.0221,361.8414,363.6227,363.6227,70117701
M11,478,361.9181,362.8551,361.5426,361.7415,361.7415,61319093
M11,479,362.5476,363.1045,360.6369,362.938,362.938,62115812
M11,480,365.1241,365.2592,363.0807,364.7251,364.7251,57370550
M11,481,364.2021,365.8493,361.7906,362.5484,362.5484,58466481
M11,482,362.6498,363.4078,361.0824,362.9885,362.9885,69639628
M11,483,357.4722,358.7691,355.6769,358.0791,358.0791,66600024
M11,484,359.9733,361.9375,359.7586,360.2264,360.2264,58223387
M11,485,360.8737,361.9896,360.7234,361.6283,361.6283,49037308
M11,486,364.2692,365.4508,363.1618,364.8616,364.8616,103130211
M11,487,363.1156,363.333,361.968,362.39,362.39,54712666
M11,488,360.0306,360.3044,359.4543,360.1834,360.1834,36153233
M11,489,364.713,367.0119,364.1795,365.3564,365.3564,56073512
M11,490,362.6682,365.0281,355.6367,356.0407,356.0407,82636925
M11,491,356.8273,357.8194,351.8569,353.4591,353.4591,73506820
M11,492,352.1184,356.9159,352.1184,356.2506,356.2506,67095135
M11,493,358.4213,360.573,357.6345,357.6377,357.6377,56727594
M11,494,357.9575,361.4147,357.7076,361.4147,361.4147,59473105
M11,495,362.258,362.4637,360.9659,361.0462,361.0462,48201473
M11,496,357.9421,358.4112,354.2122,358.1368,358.1368,56527507
M11,497,360.3164,361.2256,358.9509,360.8626,360.8626,52435215
M11,498,358.7349,360.8875,356.6811,359.0442,359.0442,78304447
M11,499,366.7818,367.4484,364.1282,364.6853,364.6853,90316510
M11,500,365.6925,369.3609,365.5832,368.5507,368.5507,68235849
M11,501,368.1898,368.1898,366.3049,366.9675,366.9675,72429127
M11,502,366.2403,367.3701,365.8551,366.0092,366.0092,62833160
M11,503,367.7665,368.4596,366.7446,368.4596,368.4596,62688133
M11,504,366.2074,368.9669,365.4584,368.9636,368.9636,97176912
M11,505,366.3281,367.6777,365.943,367.248,367.248,39478310
M11,506,368.877,369.4816,368.7266,369.2897,369.2897,11535508
M11,507,369.7367,371.2237,369.2026,369.8774,369.8774,39775701
M11,508,370.454,370.8869,367.7183,367.7183,367.7183,30298151
M11,509,367.4224,368.5108,366.7931,367.4288,367.4288,15981767
M11,510,370.2218,373.1604,370.0322,372.3888,372.3888,55447611
M11,511,367.1952,368.7948,366.0417,368.7948,368.7948,54004222
M11,512,367.5317,368.8051,364.7287,368.546,368.546,59056451
M11,513,368.5381,370.3682,366.8642,367.6517,367.6517,61179359
M11,514,367.5871,369.885,366.7102,369.773,369.773,63643768
M11,515,372.7655,373.2498,371.194,371.6045,371.6045,65621681
M11,516,369.2313,369.2662,367.6671,367.9532,367.9532,61223363
M11,517,370.3391,371.1387,368.5353,369.6771,369.6771,61239950
M11,518,369.3689,369.784,365.9518,369.6914,369.6914,66752117
M11,519,370.2543,370.7465,368.7776,370.0881,370.0881,73210552
M11,520,371.4213,372.4369,370.38,371.4052,371.4052,58025476
M11,521,374.3348,376.7339,374.248,376.2805,376.2805,68222851
M11,522,376.1259,376.216,374.8971,375.3925,375.3925,36167070
M11,523,370.8356,371.6356,368.6403,371.6356,371.6356,53117944
M11,524,372.8178,373.873,371.1178,371.4386,371.4386,61198869
M11,525,369.9288,371.0885,367.5807,368.0996,368.0996,70793209
M11,526,371.8594,374.6603,371.8594,372.7299,372.7299,67221453
M11,527,364.4204,365.323,360.2004,360.9213,360.9213,90273402
M11,528,363.2793,365.7094,361.2265,365.297,365.297,73957141
M11,529,364.7935,367.3574,364.7615,366.5358,366.5358,82921033
M11,530,363.1255,364.0663,361.0935,362.3575,362.3575,90224487
M11,531,366.3158,366.564,360.7618,361.1034,361.1034,96161253
M11,532,360.4479,362.6852,359.3405,361.2953,361.2953,72752552
M11,533,363.0075,367.3461,362.8984,367.3461,367.3461,81359307
M11,534,366.5866,372.0047,366.4262,371.1477,371.1477,89017743
M11,535,375.3096,375.6898,373.6535,375.2451,375.2451,89174805
M11,536,370.683,371.4867,368.6259,370.3098,370.3098,74446162
M11,537,372.328,373.2065,371.5043,373.2065,373.2065,62949780
M11,538,374.1671,375.0976,373.5446,374.7671,374.7671,67640170
M11,539,374.3987,376.8886,374.3187,376.8854,376.8854,88884670
M11,540,375.9863,377.4626,373.3161,377.4626,377.4626,107175933
M11,541,376.9818,377.1098,375.7233,376.0339,376.0339,76074265
M11,542,377.2233,377.8196,376.4409,377.2104,377.2104,51833283
M11,543,373.7788,376.2174,373.6764,375.3021,375.3021,80098868
M11,544,374.6563,376.2765,374.0292,376.2765,376.2765,72431770
M11,545,376.265,376.4945,373.2594,373.2594,373.2594,85066536
M11,546,374.2594,375.9544,371.6719,373.7297,373.7297,87792617
M11,547,363.7733,363.831,357.152,359.4361,359.4361,150544552
M11,548,359.1487,359.6718,350.0671,350.654,350.654,123912484
M11,549,346.44,350.3894,338.9668,349.0306,349.0306,132685402
M11,550,345.0941,346.8013,334.9308,339.319,339.319,168323265
M11,551,328.4027,330.9226,322.7384,327.2372,327.2372,242796631
M11,552,331.7609,333.9926,319.7349,327.6481,327.6481,179965248
M11,553,333.5541,339.2682,331.4628,332.5372,332.5372,146782971
M11,554,333.6841,340.6637,332.3634,338.6103,338.6103,135961035
M11,555,339.1881,339.3513,329.5974,331.5559,331.5559,142317662
M11,556,323.7446,325.4795,315.4273,317.2451,317.2451,162808043
M11,557,301.0453,301.3804,290.74,291.8059,291.8059,257975414
M11,558,296.779,306.5023,287.5204,288.9113,288.9113,226353338
M11,559,291.8462,294.415,284.7192,285.2572,285.2572,207582776
M11,560,271.5151,273.0123,250.7367,251.8284,251.8284,316688838
M11,561,264.6651,276.8826,253.6903,257.1131,257.1131,291285117
M11,562,242.8363,246.649,228.0155,242.3324,242.3324,296188999
M11,563,250.8654,251.0349,233.2481,246.9423,246.9423,227275706
M11,564,243.1699,243.854,233.9241,235.7,235.7,170799633
M11,565,237.5675,241.2296,229.4037,239.7977,239.7977,207243489
M11,566,253.552,257.3393,248.8338,252.5382,252.5382,321112950
M11,567,240.2236,252.118,238.5067,243.2924,243.2924,195443025
M11,568,254.4463,263.9071,251.9355,263.9071,263.9071,184676398
M11,569,271.2466,277.3856,263.2041,275.0124,275.0124,188035874
M11,570,267.2765,279.862,264.8679,279.862,279.862,165291857
M11,571,274.6444,276.508,265.7541,269.1334,269.1334,142175719
M11,572,269.6585,270.7499,261.0806,270.7308,270.7308,109885728
M11,573,275.2591,277.6115,269.119,274.2746,274.2746,154577630
M11,574,264.8781,265.5898,261.5447,263.0636,263.0636,135518551
M11,575,265.472,267.1072,260.2226,264.963,264.963,154787193
M11,576,265.3557,266.143,261.7105,262.421,262.421,148397291
M11,577,271.8147,274.4108,269.7474,273.9781,273.9781,135895682
M11,578,280.2121,282.2497,274.2616,277.8242,277.8242,151136897
M11,579,275.5146,278.1292,272.4801,278.1292,278.1292,85967826
M11,580,282.0701,284.3007,276.808,282.1272,282.1272,124235771
M11,581,287.0218,287.3451,283.4279,284.468,284.468,107220387
M11,582,283.1136,283.793,272.5208,273.3661,273.3661,124719861
M11,583,276.5597,277.0699,271.8311,273.486,273.486,116862260
M11,584,280.5209,283.6643,279.3564,281.0267,281.0267,136084508
M11,585,284.2125,284.3756,278.7286,284.3181,284.3181,91170998
M11,586,279.8149,280.0981,273.0088,273.0088,273.0088,101835952
M11,587,274.087,276.6543,273.2682,276.3465,276.3465,87336038
M11,588,278.3478,281.294,275.3508,279.0184,279.0184,88266653
M11,589,277.1004,280.8977,276.2864,277.4432,277.4432,92947435
M11,590,280.5091,281.9122,279.2905,281.9122,281.9122,71120025
M11,591,281.8068,287.4721,280.9044,286.2393,286.2393,109832741
M11,592,287.391,293.7237,286.8614,293.5036,293.5036,100250591
M11,593,293.746,294.9679,285.5205,286.3383,286.3383,133243207
M11,594,275.3783,275.5998,272.2201,273.2802,273.2802,130682462
M11,595,279.4551,280.9674,276.9495,280.891,280.891,93599326
M11,596,282.8398,283.0031,279.91,280.1757,280.1757,73214706
M11,597,280.1682,283.3046,279.6811,283.3046,283.3046,78524647
M11,598,286.1612,287.6408,285.0101,287.0987,287.0987,63967745
M11,599,287.2521,287.8553,282.2012,284.3124,284.3124,83830558
M11,600,285.3956,287.1711,284.6374,285.7891,285.7891,91276930
M11,601,279.6846,280.1626,276.2848,276.7597,276.7597,111497940
M11,602,276.0203,277.3035,269.9658,273.9755,273.9755,123755100
M11,603,274.749,275.7991,271.0563,272.3633,272.3633,111735358
M11,604,277.9592,285.6966,277.6697,285.2575,285.2575,96716800
M11,605,286.48,286.48,280.8462,283.0082,283.0082,130287006
M11,606,281.7521,286.9631,280.0575,286.8709,286.8709,91324444
M11,607,284.3005,287.7921,283.7703,284.5785,284.5785,89312395
M11,608,280.4284,285.6508,279.5628,284.552,284.552,98638315
M11,609,284.5463,287.741,283.0282,287.741,287.741,48231344
M11,610,292.7151,293.9114,291.3688,293.3053,293.3053,121871961
M11,611,293.9134,297.0849,292.8765,295.8437,295.8437,162677667
M11,612,296.7057,300.517,295.9199,300.008,300.008,117583741
M11,613,297.4059,299.2151,295.1674,295.7843,295.7843,162504389
M11,614,302.3195,302.3195,298.6819,301.5843,301.5843,86057585
M11,615,303.9554,307.5905,303.1082,306.5898,306.5898,119619552
M11,616,308.8892,315.6654,308.8509,315.4037,315.4037,149824226
M11,617,313.7652,316.9515,312.3317,315.0071,315.0071,106819805
M11,618,317.1692,323.713,317.1469,323.5982,323.5982,171574060
M11,619,320.0797,322.5188,318.9857,320.404,320.404,150200537
M11,620,322.9592,323.6915,315.7262,318.2299,318.2299,139635008
M11,621,319.2195,321.3356,315.3255,315.734,315.734,114382562
M11,622,308.3384,309.9204,302.2908,302.2908,302.2908,139028952
M11,623,300.3583,309.3765,299.2825,304.3487,304.3487,115974899
M11,624,294.66,301.6281,293.3246,300.2547,300.2547,107919047
M11,625,309.012,314.5189,307.7053,311.5041,311.5041,124392586
M11,626,311.8156,315.7569,311.7359,314.2901,314.2901,108661148
M11,627,313.3041,316.1739,310.4343,312.8003,312.8003,98417953
M11,628,313.8662,315.8356,312.853,313.0118,313.0118,206934474
M11,629,311.8952,316.4677,310.5372,313.0327,313.0327,82663888
M11,630,316.8692,321.1345,316.4225,319.4438,319.4438,90981464
M11,631,315.8121,316.6621,308.351,308.351,308.351,93692610
M11,632,308.4262,312.6134,304.4504,311.4825,311.4825,94309435
M11,633,313.542,316.2537,310.3474,310.5265,310.5265,1
M11,634,309.1846,313.5873,307.9034,311.7023,311.7023,86873839
M11,635,310.5114,311.0787,307.3679,309.4594,309.4594,102939519
M11,636,311.4214,313.1224,306.5572,311.2621,311.2621,88572809
M11,637,314.7896,320.0394,314.3646,318.9882,318.9882,102646672
M11,638,315.3175,315.8408,311.7647,312.9942,312.9942,50619806
M11,639,321.4298,321.7602,318.6121,320.2227,320.2227,86335785
M11,640,317.6075,317.6487,315.1138,317.3037,317.3037,79519281
M11,641,317.4956,319.3688,315.7018,316.427,316.427,86889771
M11,642,318.0232,318.478,312.8388,313.3954,313.3954,77847939
M11,643,312.4584,317.0427,312.0408,316.7844,316.7844,68002535
M11,644,319.6515,320.8474,316.7381,320.5929,320.5929,66027646
M11,645,317.1735,318.0663,314.1283,318.0663,318.0663,74951332
M11,646,321.9996,326.64,321.4648,324.5264,324.5264,91896691
M11,647,321.7131,323.2318,319.8939,322.4741,322.4741,65350719
M11,648,321.9512,322.1202,319.9074,320.8257,320.8257,78918535
M11,649,320.687,323.6176,317.9447,323.3303,323.3303,60064512
M11,650,324.8887,327.2752,323.4504,323.8577,323.8577,94207350
M11,651,322.8748,322.9448,318.5044,319.0543,319.0543,74943338
M11,652,322.9106,324.0329,320.5763,321.4493,321.4493,68279409
M11,653,319.5248,319.586,315.9283,317.7733,317.7733,66690572
M11,654,314.3406,315.4332,312.7687,314.2767,314.2767,69466073
M11,655,312.0667,313.2892,310.3107,312.7398,312.7398,66749820
M11,656,314.5681,316.3271,314.4883,315.1044,315.1044,64177968
M11,657,315.1683,315.1683,304.8239,307.967,307.967,112380390
M11,658,309.5687,311.6687,304.5486,304.5486,304.5486,113481565
M11,659,304.3108,310.189,302.3217,309.1228,309.1228,85562440
M11,660,311.0577,312.051,307.8613,309.867,309.867,76956665
M11,661,312.8568,314.9098,312.33,313.4411,313.4411,74013521
M11,662,312.2717,313.8055,308.8725,310.2085,310.2085,75859477
M11,663,309.8002,311.8384,308.7315,311.3169,311.3169,65278722
M11,664,311.029,312.5995,309.2319,310.6172,310.6172,60030456
M11,665,312.661,317.9214,312.5335,316.6118,316.6118,87591546
M11,666,315.999,321.2048,315.7569,320.4115,320.4115,81801837
M11,667,317.7713,318.7608,316.5028,316.9056,316.9056,78429921
M11,668,318.262,318.262,312.315,314.7641,314.7641,70783183
M11,669,312.902,313.8728,310.5446,312.8956,312.8956,44862846
M11,670,313.1304,315.7429,311.4196,312.2989,312.2989,56176639
M11,671,313.1483,315.6526,312.5878,315.6526,315.6526,52892142
M11,672,312.249,313.4223,310.6237,311.7617,311.7617,55538771
M11,673,310.3152,311.3362,305.5759,309.1097,309.1097,71186666
M11,674,314.8992,318.563,314.8992,318.0694,318.0694,58048317
M11,675,317.8429,320.3886,316.8528,316.971,316.971,61718468
M11,676,317.2485,321.4541,316.4605,321.4093,321.4093,52200644
M11,677,320.4799,320.4799,317.8422,317.9348,317.9348,62027328
M11,678,320.6663,320.6727,316.594,318.1889,318.1889,60277567
M11,679,319.7958,320.3999,312.9263,313.2587,313.2587,79184416
M11,680,316.4438,317.7339,312.2079,314.8939,314.8939,73793193
M11,681,312.4033,317.5381,311.8686,315.5608,315.5608,72430039
M11,682,321.1628,323.3124,313.593,315.174,315.174,86906827
M11,683,311.6854,316.4276,307.4489,309.7929,309.7929,99110574
M11,684,311.5842,315.9419,311.5842,315.4698,315.4698,58021700
M11,685,313.8126,314.2096,306.4696,309.1788,309.1788,78478209
M11,686,311.8923,317.1376,311.6875,316.4719,316.4719,82172236
M11,687,314.9419,316.1425,313.0089,314.1458,314.1458,67042510
M11,688,314.0721,315.9132,312.8043,314.7378,314.7378,60091732
M11,689,319.6807,320.4996,317.5259,318.3255,318.3255,49873785
M11,690,318.1053,320.3848,317.1499,319.3107,319.3107,56694886
M11,691,318.4023,320.1189,317.1748,319.3229,319.3229,73665415
M11,692,314.3287,314.3287,314.3287,314.3287,314.3287,74811342
M11,693,313.9189,313.9189,313.9189,313.9189,313.9189,182616026
M11,694,312.0077,312.0077,302.3129,303.2999,303.2999,120922676
M11,695,302.4887,302.4887,302.4887,302.4887,302.4887,81287231
M11,696,305.4443,305.4443,305.4443,305.4443,305.4443,76399961
M11,697,302.1328,302.1328,302.1328,302.1328,302.1328,94885693
M11,698,301.2955,301.2955,301.2955,301.2955,301.2955,81677752
M11,699,304.7575,307.4952,303.6447,307.0596,307.0596,87237957
M11,700,307.3205,307.5913,305.3451,306.5686,306.5686,71318034
M11,701,305.3106,308.7069,304.7265,306.1054,306.1054,85956690
M11,702,307.6617,308.3449,304.9416,306.3302,306.3302,92386031
M11,703,306.1669,306.1669,306.1669,306.1669,306.1669,79492348
M11,704,309.5817,310.6892,308.5092,310.3677,310.3677,73055871
M11,705,312.2456,314.1457,310.1794,312.6703,312.6703,88527950
M11,706,314.9558,316.0521,313.3934,314.4254,314.4254,86177926
M11,707,314.3637,315.8595,312.5802,314.7664,314.7664,116630758
M11,708,315.4036,317.3328,315.2695,317.3328,317.3328,76114513
M11,709,317.3209,320.0338,316.9702,319.3293,319.3293,77452061
M11,710,321.8208,322.0201,319.4222,320.4929,320.4929,83487598
M11,711,316.8069,318.0185,315.8942,316.7051,316.7051,66377463
M11,712,314.189,314.4418,310.0505,311.7276,311.7276,98404054
M11,713,313.7203,317.004,312.4463,315.6472,315.6472,89325856
M11,714,317.074,318.9943,313.2523,315.0326,315.0326,38655887
M11,715,315.3411,317.6357,314.7316,315.7656,315.7656,76660860
M11,716,316.4274,316.533,311.3925,311.7156,311.7156,74831488
M11,717,309.1261,311.0789,306.1539,309.8238,309.8238,70467851
M11,718,310.5384,315.0961,310.3817,313.4329,313.4329,70616695
M11,719,308.6203,311.7183,307.2051,307.3103,307.3103,69121380
M11,720,307.6764,307.6764,303.2815,303.8738,303.8738,93619274
M11,721,299.8133,300.3753,292.9855,295.8661,295.8661,130002622
M11,722,295.7085,297.6412,291.8941,295.4602,295.4602,112191502
M11,723,293.6656,298.258,293.4484,297.2967,297.2967,93861192
M11,724,298.2793,303.3298,296.4948,302.5189,302.5189,85779852
M11,725,309.5277,309.5277,309.5277,309.5277,309.5277,101454695
M11,726,303.7903,314.7862,303.3132,314.7766,314.7766,101612122
M11,727,317.572,320.0549,317.0435,319.326,319.326,101963713
M11,728,319.8496,322.1286,317.4394,320.525,320.525,93597696
M11,729,324.7506,341.9191,324.7506,339.6349,339.6349,212848280
M11,730,337.3931,341.8136,336.096,340.7236,340.7236,200136591
M11,731,342.1623,344.8367,340.5935,344.1146,344.1146,110249031
M11,732,342.5315,344.2004,341.0864,341.486,341.486,123348768
M11,733,339.7009,342.1967,339.1152,340.0384,340.0384,87773165
M11,734,346.3972,350.4306,344.9595,348.0569,348.0569,118955355
M11,735,346.9932,347.0958,344.5534,346.57,346.57,92596892
M11,736,344.6174,348.0922,344.2462,347.1963,347.1963,84176238
M11,737,340.1996,341.7217,339.5952,340.9812,340.9812,92633512
M11,738,341.9579,345.2972,341.7482,344.3726,344.3726,79288469
M11,739,350.4105,351.2927,347.4209,347.4209,347.4209,91947956
M11,740,348.7965,349.8017,347.9381,348.9337,348.9337,117591397
M11,741,349.1695,349.641,347.3536,348.7872,348.7872,102978128
M11,742,348.4658,348.542,347.21,347.3845,347.3845,53443566
M11,743,348.6116,351.5433,348.3382,350.7484,350.7484,104139140
M11,744,349.167,351.3384,346.6421,346.6421,346.6421,131262593
M11,745,348.7676,351.3304,347.856,350.8586,350.8586,85266503
M11,746,347.6604,348.798,346.7509,348.5001,348.5001,83610386
M11,747,350.3898,350.7207,348.6589,350.3071,350.3071,79730623
M11,748,350.7521,352.8592,350.7521,352.8592,352.8592,81383375
M11,749,354.192,354.3201,351.0553,353.4879,353.4879,68171681
M11,750,349.5503,350.4895,347.621,349.8676,349.8676,74847680
M11,751,351.0607,351.3745,349.3075,349.4406,349.4406,69726534
M11,752,351.8931,352.6266,348.9941,351.1213,351.1213,83946732
M11,753,350.1503,350.5236,346.6793,349.1199,349.1199,86986717
M11,754,349.0137,350.3515,347.5143,347.5143,347.5143,72412712
M11,755,351.0324,353.3836,350.8274,351.7852,351.7852,70986453
M11,756,349.6741,351.2617,347.5065,349.3097,349.3097,83436899
M11,757,351.9972,352.3812,350.334,350.4578,350.4578,72588406
M11,758,348.5832,351.4758,348.3012,348.7036,348.7036,150230226
M11,759,343.0746,344.3724,337.2952,342.1999,342.1999,108916684
M11,760,343.1363,346.8494,343.1363,346.1342,346.1342,55244018
M11,761,345.4406,349.0556,345.4406,348.4504,348.4504,58991777
M11,762,351.6696,351.8836,350.9767,351.3024,351.3024,18835227
M11,763,351.9817,352.7331,351.9817,352.7331,352.7331,41192140
M11,764,350.9362,352.4101,350.8794,351.5264,351.5264,48137060
M11,765,353.596,354.7329,353.0815,353.2848,353.2848,34260472
M11,766,351.7137,352.9208,350.5353,350.5353,350.5353,19703424
M11,767,355.3769,357.7983,352.9332,353.9896,353.9896,74474576
M11,768,349.8634,352.3574,348.367,350.277,350.277,85307618
M11,769,356.9728,359.4521,354.1192,358.374,358.374,106526486
M11,770,357.8194,358.555,355.8162,357.3671,357.3671,88744232
M11,771,362.3573,363.0623,360.9409,362.7739,362.7739,79154891
M11,772,361.4655,362.5279,358.1725,359.7854,359.7854,77782027
M11,773,355.0591,355.1252,352.6023,353.563,353.563,74140582
M11,774,354.2503,355.5036,353.439,354.7239,354.7239,89952072
M11,775,359.5974,361.4232,359.2628,361.079,361.079,85398181
M11,776,359.4671,359.9769,354.9711,357.4533,357.4533,117966453
M11,777,356.488,358.245,356.488,357.9389,357.9389,52496815
M11,778,363.444,363.5439,360.8127,361.4247,361.4247,64676173
M11,779,362.5909,364.7785,362.1309,363.6976,363.6976,57363583
M11,780,364.812,365.2483,362.287,362.3319,362.3319,65682638
M11,781,357.2525,357.3033,353.8463,356.697,356.697,72030605
M11,782,360.9429,361.2558,353.2614,354.4267,354.4267,87824079
M11,783,354.2759,358.2542,354.212,356.4935,356.4935,75581332
M11,784,356.0639,357.0561,348.334,351.602,351.602,100284716
M11,785,347.2641,354.2176,345.2072,353.4798,353.4798,100399812
M11,786,346.1237,348.6268,344.3344,344.3344,344.3344,88529353
M11,787,346.1496,349.0999,345.7892,348.1449,348.1449,67814893
M11,788,353.3604,356.7641,353.0042,356.1216,356.1216,83307399
M11,789,361.5153,362.303,358.1754,358.9951,358.9951,73386059
M11,790,357.1785,359.4518,356.9713,359.2318,359.2318,70277758
M11,791,362.5392,363.8204,361.921,362.8819,362.8819,74586887
M11,792,363.8919,364.5692,362.844,363.0996,363.0996,77663441
M11,793,359.6087,360.1812,358.5204,359.9946,359.9946,70553699
M11,794,363.5936,363.5936,359.4271,360.728,360.728,118382121
M11,795,361.3476,362.136,360.6418,361.9421,361.9421,76440741
M11,796,363.6073,367.1743,362.622,367.1231,367.1231,94579238
M11,797,368.0864,371.7982,367.3901,370.8974,370.8974,90847447
M11,798,369.2775,369.6904,368.2928,368.8423,368.8423,77706891
M11,799,368.6876,370.4817,368.1044,368.4199,368.4199,78588618
M11,800,366.27,367.1768,362.9314,363.686,363.686,78435069
M11,801,365.7857,368.1345,365.0187,367.5298,367.5298,87244878
M11,802,366.2536,367.6539,363.8078,367.0785,367.0785,78807587
M11,803,366.4901,366.7164,360.7319,364.8841,364.8841,119345761
M11,804,365.0347,367.0119,364.0349,366.2548,366.2548,80451166
M11,805,368.0924,368.3352,364.8179,364.8179,364.8179,97557019
M11,806,357.7381,360.7646,355.4832,356.671,356.671,118793452
M11,807,362.1565,364.6387,361.8479,364.0659,364.0659,79569956
M11,808,363.0562,366.3456,362.7158,364.1283,364.1283,72171484
M11,809,368.5346,369.8658,364.6883,367.2035,367.2035,91774250
M11,810,364.8974,367.2695,363.9338,366.3571,366.3571,104308647
M11,811,361.3383,364.6441,359.4261,360.5938,360.5938,91549533
M11,812,365.5417,369.8005,365.5385,369.8005,369.8005,101470918
M11,813,365.6889,369.8711,365.6857,369.0682,369.0682,93786493
M11,814,371.2507,375.0385,370.9537,374.6361,374.6361,77584139
M11,815,377.8205,379.446,377.5031,379.3626,379.3626,79746343
M11,816,379.933,380.0877,378.4573,380.02,380.02,63473558
M11,817,378.5816,380.1397,376.3099,377.3274,377.3274,70726567
M11,818,378.2847,378.8919,377.0865,378.4221,378.4221,82906810
M11,819,377.4002,378.1855,376.5382,377.8024,377.8024,765119
M11,820,379.3654,379.458,377.3211,378.3465,378.3465,78145509
M11,821,373.1234,375.2686,371.9016,373.3804,373.3804,200272592
M11,822,374.1675,376.2394,373.7774,375.8462,375.8462,73405026
M11,823,373.155,374.8949,371.9792,373.6139,373.6139,80924137
M11,824,374.1605,376.4685,373.5675,376.087,376.087,68225381
M11,825,373.6333,375.4416,371.332,375.4416,375.4416,70090124
M11,826,378.2803,380.0116,377.4594,379.643,379.643,74439548
M11,827,379.8104,381.2738,379.1732,380.3996,380.3996,60941631
M11,828,382.9108,385.0474,382.1729,384.5758,384.5758,71608158
M11,829,382.4582,383.0073,381.3695,381.5164,381.5164,75355540
M11,830,385.9642,388.1455,385.3217,387.5704,387.5704,61971472
M11,831,387.2858,387.5307,385.2216,385.6924,385.6924,68341815
M11,832,388.1209,389.0564,387.1405,387.573,387.573,68805844
M11,833,386.7324,387.7323,386.0574,387.7004,387.7004,91264031
M11,834,387.499,388.046,386.6245,387.0475,387.0475,71564378
M11,835,385.2836,385.8795,384.2155,384.2155,384.2155,67582638
M11,836,386.6553,387.7507,385.4231,387.2253,387.2253,64583614
M11,837,389.6138,390.4342,389.1765,389.9522,389.9522,64627794
M11,838,387.7281,389.4811,387.3826,389.0151,389.0151,63919811
M11,839,392.8134,395.9355,392.7398,395.3944,395.3944,85783980
M11,840,394.4242,395.2377,393.2566,393.4671,393.4671,57147260
M11,841,393.7011,394.1872,386.3867,387.036,387.036,80723786
M11,842,387.6027,390.1747,387.2298,389.5246,389.5246,78131750
M11,843,393.6784,396.0246,393.2547,395.5464,395.5464,58268269
M11,844,394.6316,395.7421,392.9371,395.3217,395.3217,64495497
M11,845,394.2645,395.7215,393.3934,395.0426,395.0426,59501986
M11,846,395.6207,396.0475,394.3467,395.2388,395.2388,61272341
M11,847,391.8756,393.2942,391.0917,392.2914,392.2914,60281524
M11,848,396.3923,397.4898,393.224,394.044,394.044,75442229
M11,849,393.2536,393.3616,390.2734,390.2734,390.2734,65815871
M11,850,394.0842,395.9025,392.2563,395.4992,395.4992,57511292
M11,851,396.9982,398.0084,389.9624,390.6294,390.6294,81520845
M11,852,389.6591,393.3354,389.1035,393.2942,393.2942,79295800
M11,853,396.2171,397.5935,393.9592,396.0318,396.0318,73890239
M11,854,397.2835,397.7264,394.8045,397.7073,397.7073,68859130
M11,855,396.608,396.608,393.8154,394.6563,394.6563,66844731
M11,856,392.0419,392.5751,386.7384,389.462,389.462,79394996
M11,857,387.338,388.8145,385.4806,387.392,387.392,76028065
M11,858,385.9022,391.5859,382.6348,390.5778,390.5778,65056787
M11,859,390.9283,393.5126,388.4552,393.4967,393.4967,60943266
M11,860,395.4684,395.9687,392.4509,393.4259,393.4259,57182127
M11,861,396.64,397.1635,393.448,393.831,393.831,65608081
M11,862,386.8947,387.5155,380.9903,384.9466,384.9466,75856132
M11,863,388.9846,392.3402,387.2399,392.3275,392.3275,56762145
M11,864,392.124,394.6134,391.2889,393.3941,393.3941,70980983
M11,865,396.84,397.9147,396.1395,397.8795,397.8795,31551346
M11,866,397.7793,398.3181,396.5104,396.5327,396.5327,48288351
M11,867,397.3617,397.846,395.4754,396.1828,396.1828,57659780
M11,868,393.7984,397.222,393.7984,395.6863,395.6863,136687654
M11,869,397.4592,400.5576,397.3193,399.7273,399.7273,56115676
M11,870,399.6197,400.5106,397.0936,397.345,397.345,34465237
M11,871,400.3146,403.8404,400.3146,401.5813,401.5813,57763608
M11,872,399.1087,400.7642,399.0294,400.7356,400.7356,52231986
M11,873,403.1322,403.1322,399.6956,401.7729,401.7729,47721676
M11,874,399.9054,400.8892,399.0041,400.74,400.74,51778278
M11,875,403.2198,405.9032,401.8988,405.1708,405.1708,50776119
M11,876,404.1617,406.2024,403.9768,404.4551,404.4551,79556006
M11,877,403.517,404.3333,402.4879,403.9458,403.9458,60069213
M11,878,407.2529,407.3392,404.7336,406.313,406.313,69969449
M11,879,407.2846,409.6739,407.1374,409.3349,409.3349,58309985
M11,880,409.7656,411.3089,408.3371,409.2013,409.2013,59553957
M11,881,409.2833,409.4199,407.9939,408.0098,408.0098,60908299
M11,882,410.308,411.1938,409.6675,410.735,410.735,61515503
M11,883,410.2109,412.9273,409.9233,412.6653,412.6653,67919420
M11,884,410.9589,412.196,404.1161,404.4413,404.4413,148756219
M11,885,402.4304,407.2567,401.5142,407.0779,407.0779,80694622
M11,886,405.375,406.6774,403.6628,406.0357,406.0357,63786383
M11,887,407.0542,407.14,403.1052,403.121,403.121,85759640
M11,888,404.3355,407.6395,403.9166,407.2111,407.2111,68719137
M11,889,411.7225,411.841,409.759,410.9153,410.9153,57899281
M11,890,408.8849,409.9421,406.3969,406.5886,406.5886,59085783
M11,891,401.9492,403.9997,401.7599,402.5201,402.5201,57475005
M11,892,407.3776,408.1443,402.5413,403.9788,403.9788,84084495
M11,893,407.8539,409.9944,404.2233,407.261,407.261,76357754
M11,894,405.0969,405.8184,403.8542,404.6488,404.6488,52947487
M11,895,407.4677,409.007,405.9412,408.4073,408.4073,45018365
M11,896,406.2944,406.2944,404.1974,404.1974,404.1974,82874294
M11,897,404.6292,405.4012,404.6292,405.4012,405.4012,77421631
M11,898,402.0617,402.2337,393.9674,396.5699,396.5699,87435994
M11,899,401.0336,405.3072,400.5279,405.2208,405.2208,74512258
M11,900,406.2434,408.9516,403.8722,408.5505,408.5505,48073193
M11,901,406.0488,406.4759,405.2393,406.4568,406.4568,50804576
M11,902,404.6612,406.2764,403.8981,405.7041,405.7041,44949858
M11,903,405.7938,407.1375,402.3308,403.3777,403.3777,49464245
M11,904,400.939,402.3149,397.1631,399.0431,399.0431,57642203
M11,905,396.9353,397.0979,389.0546,391.5689,391.5689,90625306
M11,906,393.0393,395.0983,389.9603,392.461,392.461,61704173
M11,907,396.9635,401.7966,396.9635,401.5636,401.5636,63043973
M11,908,407.1223,409.7612,406.8162,407.6443,407.6443,46884408
M11,909,405.6453,408.8015,405.1985,408.4473,408.4473,47377862
M11,910,405.2549,407.5443,404.0911,406.999,406.999,55412136
M11,911,407.1914,408.1558,404.4136,405.394,405.394,51259347
M11,912,406.4496,410.8871,405.8372,410.8807,410.8807,50971209
M11,913,408.8949,410.4595,408.6468,409.5277,409.5277,69054351
M11,914,408.0337,410.2983,407.4987,408.0592,408.0592,72807683
M11,915,409.3199,410.7569,407.9655,410.1795,410.1795,48894034
M11,916,412.3478,414.7383,411.9457,413.4936,413.4936,52747841
M11,917,416.9992,418.1841,416.0417,417.012,417.012,52245197
M11,918,414.5652,417.3378,414.5652,416.914,416.914,50432093
M11,919,417.5165,419.732,416.6864,418.7967,418.7967,61099198
M11,920,421.7583,423.1186,421.7583,422.6041,422.6041,43662558
M11,921,420.2118,422.1551,420.132,421.1372,421.1372,43170630
M11,922,420.9341,422.4073,419.7091,421.4941,421.4941,53212370
M11,923,420.5449,421.4147,420.5449,421.4147,421.4147,60636123
M11,924,422.2693,423.3324,421.8556,422.559,422.559,44992711
M11,925,419.6239,420.2573,417.7396,419.0032,419.0032,44367116
M11,926,416.8055,418.5356,415.3107,417.7247,417.7247,48710362
M11,927,419.9456,420.278,417.8999,418.3122,418.3122,47740184
M11,928,407.986,408.2676,402.3849,405.8215,405.8215,77176954
M11,929,406.7131,409.0791,404.7499,408.5812,408.5812,48478161
M11,930,413.8732,414.4777,411.608,413.8191,413.8191,46003212
M11,931,414.7777,414.7777,411.1739,412.6224,412.6224,45325662
M11,932,413.7219,414.3087,413.2239,413.4079,413.4079,43311293
M11,933,414.1405,415.7936,412.7299,415.3308,415.3308,39037633
M11,934,412.8421,414.9782,412.0993,414.9401,414.9401,42352896
M11,935,416.73,417.1215,416.0585,416.5772,416.5772,30347801
M11,936,416.479,417.5811,414.0302,415.7485,415.7485,80606641
M11,937,420.1771,422.7439,419.8809,421.1802,421.1802,59490637
M11,938,421.4515,423.0815,421.3654,422.7976,422.7976,48818794
M11,939,420.4274,420.4274,415.5617,417.1233,417.1233,47825380
M11,940,422.1189,425.1249,422.1189,424.7567,424.7567,37604740
M11,941,422.7499,423.5535,421.4712,421.7422,421.7422,51310635
M11,942,416.3707,417.8871,413.1607,415.4463,415.4463,59921579
M11,943,414.0917,416.8809,414.0917,416.8809,416.8809,55595231
M11,944,415.962,416.7205,412.9563,413.6485,413.6485,58163417
M11,945,417.62,419.6851,416.9645,417.2827,417.2827,53820184
M11,946,415.0347,416.0163,412.248,415.079,415.079,53039219
M11,947,415.7562,416.1433,411.9778,411.9841,411.9841,75881781
M11,948,416.4279,418.7433,416.3704,416.6929,416.6929,62311835
M11,949,419.2069,419.86,411.4368,412.4435,412.4435,134487444
M11,950,404.7823,405.6431,401.0788,404.7093,404.7093,81465828
M11,951,406.6448,409.9339,406.6448,408.7911,408.7911,81716236
M11,952,412.6596,414.1781,411.3758,414.0417,414.0417,66596815
M11,953,416.7507,418.7154,415.8111,417.1145,417.1145,62388196
M11,954,417.4554,417.6366,414.4014,414.9258,414.9258,61868275
M11,955,419.8919,420.1409,416.374,416.7156,416.7156,75751558
M11,956,412.0803,412.479,403.9086,404.4245,404.4245,99574601
M11,957,406.2828,409.444,406.0038,406.5047,406.5047,67621556
M11,958,408.3232,409.0906,402.724,402.9451,402.9451,90582898
M11,959,399.7032,406.7977,399.3188,405.3807,405.3807,78185063
M11,960,404.7923,407.7975,403.3535,404.1,404.1,62549145
M11,961,401.5115,406.4399,401.2019,406.3831,406.3831,73598057
M11,962,407.2458,407.7455,402.2965,406.7108,406.7108,82623204
M11,963,407.9391,410.0773,405.7757,409.6205,409.6205,75991011
M11,964,408.9628,409.3458,406.19,406.2343,406.2343,65563480
M11,965,406.6993,408.0317,404.8338,407.4416,407.4416,67268839
M11,966,402.1361,406.3244,402.1361,405.8206,405.8206,58617346
M11,967,405.2897,410.7667,404.6388,410.173,410.173,61719081
M11,968,413.8598,416.6797,412.5324,416.2892,416.2892,54217327
M11,969,416.9987,417.9949,415.4903,417.5585,417.5585,76809204
M11,970,415.0526,415.1347,412.3493,414.2978,414.2978,51910851
M11,971,415.9723,416.3926,414.6608,415.7922,415.7922,55757798
M11,972,415.4127,419.6758,415.4127,419.2476,419.2476,59411688
M11,973,418.8179,421.5213,418.353,420.6361,420.6361,52440527
M11,974,420.5575,423.0238,420.3074,421.5231,421.5231,51839936
M11,975,422.716,422.716,420.1671,420.6009,420.6009,51119600
M11,976,420.2401,423.054,419.8607,422.507,422.507,64944064
M11,977,422.4636,423.1438,420.9229,422.0144,422.0144,63098219
M11,978,424.847,427.7675,424.7387,427.7675,427.7675,68470281
M11,979,424.2418,426.8121,422.4213,426.7263,426.7263,70614328
M11,980,426.8301,428.5855,426.1216,427.6587,427.6587,60110383
M11,981,428.1618,430.3498,428.1618,429.9497,429.9497,53412041
M11,982,427.6217,429.6934,427.6217,429.627,429.627,52151967
M11,983,432.7507,433.4542,431.781,432.9028,432.9028,62221415
M11,984,432.3555,436.1395,432.3302,434.7905,434.7905,64734758
M11,985,434.7308,435.9531,434.5851,434.6484,434.6484,51389243
M11,986,431.945,434.5639,431.5758,432.4214,432.4214,51741872
M11,987,434.774,434.774,433.6973,433.6973,433.6973,67756084
M11,988,432.9834,435.2784,432.6977,435.2498,435.2498,56951558
M11,989,432.9029,434.4943,432.243,434.428,434.428,50591899
M11,990,436.1383,437.9505,436.0369,437.9314,437.9314,57700222
M11,991,441.7787,441.7787,441.7119,441.7119,441.7119,59622529
M11,992,439.266,439.8925,438.7281,439.1363,439.1363,51516182
M11,993,437.3506,439.1433,435.5548,436.1765,436.1765,60878729
M11,994,437.6249,438.3421,432.0073,433.6819,433.6819,96098820
M11,995,435.9917,436.6981,433.2892,433.3209,433.3209,82119455
M11,996,429.3721,432.1647,426.133,428.0074,428.0074,59368345
M11,997,428.5206,430.118,424.1583,428.1188,428.1188,69600871
M11,998,429.3272,430.2998,428.3484,430.1198,430.1198,44450390
M11,999,415.8892,420.1279,412.699,413.076,413.076,136191503
M11,1000,419.5292,420.1478,415.6014,416.3914,416.3914,85887346
M11,1001,410.9032,416.3778,408.8289,412.0831,412.0831,137410749
M11,1002,413.8644,420.1167,413.8644,419.1594,419.1594,81455147
M11,1003,416.7523,419.5731,413.8138,416.3607,416.3607,86082400
M11,1004,415.2676,415.7244,407.3382,409.0678,409.0678,73252204
M11,1005,413.3436,416.8259,410.8956,415.9087,415.9087,71689695
M11,1006,422.5707,430.7775,422.5008,430.5807,430.5807,77071819
M11,1007,431.6334,433.8253,428.5877,428.5877,428.5877,63155355
M11,1008,427.2425,427.3882,423.179,424.0056,424.0056,52623380
M11,1009,422.245,426.0429,422.245,423.3532,423.3532,49781454
M11,1010,426.6894,428.3865,421.6269,421.9204,421.9204,56203262
M11,1011,421.9915,422.9283,416.263,416.5233,416.5233,65859104
M11,1012,416.0361,417.3254,414.8511,415.4641,415.4641,57548820
M11,1013,424.074,424.5837,419.8226,419.8448,419.8448,76456972
M11,1014,416.7451,417.8501,412.3439,415.3969,415.3969,124183531
M11,1015,408.8627,414.6797,408.1193,413.8378,413.8378,69392497
M11,1016,419.4257,422.2282,419.4257,422.1581,422.1581,60413260
M11,1017,421.0124,424.0642,419.3726,424.042,424.042,42205222
M11,1018,428.8131,431.9335,427.6753,431.347,431.347,42514013
M11,1019,429.9501,430.9075,429.2693,429.2948,429.2948,10134105
M11,1020,423.7428,428.6921,423.7428,428.1853,428.1853,26558852
M11,1021,430.6522,433.2297,430.6047,432.4381,432.4381,30321065
M11,1022,430.3285,431.132,427.1052,428.5798,428.5798,34965848
M11,1023,432.536,434.287,432.536,433.8738,433.8738,27340267
M11,1024,431.9361,432.3894,431.1024,431.6445,431.6445,15555788
M12,0,15996.4983,16031.8578,15952.8789,16005.9509,16005.9509,1258507373
M12,1,16148.4771,16207.9171,16132.2974,16195.4143,16195.4143,1746797038
M12,2,16172.0143,16263.4186,16170.9844,16243.4472,16243.4472,1427466762
M12,3,16223.8309,16343.2533,16221.951,16340.7211,16340.7211,1311154574
M12,4,16310.333,16312.6465,16263.2935,16293.9634,16293.9634,1233342443
M12,5,16370.258,16452.8648,16367.9035,16417.9549,16417.9549,1182395523
M12,6,16315.1564,16351.7083,16256.4944,16328.6729,16328.6729,1284990679
M12,7,16390.2891,16504.3952,16388.7337,16503.9503,16503.9503,1331777974
M12,8,16607.2082,16718.6461,16603.7684,16713.9563,16713.9563,1445785109
M12,9,16697.8045,16761.0936,16514.9221,16572.6656,16572.6656,2451187501
M12,10,16675.6856,16817.061,16646.2355,16807.5368,16807.5368,1783683586
M12,11,16829.3067,16831.7968,16699.1554,16744.5215,16744.5215,1888955763
M12,12,16626.4522,16680.432,16597.9691,16680.432,16680.432,2147754855
M12,13,16825.4176,16948.1948,16792.6594,16947.787,16947.787,1714954149
M12,14,16968.0386,16988.3112,16922.1028,16965.4116,16965.4116,1577453248
M12,15,16977.5326,17049.0616,16864.4026,16958.1849,16958.1849,1960071256
M12,16,16866.4559,16959.5211,16832.2655,16917.5612,16917.5612,1512846533
M12,17,17024.1275,17120.5928,16997.504,17120.5928,17120.5928,1601713985
M12,18,17132.4089,17148.2761,17036.4239,17039.0924,17039.0924,1537653348
M12,19,16877.8524,16915.5664,16768.3143,16799.5406,16799.5406,1520948767
M12,20,16872.7152,16917.5877,16733.2089,16796.4203,16796.4203,1714172740
M12,21,16756.9491,16900.6387,16712.8775,16823.5527,16823.5527,1515689592
M12,22,16767.402,16767.402,16399.9542,16419.4488,16419.4488,1886611521
M12,23,16292.777,16410.2313,15383.5531,15654.8238,15654.8238,2853150617
M12,24,15503.5297,16057.791,15306.2821,16036.2523,16036.2523,3184196983
M12,25,15971.4575,16228.8011,15902.5297,15971.7657,15971.7657,1939980339
M12,26,16070.1774,16071.0672,15390.6006,15397.8479,15397.8479,2525031066
M12,27,15487.3039,15738.7078,15079.1011,15615.262,15615.262,2657330224
M12,28,15640.5951,15915.2628,15610.2112,15809.9389,15809.9389,1705925859
M12,29,15832.9813,15939.6884,15756.0106,15897.5764,15897.5764,1405078180
M12,30,15819.6331,16071.1713,15790.3219,16050.2432,16050.2432,1567314226
M12,31,16095.7099,16196.0382,15942.514,16193.7376,16193.7376,1564670913
M12,32,16238.5478,16410.4967,16227.7851,16273.0314,16273.0314,1593281887
M12,33,16267.2985,16302.3256,16111.4422,16163.6017,16163.6017,1549835867
M12,34,16131.6649,16312.3805,16005.7324,16008.8241,16008.8241,1678869086
M12,35,16005.9672,16200.0,16005.5936,16074.9165,16074.9165,1465433903
M12,36,16185.3003,16355.485,16171.2285,16352.9523,16352.9523,1186802867
M12,37,16327.9544,16539.7085,16324.8763,16524.5839,16524.5839,1657449864
M12,38,16547.8833,16589.4015,16337.0148,16338.4289,16338.4289,1553110456
M12,39,16326.1902,16384.4862,16029.7578,16034.1007,16034.1007,1667769300
M12,40,16142.3919,16246.4493,15767.2944,15874.6478,15874.6478,1909538427
M12,41,15692.0059,15819.0803,15578.054,15784.0873,15784.0873,1657052246
M12,42,15713.7963,16028.2413,15659.7544,15972.8637,15972.8637,1339315137
M12,43,16067.2955,16086.184,15901.5888,16014.6698,16014.6698,1189921105
M12,44,15916.193,15975.0342,15772.8136,15943.9706,15943.9706,1437800696
M12,45,16036.274,16098.9134,15939.257,16063.2453,16063.2453,1136307034
M12,46,16075.3294,16288.4077,16075.3294,16288.0285,16288.0285,1414228868
M12,47,16388.4643,16438.0131,16246.0915,16263.2663,16263.2663,1364532205
M12,48,16167.5357,16243.4841,15968.9441,16007.0489,16007.0489,1735272065
M12,49,16111.6199,16139.3312,15843.0772,15900.4214,15900.4214,1341321487
M12,50,15954.9937,16094.1205,15901.0337,15978.3578,15978.3578,1192488269
M12,51,15937.963,16036.4072,15924.9896,15982.2776,15982.2776,2465575908
M12,52,15911.8706,15911.8706,15630.2749,15731.1201,15731.1201,1347735440
M12,53,15861.3705,15959.7978,15861.3705,15910.6771,15910.6771,1353494939
M12,54,15865.5465,16028.646,15821.8519,15839.1206,15839.1206,1176378967
M12,55,15729.4208,15729.4208,15352.7835,15365.0653,15365.0653,1538369387
M12,56,15377.0328,15449.634,15065.509,15080.978,15080.978,1724221393
M12,57,15250.1791,15510.407,15196.0806,15491.3961,15491.3961,1776291619
M12,58,15532.1123,15640.6229,15168.7787,15264.096,15264.096,1773424113
M12,59,15294.0376,15428.1253,15195.1578,15271.8422,15271.8422,1964518028
M12,60,15341.707,15575.6015,15328.2232,15440.3135,15440.3135,1853622520
M12,61,15442.7938,15473.0687,14973.2357,15165.4448,15165.4448,1845218408
M12,62,15266.8235,15489.7345,15244.9202,15482.6545,15482.6545,1403410334
M12,63,15265.4193,15688.0072,15180.8836,15659.1854,15659.1854,1307071137
M12,64,15621.159,15819.2669,15621.159,15744.0718,15744.0718,1309462589
M12,65,15710.5736,15749.7641,15301.0114,15426.4199,15426.4199,1506447992
M12,66,15370.318,15584.9492,15317.4438,15332.9625,15332.9625,1426784722
M12,67,15579.1504,15780.272,15579.1504,15713.7361,15713.7361,1322537832
M12,68,15636.296,15695.8035,15556.8589,15581.7104,15581.7104,1061555150
M12,69,15495.3411,15679.7964,15495.3411,15610.2551,15610.2551,1209095859
M12,70,15840.9872,15881.9892,15622.4865,15697.494,15697.494,1210335838
M12,71,15782.8727,15906.7787,15780.9703,15840.8187,15840.8187,1239279752
M12,72,15813.4036,15926.9223,15813.4036,15880.5748,15880.5748,1284637821
M12,73,15923.235,15930.7341,15859.2364,15876.5451,15876.5451,1085791316
M12,74,15876.0096,15908.8905,15776.8964,15846.1929,15846.1929,1315420607
M12,75,15808.1683,15821.4263,15627.1491,15683.5032,15683.5032,2025626674
M12,76,15681.7515,15713.0152,15579.5904,15656.5327,15656.5327,1169000939
M12,77,15815.7831,15815.7831,15332.4231,15458.1521,15458.1521,1670967481
M12,78,15510.0175,15559.0799,15350.7823,15518.8007,15518.8007,1480156353
M12,79,15558.8026,15735.3171,15558.8026,15683.653,15683.653,1551968628
M12,80,15658.4304,15669.5205,15563.4258,15638.5207,15638.5207,1489297941
M12,81,15590.9238,15647.0146,15432.9541,15432.999,15432.999,1428332999
M12,82,15365.5634,15365.5634,15168.6304,15353.9435,15353.9435,1348348570
M12,83,15468.9715,15525.3898,15333.3126,15358.1422,15358.1422,1408268372
M12,84,15268.2263,15370.6626,15072.9108,15328.3865,15328.3865,1395941967
M12,85,15418.5086,15720.9508,15362.7198,15675.1836,15675.1836,1187318717
M12,86,15558.2712,15661.7827,15523.5686,15583.6454,15583.6454,1098895704
M12,87,15667.5403,15713.2338,15575.4907,15679.6805,15679.6805,1346814172
M12,88,15632.1913,15752.1922,15583.941,15724.0396,15724.0396,1261776885
M12,89,15779.8105,15910.282,15769.7042,15874.6942,15874.6942,1041837199
M12,90,15947.778,16018.6386,15921.2781,15994.4963,15994.4963,1097310729
M12,91,15938.9127,16012.4721,15928.118,15951.7519,15951.7519,1175308021
M12,92,15932.7127,15932.7127,15817.0138,15866.4758,15866.4758,1094702540
M12,93,15888.6299,15939.3178,15856.797,15918.585,15918.585,1041174340
M12,94,15896.4016,15952.3321,15823.8311,15871.7277,15871.7277,1195581428
M12,95,15790.1918,15833.1699,15762.8063,15794.9013,15794.9013,1016130805
M12,96,15905.3837,16035.417,15905.3837,15988.6264,15988.6264,1161841711
M12,97,16113.2985,16124.5174,15961.8056,15976.1833,15976.1833,937591635
M12,98,15910.8038,15995.4743,15852.584,15993.771,15993.771,1265758059
M12,99,15908.6852,15908.6852,15735.0914,15866.7353,15866.7353,1308794861
M12,100,15946.5072,15974.1332,15886.3547,15928.3612,15928.3612,944406478
M12,101,15797.8167,15816.1718,15567.4936,15640.4326,15640.4326,1406258448
M12,102,15600.0672,15757.3252,15594.4946,15727.5497,15727.5497,1206461439
M12,103,15772.5822,15772.5822,15600.4868,15641.2875,15641.2875,1559847130
M12,104,15688.2172,15772.2832,15688.2172,15747.7437,15747.7437,1150515733
M12,105,15945.9125,16030.9174,15942.4237,16001.4602,16001.4602,1307904049
M12,106,16001.6075,16013.6378,15931.1422,15988.6241,15988.6241,1114687958
M12,107,15984.506,16172.5067,15984.506,16172.4615,16172.4615,1177667274
M12,108,16186.9219,16272.9894,16169.1491,16218.5794,16218.5794,1395443074
M12,109,16070.9919,16145.1601,16043.2033,16139.3579,16139.3579,1230149344
M12,110,16238.1252,16280.5269,16208.3424,16228.9224,16228.9224,947838626
M12,111,16311.273,16322.566,16247.0614,16294.4835,16294.4835,920560129
M12,112,16365.9223,16387.5163,16277.2518,16283.5707,16283.5707,1179686333
M12,113,16230.5125,16280.5444,16155.9296,16179.5228,16179.5228,1183269235
M12,114,16193.872,16202.969,16050.5258,16176.9601,16176.9601,2395589109
M12,115,15966.8965,16004.5475,15891.0381,15994.5434,15994.5434,1196837094
M12,116,15840.0655,15840.0655,15714.7963,15799.5251,15799.5251,1403728130
M12,117,15883.249,15904.7868,15791.6991,15810.5569,15810.5569,1285331315
M12,118,15796.5211,15796.5211,15647.411,15682.716,15682.716,1280536220
M12,119,15680.051,15767.1292,15680.051,15714.5219,15714.5219,1658040186
M12,120,15795.6811,15795.6811,15550.7499,15659.4885,15659.4885,1504030132
M12,121,15604.3388,15670.0932,15578.203,15605.122,15605.122,1215775374
M12,122,15544.0563,15714.1301,15424.2678,15425.3996,15425.3996,1214033978
M12,123,15444.0768,15600.654,15401.0909,15541.5394,15541.5394,1005980101
M12,124,15705.5892,15825.4217,15670.581,15671.6781,15671.6781,1119981249
M12,125,15494.4004,15595.6532,15440.5526,15587.8037,15587.8037,925869757
M12,126,15634.5426,15689.4127,15500.6951,15516.0802,15516.0802,628640295
M12,127,15609.639,15665.5455,15539.9776,15655.2226,15655.2226,818044365
M12,128,15657.8604,15765.7622,15612.2097,15724.7354,15724.7354,771315517
M12,129,15699.6488,15877.2171,15699.1561,15864.4561,15864.4561,936889871
M12,130,15931.583,16020.4731,15931.583,16003.9547,16003.9547,896108052
M12,131,16014.2382,16030.8275,15933.0606,15956.7232,15956.7232,963097999
M12,132,15941.3103,16029.4081,15941.3103,16019.7158,16019.7158,915356120
M12,133,15870.5824,15945.1666,15847.6548,15930.0124,15930.0124,906466046
M12,134,16045.7384,16075.7647,16016.2833,16070.6027,16070.6027,898830336
M12,135,16118.4572,16196.6679,16089.9272,16173.8107,16173.8107,818399809
M12,136,16135.1642,16187.5049,16114.191,16177.2133,16177.2133,921433927
M12,137,16126.4185,16136.0533,16070.9099,16078.5313,16078.5313,1145609366
M12,138,16154.4118,16207.9299,16119.0653,16165.3649,16165.3649,1012908780
M12,139,16054.8041,16083.3708,16020.4524,16059.542,16059.542,894540934
M12,140,16083.4369,16207.9061,16083.4369,16179.2678,16179.2678,1072591342
M12,141,16163.214,16323.1344,16118.1919,16311.0879,16311.0879,989440154
M12,142,16317.8371,16393.8821,16314.3833,16355.3309,16355.3309,1088902913
M12,143,16345.1947,16383.4317,16248.8361,16300.7081,16300.7081,1127829868
M12,144,16306.7143,16345.7129,16209.3205,16221.7875,16221.7875,1127163961
M12,145,16262.2931,16355.8235,16262.2931,16307.1935,16307.1935,1365858558
M12,146,16283.2328,16300.6085,16166.0019,16201.4953,16201.4953,1205512692
M12,147,16217.6352,16284.4356,16130.0638,16262.3979,16262.3979,1110864795
M12,148,16386.5251,16456.0061,16363.7813,16452.5684,16452.5684,942283835
M12,149,16285.133,16350.8114,16249.2504,16326.5862,16326.5862,897629917
M12,150,16439.3288,16530.0901,16439.3288,16489.0359,16489.0359,845067474
M12,151,16417.228,16429.0134,16379.9016,16396.7379,16396.7379,792720367
M12,152,16348.5563,16363.5835,16286.5222,16297.0898,16297.0898,772995897
M12,153,16226.279,16226.279,16112.3755,16170.0334,16170.0334,842100281
M12,154,16299.4647,16334.3462,16187.9624,16209.6949,16209.6949,816885549
M12,155,16168.0795,16247.472,16159.218,16222.0873,16222.0873,738165967
M12,156,16161.5593,16161.5593,15988.8988,16114.8339,16114.8339,1088920021
M12,157,16277.6079,16478.6211,16277.6079,16447.3404,16447.3404,1256841075
M12,158,16447.987,16562.1597,16429.2281,16524.2824,16524.2824,1044892930
M12,159,16531.3933,16571.534,16524.1394,16551.3061,16551.3061,936170679
M12,160,16511.6443,16576.847,16510.3061,16534.2464,16534.2464,947979893
M12,161,16609.14,16616.2786,16543.1339,16550.3178,16550.3178,738707929
M12,162,16481.5266,16512.0999,16413.0493,16444.4301,16444.4301,863615714
M12,163,16306.823,16394.0878,16306.823,16371.4251,16371.4251,740058029
M12,164,16581.9342,16700.3656,16581.9342,16688.8789,16688.8789,863720307
M12,165,16729.3173,16748.2575,16694.1505,16710.9293,16710.9293,710365746
M12,166,16640.4595,16694.9505,16610.328,16667.2813,16667.2813,892175171
M12,167,16651.6006,16655.02,16546.8325,16580.0854,16580.0854,941428392
M12,168,16521.0765,16561.7864,16466.9412,16521.0579,16521.0579,948576837
M12,169,16520.2538,16555.7594,16450.0569,16543.4635,16543.4635,996339708
M12,170,16650.7246,16709.4271,16619.3754,16686.1529,16686.1529,1114753510
M12,171,16477.3316,16541.1906,16418.8527,16491.8275,16491.8275,1071749358
M12,172,16663.4235,16696.7944,16578.2611,16641.2832,16641.2832,1100158718
M12,173,16521.079,16551.6212,16433.5032,16435.3716,16435.3716,957503869
M12,174,16653.1029,16768.3157,16597.1523,16736.8286,16736.8286,952675363
M12,175,16548.0766,16647.821,16510.1015,16554.3482,16554.3482,1051702737
M12,176,16754.7583,16823.9391,16743.9289,16794.616,16794.616,930099972
M12,177,16676.7882,16703.2655,16612.252,16667.299,16667.299,878011430
M12,178,16750.0487,16771.0638,16672.3498,16692.698,16692.698,847193362
M12,179,16702.7785,16857.2305,16702.7785,16812.1502,16812.1502,939546862
M12,180,16897.9238,17011.4238,16893.3726,16973.7231,16973.7231,878655192
M12,181,16869.0673,16982.3571,16869.0673,16956.5887,16956.5887,866576765
M12,182,17029.489,17056.8306,17000.2546,17040.4804,17040.4804,2671730886
M12,183,17075.4152,17078.4136,16975.3036,16983.8532,16983.8532,994370569
M12,184,17054.6412,17075.9708,16973.8609,16984.5231,16984.5231,881584749
M12,185,16964.7336,17008.992,16844.8544,16867.8301,16867.8301,927946312
M12,186,16922.1349,17011.0045,16897.5889,16936.0092,16936.0092,827466324
M12,187,16906.0443,16975.2491,16890.6221,16938.4704,16938.4704,1015599296
M12,188,17062.1709,17151.7343,17060.69,17096.0738,17096.0738,936843916
M12,189,17157.4557,17270.6861,17143.7742,17237.9537,17237.9537,906552580
M12,190,17217.9723,17293.9063,17189.4886,17214.7126,17214.7126,964294675
M12,191,17164.7651,17171.0072,16964.5161,17064.4071,17064.4071,1091729561
M12,192,17072.2095,17100.0238,16860.0572,16953.1595,16953.1595,965686824
M12,193,16955.8214,17039.2538,16842.5494,17011.9117,17011.9117,1059147169
M12,194,16875.6964,16920.8038,16783.2315,16851.0744,16851.0744,1020279049
M12,195,16926.9255,16956.4616,16367.0222,16387.2772,16387.2772,1499746190
M12,196,16371.9011,16477.921,15975.0108,16073.2102,16073.2102,1945946941
M12,197,16258.6642,16297.0077,15998.3472,16215.3801,16215.3801,1438919339
M12,198,16292.0933,16388.5366,16235.1247,16239.4143,16239.4143,1181683804
M12,199,16188.9804,16486.6548,16188.9804,16474.3559,16474.3559,1250547665
M12,200,16405.8976,16472.4129,16261.2083,16406.4149,16406.4149,1141935085
M12,201,16422.6121,16452.0053,16160.3486,16252.2027,16252.2027,1200587075
M12,202,16236.2067,16356.0385,16190.8148,16251.0563,16251.0563,1253310135
M12,203,16327.5035,16371.825,16163.48,16215.59,16215.59,1142133249
M12,204,16016.2478,16188.4703,15843.7479,16114.0966,16114.0966,1636535355
M12,205,16136.4373,16221.9177,15726.3793,15758.5783,15758.5783,1757621114
M12,206,15878.3852,16114.4439,15819.9861,16037.5839,16037.5839,1623917987
M12,207,15839.2149,15932.5165,15631.3566,15786.8192,15786.8192,1764938911
M12,208,15899.8214,16041.7851,15453.4614,15658.9052,15658.9052,1478897087
M12,209,15589.5123,15859.9122,15547.2626,15839.5105,15839.5105,1872218380
M12,210,16012.6776,16222.5173,16012.6776,16081.149,16081.149,1664808946
M12,211,16109.8518,16272.8532,16088.085,16262.7739,16262.7739,1447480735
M12,212,16307.0642,16393.8312,16073.2095,16196.3344,16196.3344,1509181267
M12,213,16095.4669,16252.1298,16095.4669,16223.0434,16223.0434,1311777235
M12,214,16337.2992,16465.0492,16332.2094,16454.2341,16454.2341,948643032
M12,215,16524.1825,16787.9699,16509.7141,16775.2573,16775.2573,1354614028
M12,216,16738.4602,16826.9759,16701.5188,16771.522,16771.522,1012028112
M12,217,16671.7425,16679.6361,16502.0233,16569.8542,16569.8542,1215473262
M12,218,16646.9749,16651.708,16250.1432,16280.0712,16280.0712,1255884878
M12,219,16092.3678,16213.003,16011.3813,16070.3018,16070.3018,1296373707
M12,220,16141.6141,16213.5918,15854.0696,15946.0563,15946.0563,1275650529
M12,221,15986.6845,16173.6399,15812.0971,16131.9909,16131.9909,1432145005
M12,222,16084.7306,16255.4275,16024.4829,16193.6117,16193.6117,1280069023
M12,223,16296.533,16296.533,15981.0142,16055.7555,16055.7555,1272582006
M12,224,15660.6921,15717.0406,15501.8509,15563.3393,15563.3393,1711268504
M12,225,15631.3714,15712.987,15581.4543,15582.3524,15582.3524,1073589701
M12,226,15641.2908,15687.8234,15597.8048,15608.8652,15608.8652,613765985
M12,227,15570.4898,15768.0649,15570.4898,15746.9443,15746.9443,1089413110
M12,228,15682.9417,15806.652,15592.9006,15805.3748,15805.3748,1143468767
M12,229,15886.2946,16229.247,15886.2946,16227.6476,16227.6476,1459658464
M12,230,16227.4912,16314.1803,16137.298,16224.411,16224.411,1105753967
M12,231,16169.3716,16324.3559,16133.4832,16317.1679,16317.1679,1715513879
M12,232,16433.1923,16561.0907,16363.6716,16463.0628,16463.0628,1510689246
M12,233,16520.033,16533.2211,16042.4743,16054.6376,16054.6376,1550051769
M12,234,15848.6335,15985.4751,15531.372,15983.3353,15983.3353,1894690851
M12,235,15924.4905,16037.4746,15519.3036,15585.8738,15585.8738,1541178485
M12,236,15600.5939,15690.1602,15293.4739,15640.4972,15640.4972,1318627505
M12,237,15866.686,15912.4823,15546.4951,15642.2473,15642.2473,1342974956
M12,238,15719.931,15924.6628,15719.931,15731.5913,15731.5913,1285361185
M12,239,15776.0208,15882.0048,15710.1777,15789.8362,15789.8362,1144277873
M12,240,15600.4138,15615.1791,15361.2116,15403.8562,15403.8562,1588662297
M12,241,15402.8328,15467.8492,15062.5328,15149.9274,15149.9274,1561610873
M12,242,15186.4893,15287.8462,15024.7723,15126.7569,15126.7569,1503887370
M12,243,15201.8855,15435.438,14861.3897,14964.7015,14964.7015,1956153500
M12,244,14916.7628,14954.0674,14544.3539,14682.6333,14682.6333,2240848197
M12,245,14636.4744,14881.474,14332.248,14363.6237,14363.6237,3234253705
M12,246,14224.4043,14238.8025,13889.7331,13889.7331,13889.7331,1106033817
M12,247,14045.9588,14702.1836,13952.6513,14701.8812,14701.8812,1566144349
M12,248,14536.4508,14863.9553,14304.1402,14863.9102,14863.9102,1524384872
M12,249,14920.2429,15028.3972,14770.9484,14823.0553,14823.0553,1306154985
M12,250,14873.5494,14988.6892,14850.656,14985.0156,14985.0156,1216507538
M12,251,14742.8217,14969.7069,14659.692,14926.7222,14926.7222,1296129953
M12,252,14707.9401,14707.9401,14366.533,14396.874,14396.874,1699669564
M12,253,14702.7577,15103.3013,14702.7577,15048.4071,15048.4071,1337626788
M12,254,15062.0611,15199.039,14951.2689,15098.6923,15098.6923,1240969595
M12,255,15163.2522,15281.2846,15099.942,15231.8502,15231.8502,1046228238
M12,256,15291.3272,15445.5223,15200.8338,15313.6763,15313.6763,1186771580
M12,257,15187.9933,15317.9049,15119.1949,15309.7025,15309.7025,1249920091
M12,258,15306.2909,15342.2937,15215.5979,15342.0564,15342.0564,961706603
M12,259,15296.8768,15350.9214,15223.0274,15315.6519,15315.6519,952854119
M12,260,15336.1973,15454.8585,15319.4082,15433.3422,15433.3422,1096467347
M12,261,15489.8849,15585.301,15476.93,15533.0373,15533.0373,1149225097
M12,262,15491.7713,15701.799,15454.4393,15634.8451,15634.8451,1102757869
M12,263,15650.3836,15788.1901,15602.4388,15760.2047,15760.2047,1234760831
M12,264,15778.2286,15778.2286,15545.1889,15647.8881,15647.8881,1282850173
M12,265,15652.4794,15731.2794,15480.4739,15651.4407,15651.4407,1304642628
M12,266,15816.3413,15846.1593,15715.169,15799.1474,15799.1474,1096439007
M12,267,15784.486,15895.0598,15777.7975,15816.4474,15816.4474,1376362592
M12,268,15834.1273,15834.1273,15658.3592,15789.8637,15789.8637,1276287239
M12,269,15728.083,15827.668,15718.0892,15766.7892,15766.7892,1138438083
M12,270,15888.5097,16069.6882,15865.7141,16009.0437,16009.0437,1490562603
M12,271,16004.175,16065.1908,15932.095,16033.1566,16033.1566,2052151367
M12,272,16010.481,16117.8602,15983.0858,16035.1635,16035.1635,1349353361
M12,273,15993.1834,16106.6393,15939.2928,16106.294,16106.294,1174334511
M12,274,16246.4776,16336.0305,16246.2982,16325.8791,16325.8791,1119834969
M12,275,16215.9456,16259.0674,16177.9106,16227.9169,16227.9169,968960313
M12,276,16197.7202,16228.7806,16027.6441,16135.995,16135.995,1145307037
M12,277,16008.8131,16049.7463,15906.9645,16049.7076,16049.7076,957589403
M12,278,16103.3495,16137.8964,16017.711,16045.8981,16045.8981,830916561
M12,279,16162.1394,16359.3795,16162.1394,16338.0326,16338.0326,993305840
M12,280,16411.6964,16505.1458,16411.6964,16451.8935,16451.8935,929762559
M12,281,16356.9666,16420.0865,16258.9555,16343.3085,16343.3085,1085118219
M12,282,16397.1835,16601.8481,16397.1835,16601.5462,16601.5462,1131836814
M12,283,16590.9159,16662.5363,16571.7641,16617.5326,16617.5326,1051225466
M12,284,16563.971,16636.9175,16547.4666,16616.5842,16616.5842,1034442244
M12,285,16673.316,16683.9099,16570.2757,16627.1475,16627.1475,853684623
M12,286,16676.4934,16770.8832,16676.4934,16757.3072,16757.3072,1070440488
M12,287,16754.1017,16828.0214,16724.9298,16732.1693,16732.1693,1036269454
M12,288,16765.795,16832.5192,16710.7064,16769.8952,16769.8952,944109476
M12,289,16662.2943,16690.5481,16586.4299,16655.6029,16655.6029,979780000
M12,290,16721.1573,16750.0713,16664.7093,16677.2188,16677.2188,1270036323
M12,291,16647.9874,16727.4854,16580.6135,16652.2425,16652.2425,1065336216
M12,292,16739.6547,16761.3087,16412.4266,16545.7812,16545.7812,1071460591
M12,293,16542.4741,16573.2674,16476.2253,16528.1025,16528.1025,913778313
M12,294,16443.7269,16455.7321,16325.871,16351.1875,16351.1875,978187483
M12,295,16514.9261,16514.9261,16326.3079,16404.0222,16404.0222,1154683708
M12,296,16288.0656,16364.3799,16227.0706,16354.1624,16354.1624,900263098
M12,297,16132.5655,16422.8793,16132.5655,16415.9995,16415.9995,1088083699
M12,298,16483.5445,16531.9249,16433.2375,16454.1574,16454.1574,1158613583
M12,299,16583.6221,16673.7032,16540.9813,16626.0948,16626.0948,1207129645
M12,300,16378.7704,16417.3577,16333.5081,16390.0088,16390.0088,1150607021
M12,301,16512.7644,16645.6251,16467.0146,16594.881,16594.881,2387674592
M12,302,16547.4562,16626.2681,16537.0535,16619.4252,16619.4252,1165428207
M12,303,16715.1916,16793.5392,16603.952,16650.5583,16650.5583,1160827596
M12,304,16560.353,16599.8723,16434.1339,16482.1733,16482.1733,1284471954
M12,305,16495.3858,16701.8063,16475.6979,16671.3753,16671.3753,1252797381
M12,306,16624.1502,16644.9648,16403.3916,16403.9519,16403.9519,1388606425
M12,307,16427.8759,16500.4096,16351.5319,16444.7024,16444.7024,1034846670
M12,308,16526.7185,16621.2598,16459.2051,16531.9826,16531.9826,1140748033
M12,309,16532.5705,16585.2595,16370.9105,16499.8934,16499.8934,1010932322
M12,310,16453.4691,16485.5456,16378.7811,16468.9283,16468.9283,931013303
M12,311,16599.7966,16678.215,16564.0351,16664.9489,16664.9489,1053479186
M12,312,16671.827,16803.4114,16669.6467,16789.0379,16789.0379,1090282900
M12,313,16810.196,16815.1271,16751.6856,16788.1233,16788.1233,932238491
M12,314,16844.393,16872.7306,16780.478,16831.6185,16831.6185,1046323111
M12,315,16719.8773,16838.1835,16719.4687,16829.0819,16829.0819,813392475
M12,316,17093.3851,17132.1995,17056.6854,17091.7226,17091.7226,808057155
M12,317,16862.5611,16883.0559,16819.8542,16880.729,16880.729,795734559
M12,318,16822.8832,16824.6786,16732.8837,16763.2938,16763.2938,802462983
M12,319,16779.3652,16802.3025,16732.9059,16768.7549,16768.7549,702259688
M12,320,16833.4244,16860.2093,16752.6769,16804.3961,16804.3961,834068922
M12,321,16946.7154,16997.438,16915.8099,16981.7636,16981.7636,1391516382
M12,322,17079.7445,17090.7977,17020.6687,17064.8751,17064.8751,887919316
M12,323,17015.9546,17047.1317,16961.3384,16996.9807,16996.9807,1200044863
M12,324,16976.6963,16997.5352,16927.5208,16964.5161,16964.5161,1355343481
M12,325,17091.0951,17180.8996,17078.9276,17153.2054,17153.2054,1254694530
M12,326,16917.7078,16944.6893,16884.422,16917.8872,16917.8872,823054680
M12,327,17125.827,17243.4691,17119.1937,17217.9098,17217.9098,1173044308
M12,328,17142.0966,17160.1179,17097.2669,17106.3944,17106.3944,1105295698
M12,329,16927.5062,16998.0384,16853.1444,16950.381,16950.381,1183127724
M12,330,17002.0568,17059.2184,16962.1663,17059.0703,17059.0703,1174848416
M12,331,17137.8207,17165.3536,17112.579,17134.2857,17134.2857,1150735102
M12,332,17146.1979,17158.7562,17033.313,17145.1339,17145.1339,1332863667
M12,333,17074.2172,17106.4761,16937.9009,16940.3107,16940.3107,1113086756
M12,334,16973.7632,17004.32,16827.9884,16909.8966,16909.8966,1029602790
M12,335,16975.4704,17075.7437,16969.646,17056.4306,17056.4306,919590636
M12,336,16690.9265,16892.3169,16610.1089,16868.2068,16868.2068,959391233
M12,337,16824.9311,16824.9311,16512.9868,16625.2808,16625.2808,1264358083
M12,338,16564.0784,16681.7987,16535.7333,16585.5012,16585.5012,1019928432
M12,339,16687.1916,16691.087,16454.1157,16654.6345,16654.6345,1230603886
M12,340,16592.7931,16757.4088,16403.5355,16707.8493,16707.8493,1103580587
M12,341,16490.115,16490.115,16267.2521,16333.3469,16333.3469,1441088067
M12,342,16344.4815,16540.8234,16344.4815,16439.7908,16439.7908,1111146352
M12,343,16280.8687,16489.0319,16243.5695,16439.7594,16439.7594,1020663008
M12,344,16475.606,16645.857,16475.606,16584.9676,16584.9676,1133179286
M12,345,16543.0856,16690.2441,16503.0979,16571.4191,16571.4191,986609999
M12,346,16470.2626,16532.15,16409.4285,16486.0489,16486.0489,1041523713
M12,347,16505.1232,16579.3381,16503.3752,16565.9333,16565.9333,940950105
M12,348,16627.6419,16666.1222,16586.8422,16600.6886,16600.6886,849865146
M12,349,16539.689,16539.689,16327.0282,16431.7023,16431.7023,1215461450
M12,350,16333.0583,16409.6001,16297.983,16355.188,16355.188,705269816
M12,351,16465.6339,16530.6055,16289.3396,16292.8685,16292.8685,1315849122
M12,352,16064.902,16064.902,15878.208,15998.0161,15998.0161,1067855166
M12,353,16235.1425,16285.9014,16187.8774,16254.4784,16254.4784,801684817
M12,354,16083.7156,16083.7156,15931.6518,15935.2025,15935.2025,1035678355
M12,355,15918.2226,15985.569,15822.3229,15911.5676,15911.5676,1047205453
M12,356,16024.1442,16268.6833,16024.1442,16261.2435,16261.2435,973367466
M12,357,16293.0494,16353.0081,16243.4872,16349.7497,16349.7497,985093713
M12,358,16448.0519,16597.85,16416.2729,16546.6156,16546.6156,918413970
M12,359,16610.2048,16806.1784,16610.2048,16748.9322,16748.9322,975798095
M12,360,16748.11,16825.3912,16725.0582,16730.4306,16730.4306,987013844
M12,361,16862.1722,16906.0206,16745.1311,16777.1032,16777.1032,819673041
M12,362,16817.4891,16844.4839,16764.7635,16794.5812,16794.5812,905369992
M12,363,16687.7955,16758.2788,16661.371,16732.5516,16732.5516,806069008
M12,364,16745.4728,16800.6481,16688.7887,16753.9816,16753.9816,734036389
M12,365,16823.4625,16860.3525,16785.6198,16826.04,16826.04,767916714
M12,366,16874.1112,17066.0126,16873.4038,17026.3504,17026.3504,1074071871
M12,367,16882.1467,16932.8692,16834.2796,16890.9668,16890.9668,950411886
M12,368,17034.2874,17119.4097,16953.9936,17090.3685,17090.3685,1103681733
M12,369,17208.6611,17310.469,17180.8369,17189.3686,17189.3686,1727134789
M12,370,17245.7106,17296.6266,17242.9747,17245.6653,17245.6653,829981214
M12,371,17140.1607,17153.4342,17009.3896,17022.5729,17022.5729,979617191
M12,372,16972.7569,17011.4372,16932.5,16932.8129,16932.8129,955994824
M12,373,16963.4958,17016.9115,16926.1453,16965.3245,16965.3245,867855731
M12,374,17059.763,17080.5507,17006.12,17055.9358,17055.9358,1915722882
M12,375,17050.6255,17104.5531,16929.9943,16994.3773,16994.3773,1069750165
M12,376,17059.9046,17103.3412,17004.4341,17102.7788,17102.7788,815695752
M12,377,17203.9205,17289.6311,17203.3557,17289.6311,17289.6311,543709932
M12,378,17127.689,17180.6386,17041.9988,17162.3483,17162.3483,733009869
M12,379,17272.1166,17274.3693,17213.6938,17253.1297,17253.1297,801833667
M12,380,17204.4095,17257.5708,17166.0747,17241.9862,17241.9862,788941159
M12,381,17150.8606,17234.8447,17126.0454,17156.1226,17156.1226,744965031
M12,382,17273.7817,17362.4185,17252.092,17362.1819,17362.1819,977179808
M12,383,17409.0328,17533.6687,17406.4407,17532.5399,17532.5399,920912632
M12,384,17587.6649,17587.6649,17542.341,17584.1111,17584.1111,791981117
M12,385,17497.9799,17529.5599,17460.1808,17489.2215,17489.2215,815675186
M12,386,17462.4496,17476.6072,17396.9169,17397.8557,17397.8557,761178167
M12,387,17473.8411,17521.9276,17394.677,17493.7557,17493.7557,820681555
M12,388,17413.7379,17475.4643,17349.4413,17354.8227,17354.8227,1117134045
M12,389,17438.6958,17473.0864,17383.9689,17437.2331,17437.2331,786093456
M12,390,17510.2567,17598.3172,17492.7159,17585.7007,17585.7007,1027200058
M12,391,17437.5733,17455.9937,17392.0825,17442.5178,17442.5178,847867707
M12,392,17369.9303,17402.4671,17252.0519,17302.0949,17302.0949,855401504
M12,393,17386.5899,17417.118,17359.2293,17403.5177,17403.5177,895578418
M12,394,17511.6299,17565.4738,17502.4983,17530.3762,17530.3762,914435900
M12,395,17381.6341,17432.1991,17333.2702,17415.3333,17415.3333,1113612376
M12,396,17481.8963,17505.6253,17144.9781,17237.8074,17237.8074,1279564576
M12,397,17240.5829,17430.2626,17028.1862,17050.4484,17050.4484,1451937330
M12,398,16971.3878,16997.847,16792.6198,16943.463,16943.463,1184400813
M12,399,16897.0756,16897.0756,16423.5771,16548.6419,16548.6419,1681828200
M12,400,16536.3477,16682.4615,16472.4399,16676.5928,16676.5928,1231366256
M12,401,16586.0507,16752.4561,16345.8589,16709.9597,16709.9597,1220421128
M12,402,16786.2261,16977.3983,16755.0687,16973.9106,16973.9106,1023901686
M12,403,16988.4712,17037.668,16834.0169,16956.4447,16956.4447,988732721
M12,404,16783.3586,16789.1556,16562.1211,16607.9757,16607.9757,716831374
M12,405,16665.6868,17012.0764,16629.8751,16917.4077,16917.4077,1170077623
M12,406,16673.5667,16673.5667,16312.6924,16317.707,16317.707,1398038492
M12,407,16392.7954,16473.3897,16280.5833,16434.648,16434.648,1148482693
M12,408,16478.4618,16639.8445,16478.4618,16611.839,16611.839,1014501164
M12,409,16681.4599,16811.1286,16681.4599,16755.6534,16755.6534,895654961
M12,410,16797.0751,16844.2464,16710.2405,16716.9623,16716.9623,943275961
M12,411,16761.6449,16840.4744,16759.3434,16798.4252,16798.4252,733679862
M12,412,16898.0062,16973.3502,16786.9695,16885.5278,16885.5278,864497107
M12,413,16868.4755,16988.5807,16463.7546,16542.3199,16542.3199,1294065730
M12,414,16555.2572,16629.1032,16484.9618,16601.9108,16601.9108,771251680
M12,415,16752.4959,16777.9704,16564.0634,16600.1584,16600.1584,931948886
M12,416,16546.4233,16757.866,16497.7997,16754.3456,16754.3456,762645186
M12,417,16895.721,16998.5471,16854.926,16968.5586,16968.5586,775703115
M12,418,16977.8232,17002.337,16861.8858,16930.941,16930.941,820013272
M12,419,16838.339,16838.339,16696.9139,16786.7664,16786.7664,859491885
M12,420,16868.7917,16907.5032,16831.8815,16903.0914,16903.0914,678534541
M12,421,17109.2228,17259.1682,17109.2228,17189.6137,17189.6137,981598982
M12,422,17193.2536,17238.5751,17140.7185,17197.8814,17197.8814,835066166
M12,423,17101.6631,17123.6875,17035.4298,17082.1079,17082.1079,1056868392
M12,424,17201.4969,17267.9775,17144.5266,17267.9775,17267.9775,1179732630
M12,425,17332.3803,17466.8967,17304.9797,17466.8967,17466.8967,934422950
M12,426,17594.0237,17664.8015,17534.3078,17584.4036,17584.4036,936693846
M12,427,17424.0494,17463.0252,17409.5037,17425.8737,17425.8737,913221073
M12,428,17430.993,17448.2073,17358.1125,17386.5325,17386.5325,809633063
M12,429,17361.9076,17426.6251,17345.2088,17426.6251,17426.6251,861048396
M12,430,17465.8596,17521.6844,17352.1701,17512.1052,17512.1052,799096201
M12,431,17465.167,17520.4926,17386.8933,17406.5376,17406.5376,738992007
M12,432,17398.374,17457.8,17285.711,17291.0974,17291.0974,1997264808
M12,433,17126.7692,17228.5809,17113.9427,17189.622,17189.622,817172912
M12,434,17322.1203,17351.3446,17111.243,17177.1178,17177.1178,1059639621
M12,435,17292.83,17389.2811,17221.4801,17359.7699,17359.7699,890963920
M12,436,17212.6082,17219.5948,17084.955,17140.5874,17140.5874,828747176
M12,437,17434.1406,17450.4714,17258.787,17326.25,17326.25,819258025
M12,438,17141.0167,17234.5528,17141.0167,17182.1899,17182.1899,835640278
M12,439,17207.9379,17261.3386,16952.4481,16959.3525,16959.3525,984655863
M12,440,16880.3932,16888.1734,16591.8291,16658.582,16658.582,1148179343
M12,441,16748.6432,16855.5322,16558.536,16852.8563,16852.8563,878153249
M12,442,16887.4703,17092.5501,16887.4703,17081.6099,17081.6099,878226865
M12,443,17041.0664,17139.7736,16991.0466,17025.4347,17025.4347,746013209
M12,444,16783.7939,16876.5515,16696.4218,16711.9037,16711.9037,973607247
M12,445,16828.2514,16902.5028,16790.8439,16852.4172,16852.4172,611390313
M12,446,16883.6659,17067.1216,16881.844,16998.7072,16998.7072,820269257
M12,447,17071.5788,17276.0804,17071.5788,17149.8506,17149.8506,953791565
M12,448,17152.6964,17221.842,17141.6421,17166.1087,17166.1087,641292787
M12,449,17144.9892,17342.5284,17144.9892,17281.5813,17281.5813,955336196
M12,450,17374.7805,17430.1981,17356.0857,17393.893,17393.893,811299653
M12,451,17394.2554,17445.5902,17354.3018,17390.0729,17390.0729,754135439
M12,452,17291.3279,17300.1384,17141.2645,17141.3083,17141.3083,1065568447
M12,453,17095.5556,17095.5556,17028.6758,17079.6209,17079.6209,916422056
M12,454,17148.9465,17210.3949,17105.6307,17109.1372,17109.1372,1001061851
M12,455,17135.6385,17175.0054,17078.0156,17134.8141,17134.8141,981814752
M12,456,17223.6009,17247.8408,17108.5867,17166.9868,17166.9868,898679099
M12,457,17136.8578,17281.2725,17121.5504,17244.6132,17244.6132,1028039702
M12,458,17387.9415,17469.9614,17380.4699,17420.3445,17420.3445,1039690725
M12,459,17355.9556,17423.2147,17342.2878,17362.6197,17362.6197,953711515
M12,460,17399.9443,17460.0489,17328.6582,17448.7082,17448.7082,845800909
M12,461,17426.5509,17426.5509,17253.4414,17335.4462,17335.4462,909444771
M12,462,17388.1528,17519.1459,17388.1528,17519.1008,17519.1008,955741683
M12,463,17439.1102,17512.6287,17439.1102,17477.3263,17477.3263,977147572
M12,464,17548.0282,17586.3968,17518.2417,17543.1789,17543.1789,1024165010
M12,465,17534.2592,17549.1208,17473.7372,17527.7692,17527.7692,896912417
M12,466,17652.0494,17770.0978,17652.0494,17706.2021,17706.2021,897769359
M12,467,17669.8844,17675.4688,17601.449,17666.7195,17666.7195,810786160
M12,468,17634.5019,17720.0064,17594.2273,17705.3644,17705.3644,806521979
M12,469,17836.1594,17880.7599,17793.4906,17829.6566,17829.6566,817803452
M12,470,17697.9838,17816.1078,17675.6613,17801.4926,17801.4926,1050140382
M12,471,17650.7755,17678.4445,17599.7582,17666.5214,17666.5214,1114718013
M12,472,17801.2363,17904.3933,17801.2363,17904.3933,17904.3933,1029869206
M12,473,17883.2601,17913.7648,17867.9404,17910.7303,17910.7303,891326095
M12,474,17920.2911,17926.9609,17802.0722,17827.2808,17827.2808,885538770
M12,475,17833.9571,17845.2977,17703.289,17796.5609,17796.5609,882895906
M12,476,17757.2506,17762.3893,17685.8014,17722.7895,17722.7895,923118620
M12,477,17755.1071,17797.9972,17718.5841,17783.4251,17783.4251,830604280
M12,478,17839.9099,17936.3502,17839.9099,17934.9324,17934.9324,992391693
M12,479,18014.5179,18056.39,17989.7941,18040.7753,18040.7753,1207424107
M12,480,17976.9276,17988.7392,17925.0585,17981.7348,17981.7348,725556432
M12,481,17923.4225,17933.8499,17884.7538,17890.4178,17890.4178,462033458
M12,482,17978.5912,17978.6549,17769.1968,17769.6378,17769.6378,1003334085
M12,483,17824.5235,17839.2745,17709.9041,17825.0615,17825.0615,1056153419
M12,484,17720.8289,17780.3491,17706.3681,17730.5429,17730.5429,879154213
M12,485,17749.576,17755.4305,17638.7054,17712.2917,17712.2917,818924421
M12,486,17784.4769,17909.7937,17784.4769,17896.5133,17896.5133,842184206
M12,487,17870.3931,17885.3149,17818.7301,17820.9387,17820.9387,845888686
M12,488,17863.7712,17894.7402,17801.8895,17851.6512,17851.6512,816589374
M12,489,17784.5348,17821.6705,17742.7273,17812.6087,17812.6087,717723720
M12,490,17845.3589,18054.2767,17820.7508,17994.8536,17994.8536,1025781129
M12,491,18012.1566,18119.1715,17951.1074,18019.6758,18019.6758,867460077
M12,492,18074.091,18167.5785,18074.091,18102.4415,18102.4415,1128994436
M12,493,18012.1647,18080.38,18011.4055,18041.1471,18041.1471,991455481
M12,494,18006.6372,18026.8837,17973.4389,17973.4389,17973.4389,1106588060
M12,495,18038.7835,18104.5958,18038.7387,18101.7128,18101.7128,1061324800
M12,496,18254.8698,18254.8698,18150.8351,18156.8907,18156.8907,2181939492
M12,497,18140.2114,18197.9654,18140.2114,18178.2531,18178.2531,753599029
M12,498,18295.7967,18298.5056,18251.384,18259.2205,18259.2205,332377931
M12,499,18283.6322,18337.8555,18280.8707,18336.12,18336.12,560426186
M12,500,18317.1087,18333.9215,18274.7199,18297.8943,18297.8943,670840914
M12,501,18265.0311,18271.3604,18121.1155,18142.2524,18142.2524,662089336
M12,502,18134.1327,18218.8272,18109.7853,18213.1408,18213.1408,684096809
M12,503,18320.0318,18469.6103,18312.8665,18467.0515,18467.0515,905783468
M12,504,18292.4006,18396.8124,18258.4654,18344.6453,18344.6453,887873045
M12,505,18115.6041,18269.9449,18085.7764,18266.9929,18266.9929,996846409
M12,506,18336.232,18365.8885,18288.9173,18300.6981,18300.6981,866758282
M12,507,18275.9102,18474.335,18254.3865,18396.8376,18396.8376,1102767019
M12,508,18533.1393,18620.5243,18528.2188,18600.5411,18600.5411,858760729
M12,509,18569.6571,18589.8758,18448.912,18471.1295,18471.1295,879584044
M12,510,18365.0111,18391.0299,18333.4707,18389.2109,18389.2109,910713057
M12,511,18574.6397,18676.6298,18559.7067,18603.0331,18603.0331,1125705262
M12,512,18429.2374,18573.2119,18426.3991,18511.1244,18511.1244,1010240753
M12,513,18652.5513,18760.3557,18652.5513,18758.6399,18758.6399,895628165
M12,514,18695.7018,18734.1659,18680.7773,18717.8898,18717.8898,1092740299
M12,515,18777.9969,18824.2923,18699.3538,18731.1551,18731.1551,1153287396
M12,516,18694.1601,18730.297,18635.7905,18644.7402,18644.7402,1105627412
M12,517,18676.0992,18727.0709,18583.6913,18707.5802,18707.5802,1106132122
M12,518,18632.9079,18670.134,18386.1637,18479.4991,18479.4991,1393498173
M12,519,18234.8165,18317.4211,18169.6398,18230.5429,18230.5429,1151986650
M12,520,18326.3763,18473.1135,18314.5007,18408.7784,18408.7784,1270736991
M12,521,18523.4093,18602.9202,18464.061,18468.0842,18468.0842,1045539059
M12,522,18312.3469,18465.5143,18216.1818,18452.5528,18452.5528,1207144680
M12,523,18455.4378,18455.4378,18043.2545,18098.6598,18098.6598,1521011399
M12,524,18174.6103,18374.0331,18174.6103,18226.0544,18226.0544,1127863134
M12,525,18324.6742,18457.5851,18324.6742,18395.4849,18395.4849,1110921483
M12,526,18661.8189,18828.954,18631.0587,18817.3639,18817.3639,1324756611
M12,527,18791.6436,18804.0935,18701.0695,18786.01,18786.01,993165411
M12,528,18665.1303,18665.1303,18518.5853,18547.602,18547.602,946002844
M12,529,18537.7817,18718.3348,18537.7817,18717.5357,18717.5357,853505627
M12,530,18825.5866,18841.3947,18710.1376,18752.3287,18752.3287,1093829488
M12,531,18917.7306,19021.8317,18917.7306,19010.7986,19010.7986,1163967087
M12,532,18858.397,18922.0598,18800.674,18850.2486,18850.2486,1064638411
M12,533,18890.0988,18904.5795,18789.1751,18862.8994,18862.8994,820517937
M12,534,18845.6565,18876.1496,18738.8432,18813.0981,18813.0981,826222962
M12,535,18849.4371,18911.4208,18824.7966,18872.156,18872.156,985754333
M12,536,18839.8612,18886.2911,18623.4004,18790.8137,18790.8137,1071159245
M12,537,18728.1875,18728.1875,18565.0882,18629.1578,18629.1578,1118239930
M12,538,18204.6583,18204.6583,17890.282,17921.2788,17921.2788,1662741787
M12,539,17930.1507,18001.4865,17265.048,17318.6001,17318.6001,1983011697
M12,540,17462.7088,17709.1709,17290.0777,17332.9118,17332.9118,1832555208
M12,541,17048.0227,17208.2523,16551.107,16559.9892,16559.9892,2691155932
M12,542,16156.3165,16299.1486,15779.2287,16244.882,16244.882,3385311194
M12,543,16386.5844,17100.9844,16259.446,17099.1597,17099.1597,2374796705
M12,544,17221.2644,17428.5434,16541.6204,16677.4801,16677.4801,2366561428
M12,545,16985.2639,17447.9223,16922.5797,17440.5314,17440.5314,1751976260
M12,546,17107.1877,17107.1877,16639.8751,16754.0105,16754.0105,1804543954
M12,547,16338.555,16683.3131,16190.5601,16600.1342,16600.1342,2169536626
M12,548,15976.4253,15976.4253,15154.1619,15246.8211,15246.8211,2994323068
M12,549,15710.9844,16075.9166,15220.9774,16074.0982,16074.0982,2412608670
M12,550,15718.9816,15718.9816,14903.5943,15047.2748,15047.2748,2550270911
M12,551,14359.118,14781.9284,13692.2857,13722.1618,13722.1618,3415595341
M12,552,14131.7469,14913.7388,13688.992,14911.0759,14911.0759,3122450838
M12,553,13373.2395,13917.1509,12861.0911,12907.1605,12907.1605,2923122998
M12,554,13158.5662,13731.6781,12770.1168,13640.4934,13640.4934,2855889722
M12,555,12939.366,13132.0531,12124.6083,12753.6465,12753.6465,3436064743
M12,556,12718.703,13111.63,12299.9552,12883.6547,12883.6547,3231993190
M12,557,12981.1085,13159.3606,12238.3323,12289.4224,12289.4224,3377871665
M12,558,12202.0486,12261.4612,11679.6117,11922.1855,11922.1855,2954960526
M12,559,12598.2897,13246.9847,12551.6968,13226.0394,13226.0394,3019461300
M12,560,13592.0,14218.0548,13261.4066,13688.9898,13688.9898,2939960436
M12,561,13750.3496,14471.9802,13723.9093,14444.509,14444.509,2727618544
M12,562,14013.4635,14288.0567,13738.8053,13845.9996,13845.9996,2195687941
M12,563,13892.5582,14341.0716,13792.4949,14308.6384,14308.6384,1947676477
M12,564,14265.7199,14440.4082,14036.8227,14078.6273,14078.6273,2141699622
M12,565,13658.609,13825.8137,13373.5952,13475.9541,13475.9541,1840038858
M12,566,13358.1206,13780.5026,13303.9415,13739.2273,13739.2273,1853258674
M12,567,13684.9755,13789.0506,13413.1268,13534.9196,13534.9196,1667438872
M12,568,13944.8526,14645.3972,13944.8526,14578.8929,14578.8929,2368003338
M12,569,15039.267,15090.2558,14462.3006,14474.7027,14474.7027,1993046613
M12,570,14758.6765,15158.3251,14622.9866,15106.8612,15106.8612,1926356872
M12,571,15243.4488,15448.2741,15123.4025,15261.9212,15261.9212,1924618478
M12,572,15300.0813,15300.0813,14910.4086,15101.1324,15101.1324,1436036954
M12,573,15151.0747,15374.9201,15146.5142,15316.8368,15316.8368,1802611315
M12,574,15129.4234,15160.8352,14893.8985,15067.6439,15067.6439,1708140358
M12,575,15081.084,15115.9432,14868.2398,15077.2532,15077.2532,1764315834
M12,576,15333.7245,15621.5466,15333.7245,15607.5626,15607.5626,1906198390
M12,577,15434.7421,15443.4475,15135.0101,15149.9035,15149.9035,1657725088
M12,578,15055.3268,15055.3268,14782.5302,14832.1449,14832.1449,1756451356
M12,579,15169.2779,15283.0344,15106.0178,15194.1835,15194.1835,1418424885
M12,580,15142.4242,15362.5648,15104.0005,15124.5244,15124.5244,1497874990
M12,581,15134.675,15261.3467,14999.8039,15228.8521,15228.8521,1374055609
M12,582,15276.5959,15495.1883,15260.2473,15447.9038,15447.9038,1363643910
M12,583,15590.5988,15689.8566,15381.9507,15426.9815,15426.9815,1511901416
M12,584,15758.7615,15935.3293,15735.3529,15851.0928,15851.0928,1662936722
M12,585,15728.1141,15728.1141,15473.0732,15574.6753,15574.6753,1825893755
M12,586,15445.4552,15445.4552,15140.9882,15191.1835,15191.1835,1597849811
M12,587,15198.3207,15319.493,15056.2788,15306.7314,15306.7314,1278479844
M12,588,15318.6499,15453.4551,15261.1251,15270.1912,15270.1912,1308363353
M12,589,15361.4509,15409.9519,15157.8988,15160.141,15160.141,1411454238
M12,590,15333.0029,15498.5777,15331.1888,15357.8832,15357.8832,1426425071
M12,591,15504.1103,15659.7957,15503.6154,15647.8466,15647.8466,1223288418
M12,592,15547.4505,15617.8035,15428.0851,15525.3636,15525.3636,1212117863
M12,593,15559.6885,15616.8536,15219.4139,15221.463,15221.463,1282348514
M12,594,15164.8976,15169.2101,14758.9252,14874.3023,14874.3023,1767202093
M12,595,14776.7038,15149.6938,14610.3764,15146.1552,15146.1552,1735720805
M12,596,15101.4098,15278.6297,15036.5871,15249.8752,15249.8752,1763179192
M12,597,15427.1371,15842.9895,15427.1371,15771.7079,15771.7079,1621799023
M12,598,15710.5213,15724.5967,15471.1193,15473.6113,15473.6113,1421389920
M12,599,15740.2377,15864.8038,15740.2377,15817.4465,15817.4465,1318797823
M12,600,15764.6153,15863.5708,15640.5042,15706.7595,15706.7595,1185369913
M12,601,15737.7392,15750.3876,15629.7133,15739.7848,15739.7848,1055640863
M12,602,16025.6219,16280.7842,16025.6219,16163.5365,16163.5365,1641931301
M12,603,16192.5972,16354.4869,16007.7729,16352.3805,16352.3805,1524919863
M12,604,16398.1872,16437.3872,16182.0989,16208.8429,16208.8429,1473468669
M12,605,16270.1383,16372.0672,16082.2268,16308.018,16308.018,2007946097
M12,606,16300.5508,16407.2186,16221.8684,16385.4717,16385.4717,1324107636
M12,607,16483.6313,16587.1183,16445.758,16586.8087,16586.8087,1293984517
M12,608,16687.7644,16965.3063,16687.7644,16921.595,16921.595,1595450903
M12,609,16881.6791,16983.1304,16788.8724,16917.2944,16917.2944,1416269003
M12,610,17300.615,17623.912,17300.615,17477.3677,17477.3677,2045924402
M12,611,17496.4116,17719.5303,17496.123,17714.5373,17714.5373,1576827151
M12,612,17551.8791,17551.8791,17362.3975,17439.9275,17439.9275,1414269696
M12,613,17616.4049,17683.2004,17413.5298,17447.1049,17447.1049,1678156778
M12,614,16915.7152,16923.162,16143.5176,16172.7692,16172.7692,2384038753
M12,615,16471.4435,16667.9568,16098.4783,16436.856,16436.856,1832277193
M12,616,16342.592,16744.3209,16066.3108,16661.2706,16661.2706,1579884267
M12,617,16919.3685,17102.1115,16588.406,16895.783,16895.783,1966201691
M12,618,16852.0137,16896.5274,16684.2589,16717.0273,16717.0273,1181915290
M12,619,16607.6763,16695.6094,16500.4841,16648.3077,16648.3077,1164475059
M12,620,16806.7371,16959.5506,16516.0108,16587.6928,16587.6928,2482535971
M12,621,16575.6255,16700.4184,16449.1215,16678.0851,16678.0851,1315530520
M12,622,16826.162,16926.2338,16791.8014,16824.0452,16824.0452,1435671868
M12,623,16724.2452,16724.2452,16276.2805,16372.2837,16372.2837,1767455809
M12,624,16388.3017,16649.5746,16287.8784,16634.062,16634.062,1444826530
M12,625,16532.4821,16532.4821,16100.0739,16128.7791,16128.7791,2350519527
M12,626,16057.5454,16344.0002,16021.61,16340.585,16340.585,1414115376
M12,627,16384.2117,16636.5669,16360.2645,16577.163,16577.163,1574645182
M12,628,16644.3952,16734.3913,16537.7788,16551.5174,16551.5174,1281928672
M12,629,16628.3617,16800.1567,16526.8533,16558.4221,16558.4221,1269654797
M12,630,16787.8789,16982.5503,16787.8789,16975.7695,16975.7695,1313493866
M12,631,16843.9912,16845.8704,16647.4203,16662.6088,16662.6088,1348312342
M12,632,16651.3184,16753.6193,16565.4565,16726.5339,16726.5339,1190532324
M12,633,16773.7435,16779.1169,16406.4426,16523.8046,16523.8046,1343475907
M12,634,16473.2532,16736.7772,16439.3648,16720.0929,16720.0929,1204389310
M12,635,16924.1454,17191.3297,16807.4418,16834.2689,16834.2689,1735011191
M12,636,16698.3685,17112.7792,16666.8304,17082.0488,17082.0488,1575551045
M12,637,17408.0695,17447.7194,17203.5474,17318.0246,17318.0246,1482468002
M12,638,17219.999,17305.3631,17119.202,17212.3637,17212.3637,963580895
M12,639,17123.5623,17145.1856,17024.6002,17057.9003,17057.9003,1084733109
M12,640,17076.3588,17143.4404,16976.3807,17089.5407,17089.5407,1179989264
M12,641,17269.0492,17392.7695,17225.9814,17273.7213,17273.7213,1275897712
M12,642,17032.1359,17165.906,17012.8519,17147.2383,17147.2383,1601349307
M12,643,17261.0609,17272.5095,17007.5289,17066.6268,17066.6268,1520621897
M12,644,16966.4972,17025.5104,16883.0179,16925.8803,16925.8803,1690686381
M12,645,16962.6598,17076.6891,16949.3515,17050.591,17050.591,1423505496
M12,646,17037.9369,17055.5279,16930.2108,16941.4937,16941.4937,1377697768
M12,647,16944.6878,17082.1089,16936.3088,17041.7328,17041.7328,1319691130
M12,648,16868.9076,16873.7121,16628.9064,16834.5079,16834.5079,1263721939
M12,649,16955.8651,16975.569,16701.7837,16968.0576,16968.0576,1713303997
M12,650,16937.4956,17042.7487,16932.4291,17015.3987,17015.3987,1748209102
M12,651,17085.6064,17193.3254,17042.8107,17190.6021,17190.6021,1215718436
M12,652,17213.128,17402.9314,17213.128,17390.0492,17390.0492,1250840782
M12,653,17362.6764,17505.3562,17346.3365,17500.8069,17500.8069,1151433405
M12,654,17499.5559,17585.742,17436.7042,17571.1643,17571.1643,1111889247
M12,655,17779.6716,17983.8365,17779.6716,17975.8031,17975.8031,1419650922
M12,656,18051.6325,18176.3856,17833.9856,17874.2704,17874.2704,1560068821
M12,657,17788.1123,17905.3687,17777.3093,17862.5584,17862.5584,1149027900
M12,658,17861.4649,17902.142,17776.5599,17844.9681,17844.9681,1368661904
M12,659,17989.2083,18085.4481,17944.2568,18055.2014,18055.2014,1078476001
M12,660,17856.027,17875.0255,17757.9368,17776.1374,17776.1374,1083689935
M12,661,17923.4888,17947.7089,17804.6413,17874.9629,17874.9629,948370875
M12,662,17974.2024,18044.7518,17868.4756,17897.6951,17897.6951,1099423025
M12,663,17720.4759,17822.3371,17658.6144,17795.5662,17795.5662,1118129206
M12,664,17988.9182,18119.4047,17942.6781,18100.5135,18100.5135,1370946022
M12,665,18067.2721,18220.0074,18044.2163,18215.8386,18215.8386,1518081984
M12,666,18245.3454,18279.6642,18082.603,18181.6383,18181.6383,1230880307
M12,667,18188.2261,18249.9651,18121.3052,18235.8815,18235.8815,1200234733
M12,668,18122.4232,18282.1371,18109.564,18191.5053,18191.5053,1366796628
M12,669,18471.81,18557.0997,18398.6309,18505.7682,18505.7682,1344918612
M12,670,18470.6566,18470.6566,18290.0301,18332.9121,18332.9121,2058614541
M12,671,18364.1688,18506.0026,18268.0277,18497.221,18497.221,1479633665
M12,672,18381.5601,18654.1108,18366.6819,18614.2087,18614.2087,2114260938
M12,673,18761.008,18831.0782,18105.8142,18246.3866,18246.3866,2431956784
M12,674,18326.4548,18454.9417,17889.0863,18192.1217,18192.1217,2594393237
M12,675,17968.7111,17968.7111,17672.508,17695.6662,17695.6662,2111165337
M12,676,17888.5858,18207.7976,17883.9562,18036.2558,18036.2558,1718786152
M12,677,18000.0152,18097.8242,17630.3929,17686.5978,17686.5978,1614628427
M12,678,17813.6445,17952.3154,17706.746,17847.0485,17847.0485,1637803194
M12,679,17782.0865,18017.7293,17782.0865,17958.241,17958.241,1468772365
M12,680,18183.3994,18242.3963,18048.7929,18090.2457,18090.2457,1532265273
M12,681,18074.1968,18288.9592,18067.7364,18074.6426,18074.6426,1525267635
M12,682,17888.3497,18031.4154,17768.6514,17931.9237,17931.9237,1698970229
M12,683,17825.6172,17877.959,17584.509,17692.9085,17692.9085,2658137415
M12,684,17709.8451,17709.8451,17213.9768,17492.6908,17492.6908,1800065378
M12,685,17603.1782,17708.621,17486.2936,17679.5245,17679.5245,1485155437
M12,686,17710.8824,17743.7419,17260.2668,17290.6393,17290.6393,1724814556
M12,687,17198.0289,17441.8491,17082.7491,17261.9835,17261.9835,1769532788
M12,688,17216.2693,17567.6174,17178.1349,17525.4849,17525.4849,1466131876
M12,689,17664.4189,17897.1236,17664.4189,17807.6857,17807.6857,1393509618
M12,690,17853.4771,17882.8608,17709.5685,17783.7869,17783.7869,1148108223
M12,691,17789.3063,18120.1338,17786.9917,17961.9703,17961.9703,1729484190
M12,692,18023.1675,18088.2081,17848.1189,17943.3548,17943.3548,1331984483
M12,693,17844.0993,18054.7308,17744.6601,17938.9822,17938.9822,1437606690
M12,694,17945.5539,18163.039,17945.5539,18154.0099,18154.0099,1274324004
M12,695,18277.9712,18368.8227,17962.9902,17991.9678,17991.9678,1540519178
M12,696,18033.405,18290.1934,18033.405,18247.5141,18247.5141,1264759243
M12,697,18218.2586,18289.1241,18164.727,18267.5176,18267.5176,1156502465
M12,698,18493.0856,18585.5586,18432.8248,18527.6244,18527.6244,1304190454
M12,699,18534.4617,18719.8516,18527.0603,18642.0313,18642.0313,1838495943
M12,700,18619.5516,18647.962,18515.5955,18564.4413,18564.4413,2042303895
M12,701,18586.2249,18625.8538,18411.8404,18445.6535,18445.6535,1387133362
M12,702,18280.715,18417.8357,18189.1537,18390.9533,18390.9533,1210563634
M12,703,18439.9351,18615.6036,18439.9351,18462.9053,18462.9053,1281929372
M12,704,18375.9138,18426.2144,18058.787,18094.7382,18094.7382,1272817398
M12,705,18165.409,18377.1103,18163.6015,18205.8865,18205.8865,1270691805
M12,706,18170.4838,18286.1632,18122.7483,18132.0227,18132.0227,1122779810
M12,707,18151.6553,18295.7815,18050.4344,18258.6699,18258.6699,1171223057
M12,708,18328.3413,18345.6758,18160.7133,18280.5489,18280.5489,1376816138
M12,709,18150.6883,18150.6883,17625.4315,17828.4227,17828.4227,1606917386
M12,710,17777.5357,17813.8671,17653.3112,17656.6728,17656.6728,1381130742
M12,711,17516.4077,17516.4077,17125.5512,17140.1311,17140.1311,1923747999
M12,712,17058.0611,17322.7541,16935.5406,17172.8051,17172.8051,1550020307
M12,713,17064.1619,17107.1302,16788.988,17018.7791,17018.7791,1906006131
M12,714,17255.6377,17483.3321,17255.6377,17406.7686,17406.7686,1430579187
M12,715,17423.9993,17745.9938,17423.9993,17643.1516,17643.1516,1372450840
M12,716,17833.1952,18344.3933,17833.1952,18050.2245,18050.2245,1529544708
M12,717,18026.38,18290.6335,18026.38,18223.318,18223.318,1397612757
M12,718,18306.2481,18327.4106,18171.1188,18257.4318,18257.4318,1206856996
M12,719,18884.0772,19182.6615,18667.9617,18685.4632,18685.4632,2523883044
M12,720,18894.3138,19039.4334,18812.1726,19002.0122,19002.0122,1982666974
M12,721,18947.6638,18991.7913,18791.6324,18866.3403,18866.3403,1309576395
M12,722,18813.0618,18864.4966,18600.8225,18715.4048,18715.4048,1451411732
M12,723,18813.2615,19042.1791,18813.2615,18991.0039,18991.0039,1219719631
M12,724,19044.5237,19231.892,19044.5237,19223.003,19223.003,1401878303
M12,725,19139.3813,19185.797,18959.6382,19128.5909,19128.5909,1406741336
M12,726,19209.3354,19244.9883,18924.7771,18928.365,18928.365,1377072940
M12,727,18855.2479,18954.0987,18763.7421,18927.3479,18927.3479,1222198911
M12,728,19047.7572,19068.6702,18914.2235,18935.1113,18935.1113,1100074323
M12,729,18992.5045,19209.3658,18992.5045,19159.846,19159.846,1432411369
M12,730,19202.9112,19442.0271,19202.9112,19396.6638,19396.6638,1641033433
M12,731,19338.9274,19338.9274,19176.4002,19219.0045,19219.0045,1308380564
M12,732,19319.2862,19386.3295,19260.2848,19318.6655,19318.6655,663103283
M12,733,19337.5728,19337.5728,19084.3962,19197.7485,19197.7485,2188074847
M12,734,19233.2696,19417.7506,19233.2696,19250.3228,19250.3228,1519465268
M12,735,19207.8202,19341.9867,19145.853,19329.8775,19329.8775,1415497234
M12,736,19283.8397,19406.3266,19255.7651,19315.2198,19315.2198,1432476471
M12,737,19268.0189,19414.956,19268.0189,19414.956,19414.956,1317787519
M12,738,19485.6767,19485.6767,19314.3588,19380.4658,19380.4658,1287121848
M12,739,19467.081,19628.1961,19450.287,19581.2514,19581.2514,1157278859
M12,740,19542.9722,19601.0835,19363.276,19438.8889,19438.8889,1322091137
M12,741,19456.9001,19477.19,19356.0085,19435.3321,19435.3321,1152851218
M12,742,19338.6701,19392.1432,19230.7366,19376.1749,19376.1749,1406117839
M12,743,19406.5779,19536.6333,19229.5707,19237.5594,19237.5594,1336624333
M12,744,19325.3526,19534.7406,19309.7597,19506.3529,19506.3529,1612412095
M12,745,19565.23,19594.164,19493.1216,19541.355,19541.355,1159002866
M12,746,19294.0833,19362.9046,19294.0833,19349.8719,19349.8719,1279507087
M12,747,19576.2822,19595.2229,19392.3515,19488.9672,19488.9672,3018879578
M12,748,19491.642,19585.4458,19230.8805,19528.7712,19528.7712,1583005222
M12,749,19347.7568,19347.7568,19214.9445,19229.4355,19229.4355,1473353075
M12,750,19389.3177,19547.933,19389.3177,19442.9423,19442.9423,979182646
M12,751,19451.6571,19486.3277,19415.1357,19480.0059,19480.0059,556816001
M12,752,19539.682,19696.0409,19539.682,19617.5873,19617.5873,1052485586
M12,753,19736.7788,19799.3825,19595.7826,19635.5446,19635.5446,1329503323
M12,754,19677.1744,19748.5074,19662.9085,19673.5972,19673.5972,1148409576
M12,755,19536.4074,19677.5982,19489.4312,19657.694,19657.694,1005798059
M12,756,19768.8781,19799.0913,19287.5889,19508.3824,19508.3824,1808132690
M12,757,19501.3965,19695.5054,19461.0623,19622.3589,19622.3589,1337011099
M12,758,19538.7579,19963.3917,19506.7697,19839.0333,19839.0333,2019362152
M12,759,19906.7555,20095.0061,19904.6165,19996.913,19996.913,1584544115
M12,760,20097.2896,20143.2739,19918.5587,20115.654,20115.654,1474907844
M12,761,19968.2474,20020.7902,19850.2301,19963.9469,19963.9469,1468309060
M12,762,20055.5167,20119.8901,19973.8785,20090.2281,20090.2281,1395194108
M12,763,20235.9971,20280.5824,20175.5655,20220.1063,20220.1063,1507352567
M12,764,20012.2983,20101.2102,19945.7124,19951.6862,19951.6862,1520178522
M12,765,20069.8542,20079.7253,19866.02,19996.8412,19996.8412,1712969663
M12,766,19985.2531,20114.142,19970.7655,20013.14,20013.14,1463641649
M12,767,20024.7056,20165.7298,20011.9551,20134.9998,20134.9998,1428006402
M12,768,20012.3375,20059.941,19962.8873,19998.2253,19998.2253,1526315429
M12,769,20050.0009,20050.0009,19899.9297,19956.9153,19956.9153,1674503367
M12,770,20229.0715,20229.0715,19951.1315,20209.5867,20209.5867,1730073222
M12,771,19928.4633,20026.8356,19898.3216,19908.1853,19908.1853,1322013583
M12,772,19990.2405,19990.2405,19545.7925,19608.0787,19608.0787,1890242110
M12,773,19470.2318,19838.278,19470.2318,19615.1952,19615.1952,1534272925
M12,774,19761.3491,19761.3491,19310.1564,19391.8553,19391.8553,1831496525
M12,775,19511.43,19693.9709,19485.6181,19613.4705,19613.4705,1336355890
M12,776,19547.8018,19911.719,19547.8018,19812.8991,19812.8991,1180635954
M12,777,19870.8325,19938.0145,19761.8364,19892.8138,19892.8138,1146259217
M12,778,19923.5908,20136.3113,19923.5908,20129.7637,20129.7637,1275542925
M12,779,20123.7576,20226.2533,20116.9039,20158.9842,20158.9842,1002144937
M12,780,20033.3724,20158.5523,20033.3724,20158.334,20158.334,1150264631
M12,781,20235.8036,20287.1611,20162.2282,20246.0953,20246.0953,1124330470
M12,782,20373.7418,20427.8202,20239.7456,20380.0827,20380.0827,1244220147
M12,783,20309.4837,20359.395,20166.1133,20286.383,20286.383,974934170
M12,784,20319.6531,20354.9042,20272.4444,20343.9685,20343.9685,947654044
M12,785,20493.2348,20582.1507,20474.612,20526.2289,20526.2289,1195189204
M12,786,20483.7217,20586.5709,20388.1852,20566.6115,20566.6115,1234608419
M12,787,20411.2687,20411.2687,20234.5188,20369.0604,20369.0604,1268699653
M12,788,20435.1786,20528.1941,20412.6114,20428.815,20428.815,1263058150
M12,789,20299.4293,20475.611,20238.2687,20390.3596,20390.3596,1299540541
M12,790,20423.1015,20521.3147,20200.6451,20446.09,20446.09,1718531755
M12,791,20262.7706,20590.7668,20212.2992,20560.0306,20560.0306,1543291328
M12,792,20757.7724,20776.4997,20327.3518,20397.9537,20397.9537,1439534120
M12,793,20222.0131,20253.9558,19906.5112,19920.0349,19920.0349,1834310526
M12,794,20085.9198,20475.4321,20085.9198,20389.5497,20389.5497,1284051058
M12,795,20345.2194,20401.9288,20243.15,20252.414,20252.414,1240908135
M12,796,20282.4986,20418.5756,20222.4524,20228.8886,20228.8886,1518251208
M12,797,20309.3971,20421.6644,19828.1092,20072.564,20072.564,2076561289
M12,798,20051.3914,20407.5507,19881.8456,20353.2501,20353.2501,1694132850
M12,799,20269.3036,20678.321,20269.3036,20456.0238,20456.0238,1900347522
M12,800,20842.0275,21010.6145,20796.4719,20803.0721,20803.0721,1650611970
M12,801,20585.3393,20896.6579,20585.3393,20836.9925,20836.9925,1623858920
M12,802,21078.2468,21278.3091,21072.5133,21163.649,21163.649,1477894646
M12,803,20939.2986,21152.7527,20939.2986,21143.2838,21143.2838,1305541282
M12,804,21193.4723,21306.266,21084.2123,21293.3831,21293.3831,1334802023
M12,805,21317.9003,21317.9003,21195.9944,21226.8517,21226.8517,1421792478
M12,806,21255.7159,21399.5069,21227.6518,21378.6517,21378.6517,1350682128
M12,807,21360.9288,21555.2969,21298.0619,21318.205,21318.205,1470208087
M12,808,21321.3345,21321.3345,21092.0901,21171.8385,21171.8385,2816258512
M12,809,21211.9618,21347.64,21153.8657,21296.1405,21296.1405,1358168017
M12,810,21254.0946,21294.5785,21036.1537,21079.6294,21079.6294,1567303752
M12,811,21149.0717,21355.6114,21114.7271,21115.9712,21115.9712,1444410408
M12,812,21146.707,21359.7501,20966.6642,21324.9648,21324.9648,1578314679
M12,813,21195.0458,21465.9793,21195.0458,21449.1501,21449.1501,1324860063
M12,814,21543.2088,21654.8389,21424.4345,21597.784,21597.784,1293982985
M12,815,21436.5348,21464.3923,21346.6179,21397.1157,21397.1157,1077505713
M12,816,21562.0172,21599.6058,21473.8128,21474.4512,21474.4512,1616411224
M12,817,21411.5883,21484.5226,21366.7458,21475.4792,21475.4792,1133751582
M12,818,21566.711,21823.5003,21566.711,21764.5838,21764.5838,1250872720
M12,819,21804.6066,21833.7464,21726.7676,21759.1872,21759.1872,1149848368
M12,820,21849.0236,21899.1834,21785.6424,21849.8606,21849.8606,1002055542
M12,821,21772.4944,21796.5048,21689.717,21794.4034,21794.4034,1087332026
M12,822,21845.4286,22030.9239,21845.4286,22024.2324,22024.2324,1264465390
M12,823,21976.4768,21983.7206,21905.2155,21957.1777,21957.1777,1230989242
M12,824,21833.5388,21846.7993,21720.0236,21805.1208,21805.1208,1211778033
M12,825,21723.4392,21879.7733,21723.4392,21763.4042,21763.4042,1232831732
M12,826,21789.0105,21969.7009,21789.0105,21948.5866,21948.5866,1217839893
M12,827,22173.8775,22303.1713,22173.8775,22266.6611,22266.6611,1343757118
M12,828,22315.8089,22315.8089,22184.0514,22247.4233,22247.4233,1146594123
M12,829,21934.7069,21934.7069,21710.9604,21797.5084,21797.5084,1394296300
M12,830,21907.2573,22135.3732,21884.9018,22120.4493,22120.4493,1059351184
M12,831,22259.8553,22270.7479,22003.5903,22068.0058,22068.0058,1240205302
M12,832,21917.5697,22146.4745,21858.4193,22072.508,22072.508,1254327951
M12,833,22289.6233,22358.1802,22222.2786,22248.5981,22248.5981,1028783173
M12,834,22070.8663,22143.6192,22030.7549,22105.2101,22105.2101,1109920884
M12,835,22106.8795,22163.1192,22071.0348,22080.7107,22080.7107,1147358959
M12,836,21776.6982,21925.6493,21705.0694,21908.3778,21908.3778,1484023920
M12,837,21945.7822,21945.7822,21814.2001,21872.2405,21872.2405,1383333185
M12,838,22021.7561,22227.1122,22021.7561,22157.0761,22157.0761,915206930
M12,839,22152.3794,22196.3082,21947.9394,22186.7206,22186.7206,1465992764
M12,840,22185.1814,22293.7637,22104.4461,22228.2684,22228.2684,1009467956
M12,841,22289.0458,22494.837,22249.9607,22486.5334,22486.5334,1214644646
M12,842,22394.9578,22545.941,22321.1498,22524.1609,22524.1609,1153407598
M12,843,22480.012,22677.9516,22451.7714,22452.5792,22452.5792,1359952193
M12,844,22330.1179,22330.1179,22008.834,22134.0404,22134.0404,1455003343
M12,845,22164.9295,22165.8838,21742.9806,21764.0019,21764.0019,1411865808
M12,846,21723.3613,22083.233,21722.5537,21979.6576,21979.6576,1246967581
M12,847,22081.4552,22342.9186,22081.4552,22296.2784,22296.2784,1160916542
M12,848,22357.6255,22363.187,22228.43,22326.7316,22326.7316,1114837587
M12,849,22347.5659,22385.174,22147.7926,22158.565,22158.565,1076538086
M12,850,21965.9349,21965.9349,21660.5041,21933.7296,21933.7296,1364438196
M12,851,22048.4353,22261.1389,22026.3971,22164.0853,22164.0853,1175919331
M12,852,22152.2848,22342.8736,22152.2848,22208.0712,22208.0712,1097701236
M12,853,22216.2334,22358.0384,22216.2334,22307.1049,22307.1049,973556734
M12,854,22274.2173,22327.7159,22169.0017,22199.0402,22199.0402,998501039
M12,855,22255.5804,22303.0584,22213.5155,22246.9669,22246.9669,949183951
M12,856,22344.8891,22459.3321,22316.8348,22365.767,22365.767,1872985798
M12,857,22433.3181,22480.4518,22408.3845,22414.4601,22414.4601,1078077375
M12,858,22438.3224,22610.3388,22411.5137,22432.5592,22432.5592,1029141743
M12,859,22478.9296,22538.6927,22434.3413,22469.6806,22469.6806,979774231
M12,860,22287.6586,22363.1983,22148.3871,22304.9018,22304.9018,1051776348
M12,861,22408.4122,22507.7261,22408.4122,22497.5439,22497.5439,982130895
M12,862,22385.4856,22420.7132,22262.0606,22297.9422,22297.9422,973067236
M12,863,22602.083,22614.8298,22476.2408,22572.061,22572.061,1040403624
M12,864,22384.1468,22402.5782,22263.3966,22268.4193,22268.4193,894033986
M12,865,22261.0783,22412.8796,22225.4233,22237.6746,22237.6746,1128795628
M12,866,22299.1362,22375.5879,22188.5059,22286.0752,22286.0752,975715512
M12,867,22284.7156,22284.7156,22116.0051,22233.7952,22233.7952,1085626361
M12,868,22379.2162,22394.3607,22250.4328,22315.6035,22315.6035,1028074438
M12,869,22222.6017,22238.6456,21969.0992,22044.6002,22044.6002,1237872120
M12,870,22056.1861,22106.3817,21804.7419,21932.3802,21932.3802,1323166152
M12,871,21749.9195,21749.9195,21523.013,21534.7529,21534.7529,2109150289
M12,872,21593.8645,21980.2219,21593.8645,21960.0483,21960.0483,1225637143
M12,873,21929.1144,22037.9687,21850.4552,21976.3873,21976.3873,1078408287
M12,874,22196.7891,22236.5812,22145.325,22148.2085,22148.2085,897468783
M12,875,21911.4276,22104.5652,21911.4276,22081.191,22081.191,984491458
M12,876,22313.3638,22425.761,22304.7183,22382.094,22382.094,1482329042
M12,877,22351.0926,22365.0811,22194.0014,22257.0661,22257.0661,1081526439
M12,878,22324.8677,22409.9945,22278.0174,22294.5704,22294.5704,1012226996
M12,879,22248.8847,22419.1521,22219.52,22386.2898,22386.2898,1024625858
M12,880,22406.4274,22492.7621,22400.9284,22488.3792,22488.3792,1045354235
M12,881,22521.1033,22637.8017,22502.2935,22614.6723,22614.6723,1198057971
M12,882,22484.5916,22500.1278,22205.5627,22347.0678,22347.0678,1335214977
M12,883,22469.3767,22537.3022,22359.9121,22519.7755,22519.7755,1156154974
M12,884,22503.2028,22503.2028,22227.5701,22407.4576,22407.4576,1144885858
M12,885,22421.6016,22705.4428,22421.6016,22690.1131,22690.1131,1118389882
M12,886,22667.1903,22783.106,22597.828,22770.9262,22770.9262,1094862595
M12,887,22672.96,22711.1124,22619.0855,22626.8021,22626.8021,1158572727
M12,888,22643.5224,22739.7172,22582.5984,22651.5644,22651.5644,1203805811
M12,889,22673.087,22715.6753,22567.9576,22713.4741,22713.4741,1182761306
M12,890,22731.9177,22785.2089,22498.0781,22524.0718,22524.0718,1183818683
M12,891,22396.1769,22396.1769,21885.8883,22028.7666,22028.7666,1723200520
M12,892,22125.1914,22541.8888,22125.1914,22470.3986,22470.3986,1369470355
M12,893,22466.2919,22637.4547,22466.2919,22622.9971,22622.9971,1239266193
M12,894,22577.0224,22628.6655,22494.8565,22592.38,22592.38,992793895
M12,895,22648.4755,22804.5671,22648.4755,22782.619,22782.619,980136754
M12,896,22869.2237,22930.8798,22800.2896,22926.9249,22926.9249,962327952
M12,897,22887.4042,22887.4042,22756.3729,22874.1079,22874.1079,1225317863
M12,898,22823.2087,22827.3832,22671.676,22706.8371,22706.8371,1226176326
M12,899,22686.9291,22807.2383,22686.9291,22750.8301,22750.8301,801476995
M12,900,22694.9276,22755.2337,22602.7998,22644.5037,22644.5037,1052886219
M12,901,22667.2737,22812.1835,22563.3257,22582.747,22582.747,873188955
M12,902,22728.1772,22895.6131,22630.5387,22892.6515,22892.6515,926239272
M12,903,22882.3152,22882.3152,22714.6384,22715.9774,22715.9774,941359422
M12,904,22469.3241,22631.9146,22469.3241,22629.7919,22629.7919,767193164
M12,905,22931.9944,23042.706,22931.9944,23017.6821,23017.6821,876703355
M12,906,22965.8276,22965.8276,22842.9899,22882.503,22882.503,792228829
M12,907,22692.4002,22789.2716,22664.4591,22776.039,22776.039,1029614656
M12,908,22838.9624,22968.5327,22838.9624,22958.0572,22958.0572,823509779
M12,909,23017.6841,23036.3854,22933.7338,23029.3027,23029.3027,807655833
M12,910,22994.3559,23032.524,22944.6972,22970.9553,22970.9553,858017101
M12,911,23045.1044,23136.2458,22876.9569,23132.4843,23132.4843,969911044
M12,912,23145.2989,23145.2989,22897.7401,23043.1138,23043.1138,1088707100
M12,913,22784.1601,22814.2301,22547.4868,22558.6376,22558.6376,1097599030
M12,914,22625.2488,22705.1348,22505.6034,22637.8666,22637.8666,1148326492
M12,915,22723.4032,22892.1472,22690.2854,22854.9341,22854.9341,1025641378
M12,916,22927.3516,23102.0677,22927.3516,23041.2955,23041.2955,861256261
M12,917,23003.4811,23044.2769,22986.2271,22992.7818,22992.7818,883401265
M12,918,23021.3933,23094.4939,22955.5985,23032.277,23032.277,824416318
M12,919,23053.2615,23084.9768,22894.2101,22899.4253,22899.4253,945435540
M12,920,22712.7211,22872.6466,22712.7211,22857.5748,22857.5748,851281564
M12,921,23129.8451,23155.2169,23066.3734,23082.922,23082.922,858646626
M12,922,22964.2036,23002.1038,22898.3312,22944.3169,22944.3169,1286207440
M12,923,22948.4194,22961.2727,22883.2463,22899.7701,22899.7701,880578459
M12,924,22969.6388,23049.1256,22966.6643,23028.6086,23028.6086,993821782
M12,925,23017.2071,23030.848,22931.1685,22995.985,22995.985,861376644
M12,926,22995.7138,22995.7138,22792.6654,22818.0849,22818.0849,1097999049
M12,927,22816.8137,22873.8431,22711.5718,22780.1514,22780.1514,1013888153
M12,928,22623.8043,22744.5138,22516.6868,22537.4142,22537.4142,877269666
M12,929,22673.0675,22773.4011,22446.0225,22451.2833,22451.2833,1269661702
M12,930,22443.02,22620.1542,22443.02,22575.1764,22575.1764,1183700990
M12,931,22540.0259,22593.9182,22283.9355,22327.3727,22327.3727,1216902445
M12,932,22412.8866,22607.2086,22374.7003,22564.1866,22564.1866,1213029866
M12,933,22626.4504,22713.0824,22450.8481,22588.1338,22588.1338,1011161139
M12,934,22660.9379,22688.3363,22518.5772,22561.1425,22561.1425,2112548647
M12,935,22358.7164,22358.7164,21809.3548,22041.2732,22041.2732,1771435183
M12,936,22016.8128,22203.3422,21944.6069,21948.373,21948.373,1080901438
M12,937,22138.4783,22420.7199,22138.4783,22302.1718,22302.1718,1118460406
M12,938,22363.9229,22744.3987,22363.9229,22669.435,22669.435,1174866130
M12,939,22604.0894,22665.7003,22529.8113,22627.2976,22627.2976,936513058
M12,940,22581.8045,22791.0199,22581.8045,22666.3753,22666.3753,1121563260
M12,941,22520.2595,22552.9966,22200.7094,22230.0945,22230.0945,1335086581
M12,942,22287.4762,22430.401,22252.3734,22307.3511,22307.3511,1139001017
M12,943,22383.3961,22441.4461,21971.2498,21978.1344,21978.1344,1372620145
M12,944,22048.0951,22411.8905,21953.7703,22305.2602,22305.2602,1552958579
M12,945,22241.7498,22304.833,21923.2342,22040.7816,22040.7816,1418710417
M12,946,22208.5037,22505.8542,22208.5037,22390.8307,22390.8307,1125788959
M12,947,22137.7852,22289.0768,21914.9315,22278.9194,22278.9194,1258803488
M12,948,22431.7908,22734.3544,22431.7908,22591.1889,22591.1889,995467602
M12,949,22623.461,22678.82,22561.2219,22616.0927,22616.0927,939972156
M12,950,22548.9285,22696.703,22394.8454,22401.0449,22401.0449,971025241
M12,951,22444.2511,22511.9535,22321.8369,22360.471,22360.471,1253788420
M12,952,22459.1713,22509.5598,22290.8491,22462.5022,22462.5022,1245694713
M12,953,22663.0551,22979.2879,22663.0551,22971.8728,22971.8728,1286588317
M12,954,22764.2318,22957.4931,22764.2318,22940.4594,22940.4594,1118985861
M12,955,22947.2158,23016.6358,22826.6336,22971.7064,22971.7064,1270160194
M12,956,23036.4199,23125.9617,23013.4326,23122.4591,23122.4591,1039041062
M12,957,23217.5607,23344.8763,23211.3764,23305.3778,23305.3778,1034905793
M12,958,23189.9916,23250.0808,23139.2058,23244.0214,23244.0214,1104849380
M12,959,23148.203,23250.4625,23100.2462,23193.2547,23193.2547,1389326379
M12,960,23170.5658,23231.859,23129.5058,23202.0682,23202.0682,1015475222
M12,961,23314.6737,23381.0336,23277.986,23292.4137,23292.4137,1164451615
M12,962,23497.7029,23497.7029,23271.4825,23271.6541,23271.6541,1296032456
M12,963,23406.2574,23535.8742,23406.2574,23528.1241,23528.1241,1268964440
M12,964,23342.3379,23434.0084,23290.6482,23412.4568,23412.4568,1470147322
M12,965,23399.6908,23514.679,23376.3917,23452.0565,23452.0565,1153103598
M12,966,23513.7487,23614.3201,23480.3901,23590.6463,23590.6463,1150964193
M12,967,23449.6591,23527.3206,23340.8233,23513.7072,23513.7072,950264740
M12,968,23481.4169,23520.807,23402.7408,23492.3224,23492.3224,1140820654
M12,969,23738.7449,23880.122,23687.3316,23777.4922,23777.4922,1301450928
M12,970,23716.9405,23814.1552,23663.5109,23727.2031,23727.2031,1097196769
M12,971,23622.5104,23630.5885,23472.3178,23567.6463,23567.6463,947295887
M12,972,23715.726,23746.6677,23526.4209,23572.4431,23572.4431,1052003530
M12,973,23460.4326,23505.6043,23380.0293,23383.9097,23383.9097,1085609023
M12,974,23415.1469,23534.8456,23396.141,23504.0365,23504.0365,1100219554
M12,975,23552.6537,23622.5657,23489.3881,23525.6785,23525.6785,998761580
M12,976,23426.2642,23582.3885,23426.2642,23469.147,23469.147,1102351712
M12,977,23542.9673,23542.9673,23380.0541,23394.0982,23394.0982,1230225445
M12,978,23508.6099,23541.964,23346.6761,23488.4798,23488.4798,1518076493
M12,979,23406.7918,23406.7918,23195.6042,23226.0113,23226.0113,1564047152
M12,980,23181.5732,23375.6128,23171.2552,23173.6619,23173.6619,1553163883
M12,981,23222.588,23367.0597,23172.3544,23348.9883,23348.9883,1460091053
M12,982,23223.4765,23270.9989,23118.7163,23257.2996,23257.2996,1049490231
M12,983,22966.9287,22966.9287,22566.3235,22663.4333,22663.4333,1108835073
M12,984,22845.4994,23021.777,22766.0241,22922.6328,22922.6328,1524941436
M12,985,22640.7709,22640.7709,22232.2547,22270.5376,22270.5376,2528127500
M12,986,22514.0489,22725.4974,22077.8026,22087.5788,22087.5788,1787407611
M12,987,22206.9894,22652.35,22206.9894,22574.2395,22574.2395,1773787990
M12,988,22561.1429,22631.7195,22282.672,22487.8506,22487.8506,1638295260
M12,989,22576.7447,23048.2607,22576.7447,22963.7,22963.7,1492746391
M12,990,23079.9903,23337.6599,23079.9903,23272.4809,23272.4809,1755342932
M12,991,23107.1697,23187.1772,23033.2855,23131.6882,23131.6882,1448891941
M12,992,23308.8938,23401.5339,23214.2018,23330.0542,23330.0542,1189395940
M12,993,23336.0249,23435.1123,23257.7914,23427.4902,23427.4902,1291500033
M12,994,23313.3869,23313.3869,23086.8601,23113.7128,23113.7128,1569038315
M12,995,23126.4253,23239.2708,23019.9101,23086.4472,23086.4472,1484669768
M12,996,23132.865,23389.5685,23028.7159,23378.89,23378.89,1628380514
M12,997,23248.9819,23348.0434,23082.4866,23159.5372,23159.5372,1756501254
M12,998,23261.045,23261.045,22925.8741,22978.6204,22978.6204,2410583061
M12,999,22968.8228,22968.8228,22605.8426,22779.7354,22779.7354,1421583068
M12,1000,22742.251,23027.2375,22742.251,23016.6919,23016.6919,1328260511
M12,1001,23157.0659,23335.1631,23118.8432,23328.1287,23328.1287,1043799663
M12,1002,23210.8216,23391.518,23210.8216,23319.8861,23319.8861,932975073
M12,1003,23338.1451,23566.7128,23338.1451,23563.9668,23563.9668,903364805
M12,1004,23614.7481,23760.6358,23614.7481,23676.6895,23676.6895,811309095
M12,1005,23603.7894,23701.2672,23587.6204,23647.5272,23647.5272,822381004
M12,1006,23882.7128,23985.3524,23784.3952,23801.3639,23801.3639,774152956
M12,1007,23406.088,23469.83,23353.4149,23375.4998,23375.4998,799457903
